person_id,wiki_id,name
i-14317JnQPTgWq1zhQNz5cf,Q17382097,Mikko Latva
i-14fxkLqzdcadwNTzSJwBCv,Q105086426,Pekka Hakulinen
i-1764P2Vnu3yRnSonnYBdyo,Q2782990,Alfred Hackman
i-17htpZDs17EUXFq4uXyrgb,Q105432284,Brynolf Roiha
i-17rHdCAokyZJRHvnBtWfiy,Q105454506,Matti Kulkas
i-182iQaw41tqTySDbhb38Sp,Q105037587,Juho Brusila
i-1YXQKL3Er4LUeCEH813T9,,Frans Arvid Snellman
i-232oBiwo9Msdu9iGgYgsy7,Q105771891,Karl Henrik Råbergh
i-24MJDgsqqgCgQM9j64vDZY,Q17382406,Johan Abraham Maunu
i-254g857EoqyeksFi9ULpYn,Q105629945,Tuomas Poikela
i-25WDyXxu97AE9nCuf58dk9,Q107283215,Carl Gustaf Munck
i-26xiTcnRwiSfZaD1uCoG3H,Q106323601,Martti Levonen
i-29jAvqcdVSDmnMHm7GL7zd,Q101184315,Josua Johansson
i-2CJtkh9e4uShfgLaoscF6f,Q101034227,August Johan Frosterus
i-2ELCNXniPoUbrhGohCTZVH,Q17380288,Waldemar von Frenckell
i-2F6oVsrG3mDJDsy2mxCob7,,Ludvig Alexander Wennerström
i-2FYsCmQMwS68T3RySi3Mpc,,Alexander von Collan nuorempi
i-2GsZ4BooHWCQvrdPTMX1GL,Q102322805,Karl Viktor Hjalmar af Forselles
i-2GtDchQB42K4xYbTq87cVq,Q20252786,Hugo Rosenlew
i-2HrSoCSC4HZ2SVh4Nh66Kx,,Adolf Fredrik Sirén
i-2J1cFCU1ntRSDLK69LyixZ,Q105350990,Vihtori Hosio
i-2Ji5aehRfDbxVmrRpEzJLv,Q107978489,Edvard Waldemar von Christierson
i-2JpLXsMwopWLZqb1nASqEs,Q106319506,Atle Genetz
i-2Lagjiv4piKgWYsSBqwUKU,,C. W. Åkerlund
i-2Lagjiv4piKgWYsSBqwUKU,,C. W.  Åkerlund
i-2M9Q96JhxJvPjW2FZPFTCY,Q11851328,Anders Svedberg
i-2N84i2GCAKRZCDmnxUA3sR,Q104549857,Berndt Fredrik Finckenberg
i-2Ng5Yiz94qvSG22vZM58eP,Q106323713,Magnus Björklund
i-2Nv6cX45TaPfoUjwp4kCNm,Q105620588,Enok Nohteri
i-2PANodj2adQVJutav5GHPK,,Daniel Woldemar Åkerman
i-2PT41UyWuKo4xm1qXeaPnb,Q5040254,Carl Gustaf Wolff
i-2QuMhjdBvRwN4UjQH2UEkH,Q11853728,Axel Wilhelm Wahren
i-2Ss1PMTbudt7KdQFdTRFcG,Q106811973,Pehr Adolf Alf af Forselles
i-2TJ9oUcw4dzh1P1QpjGfP7,Q17381619,Johan Erik Keto
i-2TXUUfxhbM1mKyn8oqUGzY,,Oscar von Konow
i-2TmKiLYSqwWZHXSS1TZEeE,Q106766138,Herman Adlercreutz
i-2VUbjQp4iwPVbhLEqfvijy,Q11870138,Karl Julian Karlsson
i-2VhaeA75HNF4Pr6FXDXgtW,Q100851697,Otto Johan Blåfield
i-2W4vYEoJYZJJk2NotrpeYd,Q11865418,Johan Julius Frithiof Perander
i-2WTpAbUHcxdqr6EZLuThwv,Q104622533,Henrik Riihimäki
i-2WWyV6tYwf1MCC9zgsfC2t,Q105636276,Gabriel Paunonen
i-2X7N1Zp3Fhx6CZv8Ja21nK,,Torsten Thure Renvall
i-2XhKnDrvwR1osJ5ryzubot,Q17383887,Gustaf Johan Silfversvan
i-2Y28YhcXXa6iFvLQQcnSZa,Q105662969,Esaias Tykki
i-2Y7nE87KujbGcxBqipXQGn,Q91615383,Gustaf Manninen
i-2ZVFdKNgodWAvp9mUf7Ku6,Q106811961,Carl Anton Reinhold Ludvig Cronstedt
i-2a1jEQVQLMgg8WcCkNCz31,Q6163504,August Ramsay
i-2aAsQDaQzvviNLiHAqhh6S,Q104143745,Nils Jakob Juselius
i-2ajE7JaFMbUYwaiy96tsv9,Q106766184,Hugo Edvard af Enehjelm
i-2dGWMbZNs6GoVNG5okZE2D,Q102322770,Gustaf Fritiof Utter
i-2dJVDxi9P9zCeZYiTSy5zw,Q63275048,Arthur William Forsman
i-2fdqTSk49fKzFFFCPWD78H,Q106323606,Carl Filip Lindfors
i-2g556HzWNUiGYftBbkrC5Z,Q106773917,Carl Axel Birger af Forselles
i-2hD21qWp9K67tPki4xh6zX,Q3375523,R. A. Wrede
i-2hVtHyiXzrjWbhZkz9yYBn,,Axel Robert von Bonsdorff
i-2iqk4FNw5j22mweLdquaqQ,Q15977177,Karl Henrik Hornborg
i-2j5uWs1Zs2SyeviLwx93NE,Q105752133,Sipro Ryösä
i-2kQwUtoHSwnYeLTXmLck8r,Q17382829,Hjalmar Gabriel Brander
i-2ktSPbgkPX87zvzbvSM2yv,Q104622018,Pietari Hoffrén
i-2ovyX7AoGzjWAqK7ZaGgd4,Q105751963,Gustaf Adolf Silén
i-2pD791VLsqhv5WJ2JcdDCs,,Karl Emil Stenbäck
i-2ubgZazdN7Hm8TmvgsEs2q,Q96033241,Johan Sundwall
i-2v1sP1pTkv6wpgJSg3UXcQ,Q63093240,Jakob Krank
i-2w9giVamyJ2nS6azpnMhFi,,Jaakko Häkli
i-2watXZpWpYKRSDFLMhu5JW,Q105663122,Adolf Fredrik Simolin
i-2wsSQtqSdS2J6cPYxSWnfE,Q17381721,Mikko Knuutila
i-2wujEHH64hvykeQfmZCyz8,Q11893228,Severus Konkola nuorempi
i-2wujEHH64hvykeQfmZCyz8,Q11893228,Severus Konkola
i-2xD73P53y2xgGBX4mgMEoj,,Henrik Carl Gustaf August Standertskjöld
i-2xbFzmJWLtL3VujRuxuuH6,Q100258348,Herman Snellman
i-2zbE3PvdvoGkzS28dDgVHx,Q107086199,Oscar Alexander von Nandelstadh
i-2znFq4zFPRn3Y3XsTtU4CK,Q106240921,Johan Strömberg
i-2znNEpx3EbGDV1yemS6Ho9,,Kaarle Ojanen
i-314YX7oeCU1LCaEEZaEhSZ,Q107069595,Georg Viktor Berndt von Haartman
i-32w487iUhzdyQvB8GvE88D,Q11853708,Axel Fredrik Tigerstedt
i-33ykiPLUFubmKhcMAMuGRr,Q102046761,Axel Ålenius
i-34Prj111JniZxW4PsiFt7f,Q104622014,Henrik Waris
i-34gigkRr2uXshwGmQ4qktb,Q5908691,Alfred Kihlman
i-34mfTvfVt9Bdb5T1DmaSyQ,Q107860656,Georg Kasimir Ladau
i-39HLCE9yBTZGgTmRXc8MV4,Q5990895,Clas Herman Molander
i-3AAUZNqftJnZPhMYWGsWAy,Q105946629,Stefan Träskelin
i-3AtCF9sv6EHtjCstTrjHpC,Q5392428,Victor von Haartman
i-3D2uY3oEe1uqnw7DGCGVHP,Q4241669,Carl Olof Cronstedt
i-3D2uY3oEe1uqnw7DGCGVHP,Q4241669,C. Cronstedt
i-3DCQUuckGm7CmAsdTRYLPZ,Q101332821,Frans Oskar Möller
i-3FVZgVd1FfWRDxHRadp7JQ,Q6030815,Carl Gustaf Ottelin
i-3HAnjNFH5KjSBTNKDd3TXb,Q103839739,Johan August Ferdinand Kuhlefelt
i-3JveTGquCFAK9y99eTAdvd,Q108122302,Ernst Johan von Willebrand
i-3KmZ2JW55We9zqnwrRNCgP,Q104815701,Peter Snellman
i-3Lihrx5B9cVVqhbadcPAMV,,Johan Viktor Segerstråle
i-3LrbQCv9wyK5t5xguHtg9N,Q104550046,Lars Olof Prytz
i-3NzetkZgoRr8VV7zjFi3ik,Q5603759,Simon Wilhelm Carpelan
i-3PE5fKCuiGvgujS7hty5ea,Q11858125,Eric von Rettig
i-3Pm2N36ePLqUGq4sbqCd2e,Q85998270,Kosti Vehanen
i-3QeX62WfBWmSXZfEa2V8Qq,Q104627343,Tuomas Tuomala
i-3QoJE2nk2uzndLypf2qBy4,Q11866741,John Hedberg
i-3Qx3Kq78Mhk3SQZyWMmLQk,Q105620602,Tuomas Poutiainen
i-3RMpW3iFEvgpKbFP34kXg8,,Werner Söderhjelm
i-3SZWVADXp26LoEUsfMXtuW,Q105751901,Eerik Tensikkala
i-3UZR8F4MDTpxope8ME8oS9,Q17384194,Werner Tawaststjerna
i-3XKSNQXdti9jfHeuCR5iY4,Q106766187,Carl Georg Estlander
i-3Yk43jdTxsejGwRJvyRtn9,,Gustaf Petterson
i-3Zr6LeVrErF9UF7ecwsP1e,Q104815711,Johan Alarik Roos
i-3ar8iPZ5CiM9KjHkxDUWKL,,Ernst Jakob Waldemar Bonsdorff
i-3azMqGSRVZPNhg24uDkjHa,,Otto Samuel Wendelin
i-3bvDg4jwac8mVz3EUo9zy2,Q105629965,Juhana Pohjalainen
i-3c3mMnWvqzrTpJhtECSCRN,Q4357663,Erik Berg
i-3dVVhxTjBDNPtjwMKrwZ4S,Q17382895,Erkki Peltonen
i-3hQah5EqNFdwtunyrvFwuo,Q19703284,Johan Arvid Hjorth
i-3jixTK21y3YVWx7rDjktd1,Q104550059,Joakim Fredrik Lindtman
i-3mroD8PP6BXregJQa4iQrM,Q60484738,Kasper Hjalmar Wrede
i-3nP1SqRS5aPNvyXZiEeovy,Q105454655,Matti Koponen
i-3nP8YuTqeTAw5agRhk1szM,Q5711432,Waldemar Eneberg
i-3ocbkCaKGJxUE9PNm413LR,Q30216290,Johan Solitander
i-3p1Nxw6gWRoVv2rt88vYC5,Q104622008,Henrik Pussila
i-3pBxWmein6Pp5EyVZ5sWeC,Q96781741,Johan Fredrik Barck
i-3qQ2rqBSKFC1Nnf3bj8fKb,Q106239241,Johan Josef Stenbäck
i-3ruKQDiwNgNwV4WyQ1b7yv,Q5485561,Fredrik Hertzberg
i-3so22gdMat8n2MaFav5XhX,Q106239269,Ferdinand Lojander
i-3unhb9g6v2qnZzyU7Qh1Vh,Q104550289,Gustaf af Stenhoff
i-3v2ZSphddKdKS1nPB6bQgG,Q27588825,Gustaf Adolf von Rehausen
i-3v3gbSH7mHSvBT2N9qxHtX,Q11860382,Georg von Winther
i-3vKiENeoA3CspmdF15oiTu,,Elias Öhman
i-3wbkcRH6vFcWFCrAj2yuYD,Q105702519,Lauri Määttä
i-3yL9ZeppZFT8EE4mKY6xtA,,Carl Johan Jägerhorn
i-3yRuVkrxYuHdk4Pt3aDdNL,Q105771901,Johan Mannstén
i-41d4zMw4hn2GPrzvCT2NuU,Q17383149,Wolter Ramsay
i-42bbqgxbvyzVXTAmjYWYGz,Q105751977,Gustaf Wilhelm Sandell
i-43CbwtzFU9fvE1ZC4NayXe,Q100988071,Karl Konstantin Fieandt
i-44XqmFJXMAvDCvwFoaKM3f,Q2253590,A. A. Granfelt
i-466ra1n3Tbh4r8eTuNGkPY,Q108003408,Fredrik Nikolai Onni Theodor von Zansen
i-474HvpA1ND4LbhnYkvxiwU,Q5220195,Hjalmar Lagerborg
i-48AqtYkQm7rn9USzASaSM8,Q104048299,Ernst Emil Vilhelm Wärnhjelm
i-48YM2b9BJr2htyWEZfcwUL,Q106906810,Carl Otto Alexander Munck
i-48bPgpGt4oMSMDPZWM69y8,Q105636273,Kustaa Pellonpää
i-49NneHoz93DCgq2dzhP6Gn,Q106224054,Gustaf Mauritz Helsingius
i-49ShqpNVqE9Mj1PyubtqSe,Q3515784,Emil Holmberg
i-49wxrLYQpVUaP1HQGn1g3p,Q2152676,Alexander Gadolin
i-4A9CR2nc4bk6QWfvH7vEuH,Q104549902,Henrik Gustaf von Knorring
i-4AGuGd38hf4KespK8MYj27,Q107006384,James Mauritz Tigerstedt
i-4BwLroNj7rxcFTDmwY5kn2,Q106323607,Juho Heikki Lauste
i-4BxrPp26pf8Z96Nxn6quS4,,Yrjö Sakari Yrjö-Koskinen
i-4CppSWoBCwEztjhtLaZxaR,Q106323487,David Knuutinen
i-4EJpVLBVq7qJcHfe9xgeMh,,Jakob Näs
i-4EfZwZYPcDqVAtpcDCJzjM,Q105432376,Antti Juhana Horttanainen
i-4EsxkwwngyfaYkKgEVEGwM,Q17380724,Harald Wilhelm von Hellens
i-4GaPQPN9o2DtPJqk8V2RRe,Q76238419,Emil Lindsay von Julin
i-4GpKxxaDYPL8zTYnJ5qrTa,Q17384817,Kaarlo Warvikko
i-4HmWYC5LwiRyMifTd63fj7,,Axel Gustaf Leonard Järnefelt
i-4JLjd6bDZEbBMJYBuR7DMV,,Juho Aapraham Mennander
i-4JaESVZ7PJrEMEm1tSderF,Q105620551,Leander Olofsson
i-4LUY2WFbrHNXdXqurbMDvB,Q105037566,Anders Blomqvist
i-4QDeS1k11PYNpY3RaZBkBL,,Viktor Rydman
i-4QdpXawiN5ExRxSEBRW6BN,,Aron Gustaf Borg
i-4RJVSLcF3nMJU7eedc7PSH,Q6175881,Carl Silfverhjelm
i-4SBRhbBz611dxdnMCTF7zj,Q105337210,Eeli Juntunen
i-4SWFcm9V5VnDnxkzpCaPXy,Q107258245,Georg Emil Lindsay von Julin
i-4SZHDeG2hZDajPY4oRm8bV,Q11856603,Edvard Furuhjelm
i-4TRQBc1LrNtRR6LsG2cKFz,Q106319489,Erik Wilhelm Savón
i-4VDyKAbfGyk5dYP2hRbCWd,Q106342386,Konstantin Lojander
i-4VKJZeErGTDM8EF8mkdp7N,,Kaarle Wärri
i-4X7F9gkd9knr8n7ZKuTEt9,Q127688,J. V. Snellman
i-4Z2hKQhRddVgP2niaVrbm3,Q101332452,Karl Johan Lund
i-4aGZ3L3M9xF4shrVymXs23,Q17165851,Johan Axel Cedercreutz
i-4aPM48yGQ361iaSozbN2rM,Q7781631,Theodor Wegelius
i-4bSe4pEDuXKFRxkZehKLfn,,Kaarlo Värri
i-4c3gEuiKHjvByF6d2r7pSQ,Q56856392,Michael Hisinger
i-4c9Asm14jsJHGA4VeKgxVc,Q5559267,Carl Alexander Armfelt
i-4dMDRGTmPntuwcs7LN9WhR,Q11860798,Gustaf Johannes Winter
i-4daXyaPb4SkVP2g2ReEmWL,Q107323179,Gustaf Emil Alfons Spåre
i-4ewLb4CJJQuJNK5m3jCQ5a,,Henrik Heikel
i-4hJfZcdKGCaVEoCZoUaDQz,Q104602790,Jacob Holmstén
i-4jWtzjmGyp5knhYQSbBe7D,Q17380688,Niilo Helander
i-4kXkdxF3rVbxcCs8VoMdhA,Q106323478,Kustaa Vilhelm Karhu
i-4pEgB7XfvwUQWFMZb17EBR,,Kaarlo Pyydysmäki
i-4pNngQyqmP5Kg5wWKeSy3V,Q105943514,Carl Gustaf Bergh
i-4prFPBEjPh1Dck1Z3hBCHK,Q106319509,Konrad Dahlström
i-4qgpm6mYvkV4M6nEVsNkfh,Q42904200,Arthur Spåre
i-4quLjNLFHWHxz6QFw9C8bN,Q104551851,Axel Herman Hästesko af Målagård
i-4rABVLy3b8KBGeF9J7yYrp,,Kaarle Ojanen
i-4roc5uHbzAkspAR4dugTxs,Q106239274,Walter Hoving
i-4tBRiwxoFnwzLd3TCQ26cB,Q17383064,Lauri Pelkonen
i-4uYMuK2CS64Vd4VXcM41TY,Q11868577,K. G. Göös
i-4vvviq517v7pCxu8qKbktJ,Q17380646,Mikko Heikura
i-4w4SCjpMTsS82yHL1Xu8jJ,Q107405251,Armas Gideon Järnefelt
i-4wkWiyCXSJJ4U9FizZzLhw,Q104721219,Frans Viktor Sandelin
i-4yJxJNJJ1BwQYoDiqLucKJ,Q5992268,Robert Montgomery
i-4yVsDwH7PWREgHakxAnZUW,Q17380142,Rudolf Bernhard Elving
i-51zRZGqytYdTUQd2T7oRuC,Q209439,P. E. Svinhufvud
i-52AMUE3Zsum7wtpfzxbgfs,,Lauri Yrjö-Koskinen
i-52UApv4BWXTp4mFaodcLRw,Q104549865,Johan Anders Gyldenär
i-54BETv5DN8FvfS7nZGfZiw,Q203799,Otto Stenroth
i-54SfkVromhfR9VDTNCqXJe,Q4332512,Christian Theodor Oker-Blom
i-54pd7JegkLi7AJ9o4YTfQ2,Q104631447,Simo Uotila
i-54r13ERSDzuTFF59pPjUaH,Q106239210,Alfred Hedman
i-567gVPjPfpWGN2AoJtRfBW,Q16168683,Axel Cederberg
i-56qQA3iqYwQYgNMQ9bKbLo,,Karl Langenskiöld
i-57ViD4iqKfXa8LCTZAUoCd,Q102172709,Johan Frans Sahlberg
i-58p2yq1prpUmoBHrSj7Haf,Q100997944,Karl Oskar Fontell
i-59ANsridheA6559gfvqb6H,,Herman Hellén
i-59t1pDS3froDd22WYonNXi,Q20736666,Frans Ivar Edelheim
i-5Bat5uesTmUGyXukdGyWYK,,Albin Lönnbeck
i-5C3y3vPwK2g3nTViCkVpL4,,Emil Nestor Setälä
i-5CEB5WKnuEP1HVhoKubDG8,,Herman Standertskjöld-Nordenstam
i-5CfC1LDFZWPPXweSotWY4z,Q97577422,Johan Teodor Durchman
i-5EWQY4MzankacfQX5u2dhf,Q107012252,August Henrik Uno Wrede
i-5EwiiZJg4fayJqXsvpUwen,Q105470739,Hugo Landgren
i-5EwiiZJg4fayJqXsvpUwen,Q105470739,Hugo Kalima
i-5F8eYxpSorqm3726pUDx7r,Q107968776,Fredrik Wilhelm Hisinger
i-5FwsSwAvDRACpPTMoKfgoq,,Isak Höckert
i-5HQc6CAQGNSATTKMNeimw8,Q104376668,Karl Efraim Lilius
i-5HpoQg2YEKJzerzk9nBsRS,Q11885957,Osvald Wasastjerna
i-5JD6dgJt9dQKHWWoMp7Z8f,Q104815713,Fredrik Nauklér
i-5Jviq3qghZ9LsVGzeKvrnJ,Q400223,Karl Johan Carpelan
i-5Kur5pRwoDYFaCowM5g3qa,Q106936650,Viktor Nikolai Julius Thesleff
i-5MPjVAbwqdX7wpyfj7xs8w,Q107172256,Georg Mauritz von Christierson
i-5PcgiwA1qrtSSB6nygYn7e,Q58073058,Rudolf Erenius
i-5Q2w5YAnQMjbk4mGw6uPBA,Q105702511,Pekka Tiainen
i-5QyT7ZCgVopTZskW7iy7sW,Q17382239,Heikki Lindroos
i-5RucDd1MZYJPEREpx2wcm7,Q107337689,Carl von Schoultz
i-5T6AsSRhL77pTpiwR9N9i7,,Alexander Ferdinand Borenius
i-5TGtkJ2B6PNt9Twh6nvAo7,Q104578164,Axel Reinhold Cedercreutz
i-5TSspidDoU2K2pXp226J2p,Q6005343,Frithiof Neovius
i-5UZXZE7AgBvtFPnfZi5mE1,Q11902414,Wilhelm Snellman
i-5UumNNakiL8LoP3LGakghw,Q106932779,Constantin Runo Georg von Schoultz
i-5WNBVxJAEr72Fm2qc4LFrJ,Q104627607,Elias Hintsa
i-5WuVXuwKbML14xudb51yD9,Q17380292,Alexander Reinhold Frey
i-5X1QYE5wSq1vbEbT9M6276,Q104143752,Johan Fridolf Pipping
i-5ahKMDRNdvdeMdezNrmgyx,Q100799960,Matti E. Niemelä
i-5chqYNa8CF7yt72TUGFTui,,Knut Uno Axel Samuel von Troil
i-5dPrEEkSz1FYJNh3fKxGLP,Q106323662,Johan Henrik Alkunen
i-5eHaLb2EGdmTb7vsazDFDy,Q108082048,Adolf Vilhelm Boije af Gennäs
i-5eNgUi2sAeHaoks6DnibL3,Q5405068,Johan August von Essen
i-5eevwT5GCkMCS1gcqgfZj7,Q104551874,Claes Uggla
i-5g8WJnGMjg684X2dzwMr2J,Q11860045,Fredrik Sundwall
i-5jCKzdcZnraicuizSYLqn8,Q104247447,Karl Jakob Grönberg
i-5jV2htC8TMVgqFv2bZ6tQr,,Tobias Kirveskoski
i-5k9g3BpVLuXcY974wBrJ9i,Q106239253,Wilhelm Panelius
i-5kBUbZcc9W5nSQxVdQJc7R,Q104588847,Olof Cederström
i-5mY11xX6ZMjUz2PaHbNRcE,Q104995705,Niilo Kosonen
i-5mrB9FPRsk5QE1MSMJGM5v,Q100257960,Ivar Markus Tallgren
i-5p5n2oQzBFEtcLoN4697n7,,John Dahlström
i-5r31KKuptPPS63eWzMAseL,,Pehr Östring
i-5sfdpqYSfApKoQTFVJRDdT,Q107860644,Alfred Edgar Wasastjerna
i-5usRxb8stk7Y8Qfk8UTRrM,,Jonas Castrén
i-5wGgfoitFJgsHxGLJqKGy6,Q23040453,Herman Erik Gummerus
i-5wKk1hTdoAVXButE7JRL3D,Q64952323,Karl Efraim Carpelan
i-5wge6QMG7pAdkdDzz7CEBh,Q17382941,Matti Pietinen
i-5x5MsqkbUXuBNqHADgKPVE,Q11885871,Oskari Lagerstedt
i-61Jz1Z6FGtCX4vUxYn1Rwh,Q107201208,Karl August Magnus Henrik Granfelt
i-62zYc11vmzdw6bHmhWj6xv,Q103893624,Adolf Fredrik Josef von Kothen
i-63KqkF6arwqNKP67oDuFkp,Q106240914,Carl Fredrik Tojkander
i-65PsEP61dd8KH7gyeVHWxs,Q11865654,Jakob Henrik Roos
i-65SvLz3peJAS3GfKEa4Jst,,Evert Woldemar Walldén
i-65m2FMYgRq819LH5pjixSR,Q983185,Wilhelm Ramsay
i-669G58xkbnpQCsVJmoyWfs,Q58072856,Julius Immanuel Gummerus
i-66ymQwCreeuuTbu7QJYwGA,Q5923749,Lars Thiodolf Krogius
i-688qkpJ11dghzcz2Rj1Pdy,Q107751309,Edvard Robert Standertskjöld
i-69MYJUh7yg3VUNsWse5CGp,Q105337197,Matti Junnola
i-6C4mGB67MVbR8ENmP4bBSw,Q106967411,Carl Ragnar af Björkesten
i-6CvfviQxrE8gzQpx2tTXw9,Q11854130,Berndt Adolf Carl Gregori Aminoff
i-6D2GsjXreTSdsxx3MhRbND,Q106766158,Karl Wilhelm Bruncrona
i-6DQ2gWnq9MWyAb4m57Z2yL,Q100923107,Gabriel Wilhelm Cadenius
i-6DuVyuC7kS7QorVNngNDKr,Q23761409,Carl Gustaf Bergstedt
i-6FmesMshK9tPHWFPZiuwp4,,Karl Söderholm
i-6FpU4tS1g54mE21oZxEp2a,Q105636267,August Perho
i-6G56mBx8y9Bfr5Rh3Rq66j,,Johan Fredrik Aminoff
i-6G9DjpxbMbfYHpZqppkoPx,Q101063791,Arvid Thorsten Birger Genetz
i-6GNwMk6f9pw7tuuwdRfG1j,Q104084619,Henrik August Wrede
i-6JMZzaoy2STkFfwYc6v1gJ,Q17383987,Albert Stigzelius
i-6Jfe7SU8pTvVo7bFTk3ybs,Q105432166,Heikki Konttinen
i-6JybuhLJX5Qmzhe4hT7PER,Q106239250,Juho Pelkonen
i-6LsjDJLouE7qk6Fkq8dG5i,Q5494968,Theodor Lindh
i-6M2yxGPyaMkNbCjQXWFxZC,Q104627340,Juhana Himanen
i-6QaodWBmrEpquzk5z6vnMq,Q106906807,August Carl Adam Lagermarck
i-6RRNWfsAtFAXWdUseP8L1A,Q100799795,Arnold Melcher Berger
i-6Rx4DzZ1HhADPNH7Dp7Wbj,Q104551801,Bernt Gustaf Eneskjöld
i-6SJ36VSykGCui6DgBkXMAq,Q11854144,Bernhard Fredrik Godenhjelm
i-6TCZkDoXEcR3Vy4Jn85179,Q106323484,Martti Kiuru
i-6VyAJEjFPGqiGUkstGADAg,Q106705868,Frans Gustaf von Winther
i-6a435wsx4cWSjxtKhsztTp,Q2548588,Georg Magnus Sprengtporten
i-6bLoZWCJmwV4MoZ8ZV4ner,,Alfred Norrmén
i-6bp2LCwyEMQVzYLoeWF2Bh,Q104995593,Iisakki Arvo
i-6brmcd3QS7d2LaCGMdAQFt,,Georg Herman August Wärnhjelm
i-6cJ9tYpD4rnGXjRHqAXMfk,Q104550089,Johan Fredrik von Willebrand
i-6cVKRtrRY14WZnaUYWPh2Z,Q58073128,Josef Joakim Simelius
i-6cWDpivCCHx8nsC26q3ZfQ,Q5568264,Frans Josef von Becker
i-6cguaohonQAAXcVFakM5g1,Q104143737,Johan Alfred af Björksten
i-6eNAyWqvwVhwshqVaFpBzh,,Gustaf Viktor Eklund
i-6f9w8zr5djLvQDUEsC1Hgm,Q107172244,Gustaf Eckhard Maximilian af Enehjelm
i-6fQyo3ybLpsQGfLE4vh9wB,Q107797664,Alexis Fredrik Stewen-Steinheil
i-6hEw8csrknSfpmAmqBBvBK,Q105751967,Petter Sihvonen
i-6iTPdkYY4AY8UDvNKyak3d,Q105432338,Jaakko Hirvelä
i-6j68VR9CvfoQrbnp2hkgQP,,Jakob Mölsä
i-6mPTi6W3Yx2xNN2gsPwhPU,Q106323440,Juhana Kinttala
i-6qhz6MNjaSJf4k4yzP7rko,Q106766182,Tom Hjalmar Carpelan
i-6rnaskjzpKMmf1BKqf1dSH,Q78033717,Anton Elving
i-6s9yv9SowA7sBkJvmExQWV,,Theodor Homén
i-6suuzHSQU6bgefM53wxoHs,Q17383294,Juho Riihimäki
i-6uBc5itfkvswdCxwfNnXyC,Q17383673,Uno Saxén
i-6uGv5Py1DwPoEDrATVCYHQ,Q11860046,Fredrik Vilhelm Lagerstedt
i-6uejJqDBJbUVFdJWmQS9Sw,,Frans Arvid Snellman
i-6w8r6hg5F7TLkSZb8KcURb,,Antti Halonen
i-6wcYti4M8dnHXbFDVXC9t9,Q106967426,Alexander Kasimir Ehrnrooth
i-6wx4tZs3L9ZDfftTDUg18n,Q106906821,Lars Knut Prytz
i-73c2jZTBUrw8zLaqiXUvcc,Q108003411,Karl Johan Vilhelm Wadenstjerna
i-73dFa8UGNCPz6EYcxu2835,Q3136761,Lars Teodor von Hellens
i-75hgaLaGFamv4aEJpbukm5,Q104549861,Karl Arvid Krabbe
i-75pSkRZ6BxTGmjSBdZULLB,Q104549968,Salomon Jakob Finckenberg
i-75wZSbCtyaBEnWFzkpyG6b,,Karl Johan Edelsköld
i-761jFp8QFs1K22nsTyPrT4,Q11853353,August Fellman
i-762s2i38qoq51A37VdxZFK,Q101592349,Gustaf Ferdinand Snellman
i-76wvRLqhqAr39bzB2aNLry,,Gustaf Adolf Heman
i-7C59zrm2TZmNPtyGrwq2NH,Q104550039,Kristian Adolf Verner von Rehausen
i-7F4xdWsmn5h2gsuep9xE2v,Q11903167,Zefanias Suutarla
i-7Fgy1eMvbaMXrGoDJTECv5,Q4063673,Georg von Alfthan
i-7FxWCGCiKk7Yh2rkLEFLWs,Q5397177,Karl Fredrik Rotkirch
i-7JJadmn45jdfgAdP5VFGAs,Q105064084,Juho Foudila
i-7K1R7onuVdgtGFopJAhfsE,,Tuomas Heikki Härkönen
i-7KrXmr4tdja7Jebn558nct,Q105337189,Juho Jalkanen
i-7KxQWYRijD5jxcyYeme3uf,Q5784271,Mauritz Hallberg
i-7LoVr293hXMohtVqM8oqWd,Q104551835,Henrik Johan Kuhlefelt
i-7MRs7cG8FJFsYgLLz5KXpv,Q104995689,Pekka Ahokas
i-7Mf1FukvWxDMPMyr22NKEd,Q107860638,Axel Oskar Achates Standertskjöld
i-7PQtvWecq1Ua58ZFrCtdTC,Q65230522,Carl Anton Björnberg
i-7QMm6kT5xukuSszLwj596w,,Oskar Wasastjerna
i-7QPrpvHfP6MLkqYeqHy5Gv,,Johannes Bäck
i-7RZX2rBfyVw8kirWSuwLb2,Q110322284,Gustaf Karl Kullervo von Schoultz
i-7SPzgxv8ewS5Hc1tGVg42M,Q105943504,Ferdinand Lemström
i-7SQ3hodNG3Z6hKJE5kVA7k,Q55229314,Björn Rudolf Wasastjerna
i-7Su6x7tWfCt4Pzqof8GtE8,,Carl Johan Jägerhorn
i-7V9fMve5YNDUZciwzHQxXy,Q11859971,Frans Richard de la Chapelle
i-7WDqJ36fmBcNsdEcPvvoFQ,Q4357064,Heikki Renvall
i-7WN4oA9QrB6HTtmiqA8Wao,Q4491017,Carl von Knorring
i-7Wbnu64RFrVsQS3wmgmxW5,Q105069803,Kustaa Haali
i-7Xx35fG1eDWsJEU7FNDwuj,,Knut Robert Karl Walfrid Spåre
i-7Zm9aeNVo34bpWApDSSkmX,Q106543049,Alexander Aminoff
i-7ayx42GEfCQ4FXf5XqnXHe,Q5799108,Oskar von Hellens
i-7bYbzEpoHYojLQLfN2b2aa,Q105620583,Anton Mäkelä
i-7cbszYFhoGcqA6j9sAaTGK,Q107283213,Berndt Theodor Munck
i-7gtxYc7PAsEZ3WK26gsMQF,Q85986829,Gustaf Vilhelm Arthur Armfelt
i-7jG8J9g1qE4EVZqJqnye6C,,K. E. Palmén
i-7jLpb1DTcomASwUADLnGHQ,Q98116426,Carl Gustaf Sanmark
i-7mVSinwDyPtE8zhFEJep7x,,Arvi Grotenfelt
i-7nQwnFEu5Yk3kSApPefrFA,Q11865396,Ivar Nordlund
i-7okXPeRPnEwup3QASuUY9C,Q105454409,Otto Edvard Könni
i-7opW91xqgWY1nubmyDoMYU,Q11873704,Kustaa Jalkanen
i-7pPnGhosJBATKgUE3yEKM6,Q101807788,Johan Oskar Terho
i-7pvtgkYBj65JtBKz3rwe8c,Q61104466,Ernst Fredrik Tihlman
i-7qwG4w9itd5BWSXBibBhxa,Q11899787,Uuno A. Varis
i-7r2DHZ8fkniPeRQbBRGNbv,Q4119026,Eero Erkko
i-7r77TsZ9KwmhJExgnCC3ao,Q11867648,Juho Wuolijoki
i-7rB9HBMPLd2PwDYtZ2ti9E,Q106323596,Kaarle Langén-Laurila
i-7sNfEShKSv93FkVwjokJFc,Q20252423,Oskar Nix
i-7sU3EJAqpGLKEaXLxNtHt4,Q104550073,Karl Henrik Adlercreutz
i-7suAnQ1yk1z5uZ9tjGZ7cu,Q4129860,Arvid Genetz
i-7tBzcdop95Z1XrJKrUj55e,,Yrjö Halonen
i-7tpmaTpqfQz64F9tV4rJwK,Q107994312,Johannes Eberhard von Schantz
i-7txY9TGxvA9452DMrBpy15,Q101184294,Gustaf Adolf Ingman
i-7uMXAQGFUobfV6rguMPypw,Q106224079,Herman Wahrman
i-7uhhayYnnRhw5eHnoRhghn,Q11857435,Elis Bergroth
i-7vAC7C5Kk5aWg5YhiSZpDB,Q102436273,Fredrik Edgar Leonard Bronikowsky
i-7x5gXVj79xJqm8cJn4jspv,Q61103320,Henrik Eliel Wegelius
i-7xojrwYzrjfB1sGMS95KXK,Q107968781,Carl August Edvard Gripenberg
i-7yK1RckJEeJLB92G95c3Gp,Q5964066,Viktor Löfgren
i-7yLhYQui5h64ArrLmA5HiH,Q104627325,Eric Borgström
i-7zrSCjdsCXYncQRKdZRTxq,Q11870160,Karl Wilhelm Sulin
i-81Zkpqx4nbx5hBdZktoW1S,,Torsten Thure Renvall
i-81mG7n9PvEMxCHFBNzHxss,Q105432236,Elias Lauko
i-82D95bTd5ouR2R7mb688Ah,Q106319490,Erik Johan Savón
i-83D8FaELLM87Hz9Bt9o7ZD,,Georg Herman August Wärnhjelm
i-841LACBsbRyzoAKcfc9o5p,Q5785113,Alexander Gustaf Julius Hallsten
i-88G2sF2D3mAUmxa3DguhUn,Q105337311,Tahvo Jaatinen
i-88mbe5FKDz8YjRfmAVcP1u,Q107283217,Evert Magnus Ridderstad
i-88xomuoxptTm5PMhHSyv7n,Q61103340,Sakari Westerlund
i-893yjQTkC3raezZozvP5nd,Q11859929,Frans Edvard Edelheim
i-89jFrq7FjBEeRhr9LtLkMw,Q103893763,Viktor Laurentius Helander
i-8Aw9hmkGUr4yviJqVZp1KP,Q104145188,Karl Viktor de la Chapelle
i-8CWDYcThFfzGbqmvH1qv7L,Q105432328,Konstantin Saarenpää
i-8E6upeFa6s7X6k7Za6dQbj,,Yrjö Koskinen Yrjö-Koskinen
i-8F6yZ5fv4PsFNEJFKjgVJt,Q105953045,Matti Paajanen
i-8GeeAGsycDjjsoq9W6d6Tc,Q101583718,Karl August Schroderus
i-8HZR2NvisVWTPQB7xrK1DU,,Edvard Jonas Wilhelm af Brunér
i-8JRHeBzG9FhLBAfHWFdMKQ,Q17380300,Johan Carl Emil af Frosterus
i-8KUwA5NWBtL5TRcnFSuPTv,Q11885598,Onni Hallsten
i-8L8ihSMPg33RVce6ZrdeRn,Q104995620,Juho Alastalo
i-8LkpMrYhYHUCw7RiiDKYqY,Q104602800,Samuel Backman
i-8MKgbaiETPMa7snAa5atfp,,Viktor Napoleon Procopé
i-8MTQrw9VruuDfFMpCcRgfk,Q109826718,Johan Olof Reinhold von Törne
i-8MwNLaJBXu8nAdT6Gqr8nk,Q107738934,Johan Henrik von Schrowe
i-8NLUfeFi4f6dm4dhXM28Dc,Q104551840,Adolf Johan Lilliebrunn
i-8NNRe1LusyHkG6BDLBZ7Lw,,Johan Viktor Segerstråle
i-8Nqw1ci2HJgHqGKyao4gz6,Q17384313,Juho Torppa
i-8QS8NxWXnYbGNGay7eWUi3,Q61968815,Karl Oskar Wasastjerna
i-8QYakWUV2VeaBeSr6opb8f,Q5773011,Julius Grotenfelt
i-8R39Rs6JwoiEqL1LjiujJ,,Axel Gustaf Mellin
i-8TL8oDdwcv5Rfdi8UttB5v,Q3450203,Isak Fellman
i-8VQqnGNtyopdxzqJosYc5d,Q107860633,Karl Allan Knut Schulman
i-8WEAdEX6W6PSz4dVAB2q1x,Q2580753,Nils Grotenfelt
i-8WEAdEX6W6PSz4dVAB2q1x,Q2580753,Nils Gustaf Maximilian Grotenfelt
i-8X1nwKUPMKMGEhCaJ33P2G,Q105351030,Juhana Hyytiäinen
i-8XNxnftYHEi8sGEojxrwPD,Q5546475,Kristian von Alfthan
i-8YeEziuDQVwm1GvFzc77Wq,Q105337196,Simo Joutsiniemi
i-8c2MfRHZBR9TdrUpFoRdqL,Q108122292,Johan Fredrik Vilhelm Standertskjöld
i-8ddXP3QtPr69f6uYhVcJDQ,Q104627331,Pietari Wästi
i-8eQY6NvFD14t75dYaVoyx,Q106323494,Juhana Koponen
i-8eiri4PHVg6DyL9rvPpUig,,Axel Wallensköld
i-8f5tRtT5D15j7HTFKPzTBC,Q103841123,Johan August Lindelöf
i-8fozU89a5VmbroNCoe3k21,Q105064093,Olli Fredrik Eronen
i-8gBsTMzJRwtbuFPKfppaoz,,Karl Adolf Nordenskiöld
i-8gwhDmAZHjAqSM8hKie1jm,Q107054983,Carl Gustaf Wilhelm von Christierson
i-8hkRHnwtDoBWMBMtRn1gNb,Q7107462,Ossian Schauman
i-8hwWSt9hLLAoqdEmjNSi6k,Q2484386,Victor Hackman
i-8jPmu3fvHohUUCeSGkkbXB,Q105045042,Georg Edgar Candelin
i-8mJQ5wHCNAfbcEDejmorgK,,Otto Reinhold af Schultén
i-8mvPui7iCgMuPDkVv3FBCd,,Wilhelm Thesleff
i-8n3nuTnzCqgxrCTWwYq1yu,Q20736830,Jakob Viktor Wasastjerna
i-8nkrbX44tFwdeyta5p3M66,Q106309490,Axel Grönlund
i-8nqjfZLHyegX2pFxRfwsvf,Q107968777,Karl Emil Blåfield
i-8pxfJdQC3EtDNSKhcsyFq3,Q105920766,Aadolf Tikkanen
i-8qrRwBURsh8DZrrsYhwTcH,,Alexander Verner Theodor Malin
i-8qrRwBURsh8DZrrsYhwTcH,,Alexander Werner Theodor Malin
i-8qsh7pqC4xy1uzUqXqL4u6,Q105701318,Carl Georg Rosenberg
i-8runLzZr3KN4su8JW8fxK8,Q85987828,Robert Gustaf Ivar Blåfield
i-8s1muuYkJkCuHXpZxcYW4y,Q104150529,Karl Magnus Holm
i-8szEC6gYbh13raoQapiDAe,Q102057607,Klas Erik Järnefelt
i-8tpmjoLjCwAvg1Z16Ymcr,Q6234867,Alexander von Weissenberg
i-8vaPG6C2FYVaveHA3TgTDk,Q61102753,Einar August Kalm
i-8xyPjYBT2s12KBdJzhtwhs,Q106223970,Fredrik Reinhold Ehnberg
i-94rK59UA38i4JL2Sug6o3i,Q104602798,Jakob Elias Granberg
i-95LiWSVCTALqsRCn79kA23,Q5962207,Torsten Leonard Lode
i-95QdUoEJ7M1gg4Cy6d3QMx,Q23698923,Johan Ludvig Snellman
i-95kqLStAkf79wjFbzwvEWA,Q17384963,Henrik Johan Wilhelm Zilliacus
i-96BNtQaSvwr9KuTw3K37Pg,Q105943518,Pontus Ludvig Dahlman
i-96gtHNi3JMykzgJTM4Hx9y,Q107069600,Georg Carl Fridolf Kuhlefelt
i-977pYss6B2QXmArbdaAc9A,Q104007019,Gustaf Johan Järnefelt
i-985PEcYLDmXuyQ4trfxpn,Q105645349,Antti Pullinen
i-98bUS6KbiDMJMtzt7fuK1Z,Q4355133,K. E. F. Ignatius
i-9AK7dPWyjYhWexSMJvpbu8,,Jaakko Päivärinta
i-9BZsYbmWS7yEa4DVTcfyQH,,Juhana Koivisto
i-9BsvhCCbJoxB6QVVgThqkj,Q107968788,Karl Alexander Napoleon Tigerstedt
i-9D2LibJwPUscnAJfeCAzVY,Q100988079,Johan August Florin
i-9DtdC6x5pi2pfrUoXBHv3k,Q17382509,Juho Mynttinen
i-9Dzc4G9y6rKN78zKhtTiwK,Q104551880,Otto Christer Boije af Gennäs
i-9EfV4uzcskNg6eMDJmJWxf,Q101214375,August Artur Jusélius
i-9FZDduUZPKfxMMbkLVwAqa,Q107968778,Karl Anders Herman Boije af Gennäs
i-9Fj91ko5X9A2V9Yf4tWMNm,,Alexander Järnefelt
i-9HnBCGhbFTEXk76zm9ALQU,Q64027481,Carl Adolf Möllerswärd
i-9JWwhn8FEqrGcWpcwD2uFj,Q104550386,Erik Johan Örnhielm
i-9JYQQJa8gS6udXTpcpAtpY,Q792420,Axel Gadolin
i-9LLh6mGQVjVanYHbQEP6bz,,Edvard Bergenheim
i-9MPizvkX1LoAoUhNc7DgND,Q104413208,Berndt Gustaf Mellin
i-9MiqEpsW88NKxRdhD585EG,Q106705870,Rabbe Gustaf Otto Wrede
i-9NPbqrVhnEWt9rc4ue6aY7,Q11858495,Ernst Gustaf von Willebrand
i-9NbuRgUjosumWbUFQEtRjx,,Samuel Werner von Troil
i-9QnzH3tsT5uUVRkYzhnCWS,,Erik Pöysti
i-9T67JZDMoYXjzwrS37CBea,Q106319482,Hjalmar Johan Gabriel Grahn
i-9TQo34sR4SsRuzb8rTTykD,Q105701085,Yrjö Adolf Taskinen
i-9TS8gGDDuE6YKRByELCps3,Q11864420,Iisakki Hoikka
i-9TfojbbARyc5sts1fzmS22,Q103841120,Gabriel Johan Masalin
i-9WxSZn2XaTPYpzCwu6SqF4,Q107797800,Hugo Kasimir Nordenswan
i-9YnqBLMGaHBapiMMXa6o2H,Q100800012,Juho Pitkänen
i-9aDbyMZb3HGMW7gsFNVDFf,Q105432288,Heikki Hassinen
i-9bSw8ogaWR8y3VeYE83s1h,,Juhani Alin
i-9bXKRcbNZcEMCDoY2xG6Cc,Q105337220,Kalle Juvonen
i-9cNGjk8nmAZ5wckaFxZGFJ,,N. R. af Ursin
i-9d9rupBa8UeJDKSfpquqqZ,,Axel Björkenheim
i-9dEtecWrB9KpuBkeP6YcXk,Q6158388,Max Oker-Blom
i-9dg76NYKpBg8v4pLegJS4u,Q56061835,Herman Viktor von Willebrand
i-9eGZuCKQEKyP2g7MzLLqxp,Q102436312,Frans Joakim Torckell
i-9fpoHmFM6CjhEHuaVzbMqT,Q11855015,Carl Robert Mannerheim
i-9h6okN8c4Eaw2Pw3PKzSBY,Q17382981,Wilhelm Pipping
i-9hHPWbbtgznfxec4dGcfyM,Q23698908,Gustaf Rudolf Idman
i-9jb7omAsinf5HbDQnJqHNR,,Karl Langenskiöld
i-9jtVjCnqH9JnweAna4Vvxn,Q106323719,Richard Labbart
i-9ke1vqyxGLfkocb4LBaBab,Q11861838,Heikki Jaatinen
i-9ny5NiSBTsXytTLwVXN882,Q104235956,Karl Vilhelm Spåre
i-9o6BZDKt1PPEyqAU5GBdFF,Q106239323,Frans August Törnroth
i-9oAGbXKxe5dgbbLMbJ63tk,Q4357216,Allan Serlachius
i-9oxDi4BqdVHRsvWRKNPpdt,,Arthur Castrén
i-9pashV7KkwGfYg8WYhns6X,Q105045048,Alfred Filip Danielson
i-9qPvWq1wFGkiUncHLpBr6R,,Juho Siirilä
i-9sKLrfez1BQeoAsquLZ5Zh,,Johan Leonard Borgström
i-9scE8GLLDQjMZAp1w2Xbym,,Arvid Grotenfelt
i-9tbDnbqB7YsA4c84fGjvUA,,Adolf Theodor Rosenbröijer
i-9tguivNUzbLPw7XBnebqv4,,Pietari Wäänänen
i-9thAhg8ZLGWJfcGpsVfS2n,Q106323614,Matti Montonen
i-9vkyMVcmbACmYXjiobcPPP,Q6232877,Adolf Wasenius
i-9vuvSe6iaLrwXwh2hAz1V6,Q106239334,Robert Rissanen
i-9xUHPAc9cf8T1C3qtsfCqM,Q101558683,Viktor Jedidjah Alfred Roos
i-9yCuh5VFC9nkwFCb65mpa1,Q104631384,Henrik Granroth
i-A22VbgnxUPudCU4PsdfXhZ,Q105620413,Kaarle Prusi
i-A2GaSvBy1gWZzs8Xge9ifx,Q106812042,Hugo Oskar Alexander Magnus von Heideman
i-A2fa7zDugMgoGur3miP6wM,Q106239289,Oskar Hedlund
i-A3bUhmmU7zXynBpDrUyQCp,Q101558602,August Michael Schauman
i-A3iNU74qwgCMgUUvCNEK5W,Q17382045,Oskari Laine
i-AB24JHsfZmbjgiaW1jhHpr,Q106989473,Gösta August Sackleen
i-ABDvGmsKHsoRMRCJLhfgDu,Q6232872,Selim Osvald Wasastjerna
i-ABLF8gmTUdDY82WDDDAPc5,Q104551848,Fredrik Adolf Ramsay
i-ABctK3KggnFuTKUoTXHBqy,Q105069785,Carl Gustaf Fredriksson
i-ADfVS7eRk52CEC91t8k4DD,Q107994309,August von Nandelstadh
i-ADo3dxzyboJHdTWQddKbDD,Q104143749,Frans Henrik Bergroth
i-AE2jQwCp42q2H3c7Yw4f16,Q106967415,Axel Waldemar af Björksten
i-AE5UX4C5hvz1dFN1ErAFEX,,Gustaf Adolf Heman
i-AFemGZFFfQwsEoFgxVNfFY,Q102436290,Jakob Cederberg
i-AHE3ySk5hTh2HNnKw9VDUz,Q105454297,Lassi Laitinen
i-AJ842ydXS7vgqvEHKBzHhk,Q5478917,W. A. Lavonius
i-AJPQWcxL1eHvoEv1DVLV5Y,Q106967420,John Waldemar von Bonsdorff
i-AKsnxsoVapWRnsPiZjSj3K,Q104631373,Gustaf Falck
i-AMbv6XaREqcEhBMpVdPC16,,Josef Grönberg
i-AMw8Mgy5XNirhXZx9dDqkZ,Q106919253,Ernst Viktor von Rehausen
i-ANUxojotq7DijYTTSvqBif,,Sebastian Gripenberg
i-ASEDaBg8bCZ47EA2Ncmhc5,Q85986973,Johan Fredrik Gustav Aminoff
i-AVxkEH2ndEP8Y9Rxbhajt3,Q104549905,Daniel Mattens
i-AY3QyG2gGZEVpLWyHUrhbG,Q107069605,Elis Gustaf Ferdinand Kuhlefelt
i-AYi31TTTpecT6X8KWsTfWs,Q105350977,Anders Keto
i-AYiV7HbSDVG5jNgjNsg7Z8,Q107968779,Alfred Oskar von Bonsdorff
i-AYoxgmS8gHJDiYdTBRU1Bm,Q101084746,Axel August Hårdh
i-AZnkerqXAUAGLvKWER21jf,Q11897371,Theodor August Heikel
i-AZxxB54asACcX6sEP5PAsm,Q102968763,Ernst Albert Gustaf Brander
i-AadCTC2BzQJMamTxWgzfdo,Q6080124,Georg Gustaf Alexander Rosenqvist
i-AbBzS623kguAxboqvMi468,Q37140464,Carl Wilhelm Ignatius Sundman
i-AcadzVECTWqSPpXBg9Ceq7,,Adolf Törngren
i-Adw7hSqFhqRTF21aMdhwtq,,Juho Koivisto
i-AeAKY6FRuKvjWSGR8TKYMW,Q106773926,Gabriel Benjamin Cronstedt
i-AeYQdyFLwTn8ciBYDRNroB,Q11850819,Alfred Brynolf Roos
i-Ag2dXchos5RbVTmHNpsiNd,Q106766175,Adolf Constantin Mechelin
i-AgCTsSPCdS4oz5dpEzWJuw,Q106811996,Claes Edvin Godenhjelm
i-AgcEUG25XRCYwbKjGUqhAY,Q109826711,Nikolai Thesleff
i-Ai2Vxnnt6x7heSv8ZxsABW,Q108043660,Fredrik af Forselles
i-Ak7N9dsY58qdazSR8az2qg,,Wilhelm Thesleff
i-Am5M117G1VX7yJjQ9Nirc2,,Robert Lagerborg
i-AoDGaMXUxZPU84yZTfL3Xc,Q104376666,Fredrik Ernst Gottlieb von Zansen
i-AovpAdtzwGCCHia2yCxBFW,Q11861477,Hans Henrik Stjernvall
i-AqNCzZorQgts4d814jQzws,Q106967469,Magnus Mikael von Kothen
i-AqV62fLqiqwcHy4Bm1fTdb,Q21558186,Julius Adalbert Joakim von Minkwitz
i-At8UeWaVLSrVHh5pXGXtHY,Q4520142,Johan Eberhard von Schantz
i-At9a8ncvtGPg92S7PgB8fA,Q11856628,Edvin Bergroth
i-Atxa2Kx8Acoj72bWbshGTU,Q6067133,Thiodolf Rein
i-AtzZDHHkMR8JK9m5A1frvF,Q97191820,Nils Bernt Grotenfelt
i-Au3rrHPYjxqFxpM5yc49pc,,Carl August Standertskjöld
i-AufWqe4gwH5wra4K3X99qW,Q108146071,Fredrik Jonas Klingstedt
i-Aw4gJLPj64MCzSUx8SpjWN,Q20736803,J. G. von Schrowe
i-Ay8y6qphUDYbXoFXQgQvgE,Q28028856,Alexander Gustaf Walle
i-AyjRaKbfynRtsDXw51CRKR,,Karl Fredrik Öller
i-B25euU6eTmVWcf2VC3ZBV6,Q100272554,Knut Anthoni
i-B7K44WE4uTopCniVGbSNrZ,,Alexander von Collan
i-BAA6DXrSNMcvsehisGYrrM,,Kyösti Kallio
i-BAU3baAe7zojX4UuSwFbCY,Q105454393,Oskar Aleksander Laakso
i-BAsdkUAfynNL2Jzg6L3dJP,Q102267270,Göran Erik Axel Silfverhjelm
i-BCmnuEz5aJnzUHzf4jVQdx,Q11860820,Gustaf August Wasastjerna
i-BEFpWcMG6eSPfMjZfo6dq4,Q108056305,Conrad Osvald Hjerta
i-BErd1xbD4tu5tZsqSXAGg3,,Kustavi Eriksson
i-BErjhp3tUnzeux36oFRArJ,Q105337332,Aapeli Häyrinen
i-BFXGLL5T7vstV6eAeM3pFC,Q104622031,Pietari Haaranen
i-BGAeCdEhEejx8yNT2yysq,Q105663079,Matti Teräs-Rautila
i-BGmnCwGAP9Zt7Yd8H5Wx92,,Gabriel Geitlin
i-BJyQJPdthT1RRdTugUdZuZ,,Robert Castrén
i-BKn5P8moHXW7NGJY13Xq5b,Q106766166,Carl Rudolf Christer Schulman
i-BM1QN3ZJ5FqkktH9JwVhGK,Q2668824,Leo Mechelin
i-BMoWT8Xrb6F9Sd1pAiEukD,,Theodor Frithiof Blåfield
i-BQTtemhRFxri8bkWA15fpW,Q107012263,Hugo Johan Wilhelm Wadenstjerna
i-BRoiG3xAGsA1EaT65kUat9,,Zakarias Castren
i-BS1rKVRVpWVyF8aZNiP25T,Q5484401,Leonard Candelin
i-BSfxELZs3g9kkgrVdbhP6j,,Pekka Neiglick
i-BThsfEh3vpoxkcnJ81XGHZ,Q105064076,Juho Heikki Filppula
i-BVXDm1b3RxFthPv2nGio2h,Q107337682,Robert Lagus
i-BZ8i7NmzmpP3su9DMKv4YP,Q5492252,Johan Fredrik Bergh
i-BZAwKB57hxWAxUW9igVcyV,Q106896031,Adolf Ferdinand von Konow
i-BZcWSDvtNyyk6RFdnt8wYX,Q101759019,Johan Axel Tammelander
i-BatWG7uNejqjtwBH4edeGU,Q104631352,Johan Lundström
i-Bc255J2cg5S3LZQwLqTD4Y,,Pekka Leppänen
i-Bc9VryKJgRdQ9o8WmNiP9u,,August Törnqvist
i-BdcCax9AbjJYKF3SaEwTau,Q5773020,Kustavi Grotenfelt
i-BeRvKqtBy9SWuixQwoec6u,Q100799794,Anton Viktor Appelqvist
i-BgDmVff4RSeFszcVttKU7T,Q101592511,Maximilian Spåre
i-BgRe1Jf11YU2kCDyNdfQZu,Q107201195,Otto Alfred von Fieandt
i-BhMbzimeFJ3hWrFCA46k9Y,,Erik Johan Stråhle
i-BiLJE3xxrrRCyZeZCQjHcJ,Q105337273,Paavo Kasurinen
i-BjxmQY1CzA2Wn37fiD1ULi,Q105702517,Johan Mynttinen
i-BkfYGrQhuNkoLkYwAJNYb4,Q104172922,Otto Fabian Nimrod Granfelt
i-BmATyXPFLNiu7CPo7Haome,,Aleksanteri Kilpiäinen
i-BnZAQWKX1K6S8Qb5ikFP38,,Otto Vilhelm Ehrström
i-BoCjzxB1HqWMKLwoKMFc5u,Q107018373,Oskar Guido Tapio Aminoff
i-BomaSmZdrkS9SfScDXqfPA,Q105037569,Karl Johan Bonde
i-BrKJnQtih3hhFEfYd26FMg,Q101034212,Hugo Ferdinand Forss
i-BrZ1PXPwfSSdCK1yGsSzYn,Q23039748,Vladimir Alfons Walleen
i-BtKC4BiMQJZbVVYnLQwpf7,Q106323602,Iisakki Liimatainen
i-BtSnmoZRRAQCGZifMmfTuu,Q104383009,Axel Gustaf August Palmfelt
i-BtZVosHd2uL9vUhLKvDuFK,,K. E. Palmén
i-BtkiybKfkP1KVCMNqew6TJ,Q5720633,Anders Josef Europaeus
i-BtxQggZEw3AuzJaJjHSSUG,,Fredrik Frans Wallenstråle
i-BtyTqDgYHyDR8B3iubyn6A,Q5493382,Viktor Julius von Wright
i-Bw6JVg4K4gVgwPuaUH4W9g,Q107323177,Karl Max Werner Schulman
i-ByV3q8UYJxZUcqKajsXRpC,Q107750236,Mauritz Wladimir Armfelt
i-BzeGNjerrfRj5hBnkJBnu1,,Arthur Olivier Blomberg
i-BzrNqqibkf4bK5hsMA9r4e,Q105943516,Christian Edvard Boehm
i-Bzs7yrrw7GC9b8QUnmsx8D,,Jalo Järnefelt
i-C1erW2VL4DDDK4tT3v1qWW,Q107750283,Fredrik Frithiof Maximilian Gottlieb von Zansen
i-C2YSDtx3p1JrB819QRiS7w,Q11866580,Jean Cronstedt
i-C3DvrWyQ2EcBDMiprvuVyR,Q106272565,Theodor Frosterus
i-C3tFZeQMtsSkn3VQAU4bJr,,Juho Brander
i-C4a3WTXNcs3RVBdmWXkxK,Q105337228,Pekka Kakkinen
i-C5N8HQPmJLpinDQjyVTdbJ,Q105048330,Salomon Ek
i-C6EPxSGo8zoNw6eBd9AeNi,Q106812017,Tor Nils Adolf Grotenfelt
i-C7gacFwYKBuChyxT82r3YD,Q11850599,Albert Oskar Snellman
i-C9KYhraNLJSN4TypRVTUUr,Q4355145,Lennart Gripenberg
i-C9Liy8FfDtnT7havRNLi11,Q2151937,Gustaf Gadolin
i-C9dmrUvwspHpLHXM6o1jJo,Q5807467,Arthur Hjelt
i-CA11FK6DFAdcRD28ckK5f7,Q5780994,Carl Daniel von Haartman
i-CAhqDoBcsxJ76kroHgGKnE,Q104143746,Anton Johan Thermén
i-CBdpqVDCbhmGYHAKYVJWxE,Q58073177,Henrik Piipponen
i-CCNrmbC6eeG1mBia8WfLFy,Q85995619,Karl von Guvenius
i-CEVumXnsAM6JuerGsXPqM1,Q104550304,Fredrik Segercrantz
i-CEp3RjrmexchFBpruvkhuA,,Alfred Rosenbröijer
i-CFL7Y68fc6XBuSEp4v5zKb,Q105943510,Petter Johan Hämäläinen
i-CFM4Fw2rCrVGNA1oeR3pqL,,Adolf Edvard Björkenheim
i-CGNfHCSmfYZ4tNvJeVzTTV,Q20736664,Ludvig Gustaf Leonhard Clouberg
i-CHNGvNVciPveECbeViCjMo,Q104550011,Johan Tandefelt
i-CHi1dmNTtAJXTkRBi7jcFv,Q108067073,Magnus Fredrik Tandefelt
i-CM2N1ripkWqmSaCMrmMPMn,Q11851990,Anton Lilius
i-CN9ba2YkypvRWcT57zJXWv,Q29419475,Elis Furuhjelm
i-CRi4mjW1YHACfcQN5mhvhT,Q11289035,Julius af Lindfors
i-CUH1897dUXkF8BmavDD7AX,Q106323496,Aleksi Korvenranta
i-CUNt4MfeMgrPQH48kPoQbT,,Aukusti Mäkipeska
i-CVDaphfMZ6gK7wkELrJyYe,Q11902413,Wilhelm Stjernschantz
i-Ca2QuiRDT4tckhMQkbSfi1,Q11858511,Ernst Roini
i-Cc5prx5Y6fGy4RZqhPRyiV,Q105645284,Wasilei Ratinen
i-CfP1eF37sJ1qKcMK6SnTzr,Q105756265,Karl Johan Winter
i-Ch447cysQKzmWCS8pD5SXN,Q107337677,Johan Wladimir Furuhjelm
i-Chqg2d75JTMBvZikcSgGtQ,,Petter Silfverskiöld
i-ChuomtmkLkdJ7EejCZL8M7,Q11861473,Hans Gustaf Boije
i-CisiTZA8jBe6U9YcQPijf8,Q59656522,Matias Putkonen
i-CmC4bc6fLeNXZGLuA7s28T,Q97194540,Carl Edvard Stjernvall
i-CmRgA6fB7vmvVAhfT14CUq,,Robert Severin af Björksten
i-Co9zWb9dbmqdAqR9Ai1MMM,Q107978487,Karl Gustaf Brakel
i-CoMYVcvAbrFUkcyuiLmjQG,Q5408404,Juhana Petter Valkola
i-Coo61MAWDWCSEhiPZdqNyd,Q106945193,Uno Alfons Wasastjerna
i-CpsZQHqcUJ8sJsVExPYDCJ,Q21558202,Pehr Malm
i-CqTKzpVB1Ea1CPnfyEN8TZ,,Claes Samuel Segerstråle
i-CsCxdQ9CvKUh2iT7axN5Jf,,Adolf Edvard Björkenheim
i-CsR6q8gQ8FuLGMLHgCXMP3,Q30174487,Waldemar Walli
i-CsR6q8gQ8FuLGMLHgCXMP3,Q30174487,Anshelm Waldemar Walli
i-Csh2t8e4vQFJ5jd4fGxQUH,Q55395966,Tauno Järnefelt
i-CtQQMeujQ2FqS3AuwoqMbU,Q11886018,Otto Karl von Fieandt
i-Cv9BDDHsNUPXghUwXRjrTE,Q105432181,Kaarle Komonen
i-CxC5n56mokAqSKPwqL2VNN,Q11890649,Richard Casimir de la Chapelle
i-CyA98HnR3uENykk8myABmW,Q23698991,Axel Henrik Antell
i-D1FsfDBmNqCrFh66jtDHKq,Q11856605,Edvard Hannula
i-D1GPM5fGkX12cAZ2QV4vzv,Q56521046,Leopold Söderström
i-D2acnqebDyDVJURxAjB9gQ,Q4527584,Allan Schulman
i-D2g5wWQiqw9p79PhuHGzim,Q101084740,Salomon Hirvinen
i-D4E6gAdmGpe5X5b1EYPpiK,Q104550277,Adam Teodor Langenskiöld
i-D6Mi4GWWJsTvqGyurVJi26,Q100323030,Fredrik Hellman
i-D6jqe532xJggDLmgRRL1jE,,August Benjamin af Schultén
i-D711TKU9YcRjKQmWmQGtnW,Q61104721,Paul von Etter
i-DAZaB4rXYdybpMQTXGxsze,,Herman Standertskjöld-Nordenstam
i-DAswt6RRgwU6zpSfVftUAi,Q105432279,Sanfrid Hasselqvist
i-DAwXJdCpLgLeKVYt7T9rqv,Q107283219,Fredrik Walter Rosenlew
i-DDHcpPqCSSHpgWZ2afLyzG,Q107201216,Alfred Michael von Haartman
i-DDgKtyukp5C3sUFLMZ19u8,Q108122298,Nikolai Alexander Thesleff
i-DFYQrVEmnc2KccuuDpq1ib,Q102057592,Artur Emil Vilhelm Klinckowström
i-DGGHbV8Jc5iYsn2a5HmaYT,Q102076980,Abdon Alfred Fredrik Lindberg
i-DJWGoTpJ6wbx8LwyyourdQ,Q518896,Carl Gustaf Estlander
i-DJYAsvPi1ZhTVooPhbrAZK,,Rafael Spåre
i-DJayEMtESDA9vaivmbihCb,Q11881761,Matts von Nandelstadh
i-DJqfu91o5SoXbVjmmMRAqq,,Victor Napoleon Procopé
i-DLrya1y4fvPTxo19ycSwui,Q108056307,Gustaf Magnus Leonard Jägerskiöld
i-DMkWg2gYcX75t4EbByUoqv,Q107323187,Rabbe Wladimir Wrede
i-DSET3vjnWX2zKq1Tg2WY8p,Q106323724,Viktor Bergman
i-DSe7Sukmush1y9amrLd4oZ,Q105045041,Matti Auvinen
i-DSjrPP1Ub5W9gAqYsTTrAh,Q100784211,Otto Immanuel Appelberg
i-DTCBRT9AaMKs7eLkCRmGkS,Q106766161,Arthur Reinhold von Essen
i-DV5KHjXrAZsvXFDWwDKJxa,,Uno Kurtén
i-DWiyp39c5DMfpZq6cMdmVh,,Johan Matias Hackzell
i-DXP9WxpJAbmvBWP4QoWY25,Q108122287,Maximilian von Rosenkampff
i-DZJtkrPfWZvk4Ap77q2uxp,Q106989480,Hjalmar Frithiof Segercrantz
i-Dcjy8t7dMSXCDTPkfuVXgT,,Krister Ludvig Edvard Jägerskiöld
i-DdvHcgdBbdRimFMB8LiyD9,Q17381212,August Ferdinand Juselius
i-DeNANhJFvif9NVw93xfYiN,Q17383787,Gustaf Adolf Silfverhjelm
i-DfoBXxWtHB1dPk3VFvEfhi,Q106239204,Robert Junnelius
i-DhkpMWMtWKDEBsxXhj35hc,Q105751964,Pekka Siira
i-Di43id6kYb8YitBcHWJivt,,Frans Wilhelm von Frenckell
i-DiMeNaDKYnSXKLwHBuNkPP,Q105454580,Elias Krook
i-DiRtoFeWwZgawSF374ZTgV,Q101334101,Karl Arvid Nyberg
i-DmWg6kaxRcVGDxey3HZmMC,Q17381729,Aleksanteri Koivisto
i-DnEdGep1q7buLQVxHwoV7o,Q42901717,Henrik Parviainen
i-DnR1jYzy4qjog5h4eX5Ap,,Frans von Frenckell
i-DoEwtusnqteK8Q8mNd1ztC,Q11872368,Konrad Relander
i-DoMTUzhCgrTNgKPPvWAefR,Q3784302,Rolf Jacob von Julin
i-DohHxxmYQkejcHDFzK8Xi2,Q105771905,Erik Mattlar
i-DojZ8qEG6LjbJsjZJ6xe4k,Q102436300,Jarl August Hagelstam
i-DowNYFPp5EFuyJj5pim8KZ,Q107405255,Fredrik Wilhelm Hugo von Qvanten
i-DpU7gVJYPRauQkC2oTYNZa,Q20900777,Ivar Alexander Kyander
i-DsNvcZ4WKjqtgZgVHcTx2o,Q105756272,Georg Leopold Topelius
i-DsQvv1m8aCf8m1tSrSAMR1,,Pietari Päivärinta
i-DtHXRURSTfEvE52xc9jSoZ,Q105086423,Heikki Hakulinen
i-DuP59aJVbyCScuE2XG7BeY,,Pehr Jonas Törnqvist
i-DvsnxJr6R8m8r5wknzUSGc,Q17381872,Wilhelm Theodor von Kraemer
i-DxNP7TqQrEfxpsG7AMg3V2,Q11854141,Boris Nordmann
i-DyCDPVnVqVgNVuzhR7c5yC,Q105708653,Axel Gabriel Lindgren
i-Dyoum1uqVHJc4aBfw4FSSa,Q5399732,Clas von Collan
i-Dz5hAwJyDWqRCY5HYongt,Q11866759,John Rafael Uggla
i-DzJ4FMZXj9ohtdnkysVnh,,Antti Halonen
i-DzP2McJdARN1V89E93Ay4t,,Bror Axel Thulé
i-Dzo2xTpgSK2hWn5XcoQy3,Q101807585,Ernst Wilhelm Tegengren
i-E2D75NaHBPSAb5t7WahXsr,,Eino Sakari Yrjö-Koskinen
i-E3msfxTo8TZ2VyeUTvXSUg,Q106342382,Taneli Kurkela
i-E449mBU6gv4eXJJwuYXFvG,Q20255738,Otto Thuneberg
i-E4eK7REWL1iRG4jFor7gae,Q4200624,Santeri Ivalo
i-E4eK7REWL1iRG4jFor7gae,Q4200624,Herman Alexander Ingman
i-E4sJZkcvrMxBkmsiZoBAAh,Q61103324,Johan Jakob Westerlund
i-E5oLMwDAgUiAxgDEhx1LcY,Q110322268,Johan Osvald Wasastjerna
i-E6yXJrnTXL624QDwbQ21Pk,,Magnus Erik Alopaeus
i-E78eJvBU44BnbTEwUNPTah,Q105432265,Karl Hannus
i-E78gPFT49CGaUAXe7cfk88,Q108067079,Karl Magnus Mikael Walleen
i-E842CxwFnJfAsu59UCBbji,Q5407154,T. J. Boisman
i-E8o2CUgc6j8zTErDbaEDQk,Q104549831,Karl Gustaf Creutz
i-EAHXCwinZpxJEmpN7f2gCG,,Vilho Jämsén
i-EBLg4rQKzZ3b6Eg9w5vKHX,Q108146073,Johan Emil von Konow
i-EBe5dMDhz6j26QDyaC28kC,Q107018411,Alexander von Becker
i-ECLdY41T941BqZijUjxQun,Q105771897,August Samuel Nordström
i-EDqv7TisA5PjGhg4drrxvt,,Gabriel Tengström
i-EEDumsMkgt1qv2LRDpuUid,Q5405266,Antti Sinkko
i-EHRMnkSVAPak3672NPWQUt,Q107797659,Alexander Eugen Spåre
i-EHtdX5jCKmh1XzVaChg5t7,Q2782527,Johan Fredrik Hackman
i-EJMdBVXoPwci3WftmbWBr1,Q11857805,Emil Schybergson
i-EJXZVq6RKfRKkTZvTFPA2w,,Juho Haanpää
i-EKgsdWUKkNjoMZSd54c91Q,,Herman Peter Höckert
i-EKkrnXvuHxMMnTwjDb4imw,,Adolf Fredrik Sirén
i-ENMjRvMTmj4y4ZKemGmPRi,Q105064090,Frans Ekqvist
i-ENeMx6XG6uxkKZ5MuVZMcF,Q26244677,Anton Leonard von Knorring
i-EPiSDHWvRjVpP9ZBHuoPLi,Q102046760,Knut Gustaf Åkesson
i-EQvj9fL5osnqMNoPpVA6wE,Q2782482,Wilhelm Hackman
i-ER5P4AeGQU1UhNg4KSuGfA,Q105701087,Taavetti Suo-Anttila
i-ES944pFdPUxvHzos99jxZJ,Q106323444,Erik Isotalo
i-ETQzEcgbBi4s4RJ7ZnfAwr,Q17384883,Carolus Wrede
i-EUNd7pvigVDq2k1buBvxf9,Q495652,Carl Magnus Creutz
i-EVfZBUkzrmkjLRX3mG1o3n,Q6173019,Julian Serlachius
i-EWF5w6W7mNczUrPXBtTG1i,Q104084588,Zachris Castrén
i-EWnS8D5oELrZTGgrDxKuax,Q5618707,Robert Wilhelm de Geer
i-EYJT4XUYCifxuQgXm8q9GN,Q17380378,Oskar Groundstroem
i-EYL9UZ7jUiPhk9qT9L4Gma,Q85989506,Petter Edvard Ervast
i-EYejvEUqeCVaatuY2xfRCa,Q20379163,Johan Fredrik Lundenius
i-EZ7u1ySxqiV1yRWzN5MvET,,Johan Anders Jägerhorn
i-EZKSYqQGo6bru2L8grnLU5,,Pehr Östring
i-EcTftrF95cFGy5fyqKnWGy,Q107750248,Pehr Ivar Ekbom
i-EdWPU8jZb97Q5NntadXUgh,Q104549953,Henrik Johan von Knorring
i-EdapCdTq9Y7JEMnMSf5nWS,,Sune Birger Johan af Björkesten
i-EeTFbyDUFF9QtjjBFNtDQF,Q105701492,Johan Erik Rosenberg
i-EebNEN3Fjuqo1eK2rRRv3X,Q54834023,Axel Alfthan
i-Ef7n2WRKmjh7HiBPqvKhX5,Q440166,Lauri Ingman
i-EfMifumtJPzU8j2xQd3Y47,Q63432691,Johan Kristian Lampén
i-EgiNvPcaifKheMGDbyyqWE,Q5737055,Edvard Gustaf af Forselles
i-Eh11pSQN15vwedriURK4FD,Q108122309,Blechard Gustaf Jägerhorn
i-EhL4uM3sUHy8VUCoYi78as,Q108082124,Fredrik Wilhelm Fraser
i-EiiQ7Jz1v4GYGMTCiMv9Cm,,Jakob Johannes Sederholm
i-EjTKe45emsM1M3iEM1jsbD,Q17382618,Johan Christoffer von Morian
i-EkbZcKC1cxicmSNQdsofep,Q23870436,August Bade
i-EkroDQ9EYje8n1rq9iKMkY,,Gösta von Troil
i-EkroDQ9EYje8n1rq9iKMkY,,Axel Gustaf Samuel von Troil
i-EkuqrxiDLYkN7w8kVEcEKx,Q106319501,Axel Holmberg
i-EmUBxcMYc8BmU1uL3QdD4q,Q101423239,Hjalmar Oker-Blom
i-EmqNER47i1Nu1rJadKyiQw,Q5625521,Daniel Edvard Duncker
i-EofqyGpvHy8k9NzSeJtd6F,Q4355896,Jaakko Forsman
i-EofzZMtc7bHkYrk1DMbcJM,Q5955067,Uno Lindelöf
i-Eoh6go1r2gZUEHoWkD2wZf,Q5603762,Tor Carpelan
i-EqxJvEcFn3pmNPchjvzb9a,Q106224091,Karl Johan Boström
i-EqzRL2mm1ffjLRp6RzH1bh,Q101243566,Viktor Konsin
i-Er4VowqzqJZ3N91FX97xSr,Q104176927,Otto Ferdinand Hofdahl
i-ErefsCL6f7Lvk9iUbkZtPZ,Q105943506,Rurik Kellgren
i-EtfZRTD4CYaExbGTg6UBjx,Q11887132,Pekka Komonen
i-EubGaC45XvL4c18F6U6mCD,Q102355437,Frans Henrik af Björksten
i-EucvstvmVvA33AJNrw2FH5,Q106481508,Lars August Sackleen
i-EuoJ16TMvdtrax3gfPLFLG,Q105432156,Juhana Konttinen
i-Ev9rwChsySU6VMfbevkpjp,Q6181110,Carl Johan Slotte
i-EyCwcgnc6m1fa5U2bKaFXx,Q3101847,Georg Edvard Ramsay
i-EzXoZ2awDLVNmEs6w7GpNj,,Erik Nordenskiöld
i-F1sBJexePgLzems1trqV2A,Q106919282,Arvid Sanmark
i-F2TqnhZABMnKRLA6m3Wt9s,Q106967408,Georg von Willebrand
i-F2za3adppYaQeFqUUwomi1,Q104602792,Johan Ascholin
i-F3aUsRbXiCkZyhMHWkHLbZ,Q105629755,Antti Punttala
i-F41ncMNAehsDceiFfh8xWG,Q90544803,Archibald Viktor Ramsay
i-F5fPeiDWjze3RMUqb48JRf,Q107860689,Karl Frans Johan Schauman
i-F6idYyLQmoLSLW2mo8tU2b,Q11881716,Matti Tervaniemi
i-F8bLJJfdbZyEs3H1C5kMAw,Q107323176,Edgar Rafael Örnhjelm
i-F93JWBjLggDZB1c6SHCsfb,Q4357279,Gustaf Valdemar von Hellens
i-F93JWBjLggDZB1c6SHCsfb,Q4357279,Valde Hirvikanta
i-F9Uan6uDi3gGTXa1Gcn5Aj,Q104176923,Sebastian von Knorring
i-F9jojaLUQpfPMBudiTYBw,Q108003420,Karl Fredrik Sebastian von Schoultz
i-F9qTUwqs1ymrnF4gMnMsBr,Q11852778,Arthur Sommer
i-FARTN51opJpmXmZjke8Xyy,,Lorenz Lindelöf
i-FAdnQV2mavJ2UwNm5JjbBX,Q104246707,Krister Ludvig Reinhold Jägerskiöld
i-FCru9fHyaNuhdvNj3ZMWok,,Gustaf Emil af Hällström
i-FDszLxa7n18J7pGWoaPo61,Q106766167,Ernst Silfverhjelm
i-FFza3odvoxhDmtbr4UiPFk,,Juho Koivisto
i-FGXsDXPGYxh7QuVwHKESrf,Q26244676,Lennart Fritiof Munck af Fulkila
i-FGZtsFCfw113CzEnLXSp3t,Q105702528,Jaakko Myllylä
i-FHPAoTNLQBKMuyucj1d1H8,,Oskar Hynén
i-FJYWThSR2FXXQsLLsRCnTT,Q107750261,Alexander Rokassowskij
i-FJzRBuP188MmWa7nk6o4Vb,Q5772190,Carl Magnus Gripenberg
i-FLU4GzhfjqaiKp3BXLwdWL,Q105432371,Juho Fredrik Horelli
i-FNBvWxdPvjyrGH1Qc1aAer,,Adolf Cavén
i-FNPPwEod1e3taFV6aqGkL,Q11868157,Juuso Hedberg
i-FQGo7QA6JPdubg7BeeeYGF,Q106323625,Erik Nygård
i-FRTXNM8bWSfv4EVgWqYu9h,Q103893813,August Fredrik Järnefelt
i-FRViuuMu59HXvcduvR4JJb,Q104627328,Nils Nyman
i-FTpJmcFyji4ABCWHY7yDso,Q20254188,Eric von Troil
i-FUnhftNVyCFbh9ftx4agbz,Q105756020,Juho Zitting
i-FXUQh967xLRCogeTYmdrCW,Q20736650,Emil Frithiof Andersin
i-FXge12HBsdn8k5HAufzWpc,Q16161750,Ossian Ansas
i-FYbSvFu4rVek9C99uESHpF,Q100272570,Aleksanteri Vihonen
i-FYjmCyuWucvpTGy2QzWpoP,Q11859009,Eugen Wolff
i-FaKMEEfi3TMUuBz9Mb4reR,Q104551827,Berndt Henrik Aminoff
i-Fbfm1HbZePHYVTAZTJf59L,Q104995579,Aleksanteri Arvelin
i-FcbLaSzYMyza1vG8PnY8hk,Q11855085,Wilhelm Casper Magnus August Wrede
i-FcbLaSzYMyza1vG8PnY8hk,Q11855085,Casper Wrede
i-FcinkmTGBnbazMfGGKxqLK,,Juho Haanpää
i-FcnE7JqpsivtwiXQm29xQS,Q107012257,Axel Leonard von Weissenberg
i-Fd7mqD67aGjCuWx3jSHA1C,Q91313272,Karl Lorenz Adalbert von Schoultz
i-FdRKYW6mapQK8J9mxSmBVd,,Gustaf Törnudd
i-FdRfUaAkk5CYpd9Du8pbGa,Q4405514,Kasten Antell
i-FeaexDXFvKCbfhp6jTXNbe,Q104765569,Knut Fredrik Durchman
i-FfS48taDhdyhLbaL7izam6,Q11902416,Wilhelm von Nottbeck
i-FfVRGMNn5KRqwAWb2KstnH,Q11859977,Frans Wilhelm Gustaf Hjelt
i-Fhpw6o7Qy1YaRxYQmNUM8W,Q105663134,Johan Simula
i-Figg8qYJUVdtKgrJaCVJ3y,Q106323603,Jarl August Reinhold Lindberg
i-FiibtiyGJPryBr7nBGLj5b,Q106319511,Axel Cronvall
i-Fiig8BDMNpZQK8Za9ST51D,Q108122304,Vilhelm Otto Casper David Wrede
i-FjKyUtcoFwK8FSRaLwa4qr,Q85980548,Alexander Wolter Ramsay
i-FnbEx9QPcybRj3CQyvdiaM,Q106906800,Alexander Gabriel Lagus
i-Fnc3xqQ6Yw1weZo5vTRsDX,Q105629998,Juho Pietiläinen
i-Fqvx5ooU2nKu7WppxfCNor,Q17380340,Nils Karl Ossian Grotenfelt
i-Fw8FPwmDv3ESpXNhmXoZYU,Q24018868,Fritiof Hultman
i-FxBFM2uzof1KWHDpt4Uswx,,Carl Gustav Mortimer von Kraemer
i-FxU6UzwNGq6us5QcQFzcHh,Q108003418,Karl Gustaf Spåre
i-G1koBoY9BodkJrpULKg4MG,,Gabriel Geitlin
i-G3GyWSwuFaxKNReYYXx1r5,Q107797702,Oskar Adolf Järnefelt
i-G4Kxx8in9vUPtEQxcVFHyA,Q17381860,Gustaf von Kothen
i-G4Mx6CSAhZT1Ty3hcwy1We,Q62128099,August Mannerheim
i-G4NdDEqVRioq48p7EQbaeR,Q107012251,Axel Theodor Örnhjelm
i-G4QdecQ6MsXD7WEhcFNK5v,Q106967477,Edvard Alexander Ramsay
i-G57bpc4f6Fu1svLLXDpNcx,Q17384892,Ferdinand von Wright
i-G6WXvp4m8PJWEz8kHykewM,Q11860035,Fredrik Nybom
i-G6iwQxbYxHRYyueS8LfTsP,Q100898575,Kaarlo Juhana Inberg
i-G7hzwEaQa2dTy17bhDocu2,Q107439749,Carl Eugen Armfelt
i-G7pBqgMojRr9AymmEtQzEN,Q2679655,Carl Edvard Gyldenstolpe
i-G84CpMDMjw6dbrVWopd4X7,Q11852900,Artur Hammarström
i-G86NetonwkTbVdHBbfsymU,,Oscar Norrmén
i-G8yreya82bfWU9dcq1F8hx,Q106812047,Harald August af Hellén
i-GAtn7bERdoirMx4xRthNqz,Q11853366,August Magnus Gustaf Armfelt
i-GB2XZda45FyKVanRwMkJ38,Q28720778,Anders Lorenz Munsterhjelm
i-GC4iKVSUKy4zqrxEso8fJC,Q7109889,Otto Wrede
i-GEJW1X9fTb76RGrRQT1Xr5,Q5494244,Otto Tuomi
i-GGBAD7iX8fRMidLfwkuf4H,Q102436260,Karl Edvard Lindeqvist
i-GL42zd2qVjzLjjZ4FhqajZ,Q5581985,Johan Gabriel von Bonsdorff
i-GMQsuhSAwWd986Q51uYDSu,Q105620569,Aatu Okko
i-GMRQkmLRCx39JoBJgBC7j4,Q108043655,Lars Oskar Wilhelm af Heurlin
i-GMfCWWEUuVeJEHKYgMeo6H,Q106811980,Charles Emil af Frosterus
i-GPf3EjMoWsMbpy1SvvWd7X,Q85990722,Johan Henrik Munck
i-GQv8Naq61LAD3azXZwqehT,Q601146,Albert Henrik de la Chapelle
i-GR25tN5vpHqsQL2THp5BzR,Q921355,Erik Adolf von Willebrand
i-GT6FgM35BjNdFMXCWWyyuA,Q16158900,Pekka Ahmavaara
i-GTNmQx5yoS1Ns36CUbTJS5,,Henrik Heikel
i-GT6FgM35BjNdFMXCWWyyuA,Q16158900,Pekka Aulin
i-GVT7x8Nt5F7JZsu1Dte2fk,Q108122284,Georg Fredrik Pistolekors
i-GVmiogSqRJqrVWCPcrDgDe,Q108067084,Johan Gustaf Emil Segercrantz
i-GWGMuHZpB7JtXsedCoRVmg,Q106481509,Pehr Emil af Forselles
i-GWf6xVqXjhgG51RMmFS2pe,Q104663900,Olof Henrik Helander
i-GZK5EtQ9raxhJ5fcGEcbgj,Q105751952,Juho Sormunen
i-GZgKPbnkv98wL3MUuWBgcT,Q104378293,Fredrik Aminoff
i-Ga4zhpKhZgMrwW6CEFhPKo,Q6068009,K.  H.  Renlund
i-Ga4zhpKhZgMrwW6CEFhPKo,Q6068009,K. H. Renlund
i-Ga8ijRDWR7P52ZAHc5oi33,,Karl Robert Åström
i-GaNJg5yyoLLZFLXLT5DqzS,Q105756267,Joonas Venäläinen
i-GaVrP4AKzmi3hsgi9BrLwo,Q5792038,Christoffer Egidius von Hartmansdorff
i-GbyfTXHevxWvXpYKfxzfVD,,Johannes Gripenberg
i-GbyfTXHevxWvXpYKfxzfVD,,Johan Axel Gripenberg
i-GeJxU77Pyh8PJuj4uFsHY6,,Gustaf Fredrik Rotkirch
i-GeYLFa2rDbdF171XpfngZK,Q4307524,Johan Reinhold Munck
i-Gep5tWKb423Qx5AQc1WMA4,,Kyösti Kallio
i-GhLcAkdgUqnsq7PwR6e8fZ,,Theodor Frithiof Blåfield
i-GjXymzvmVbXvMvSnsXEVDh,,Hjalmar Erik Gabriel von Bonsdorff
i-GoAtGw3V5JQjMdAfdcsfof,Q28356840,Eero Hyvärinen
i-GoJDCrdgd2qZy1f7rkMH7N,Q107337685,Herman Maximilian Molander
i-GoQD4F6MiFcS9Vsdx3gqMW,Q102667808,Carl Albert Ehrnrooth
i-GoQD4F6MiFcS9Vsdx3gqMW,Q102667808,C. Ehrnrooth
i-GqbRjbz9VGGWeqAzt5MnHd,Q106766146,Thorsten Brakel
i-Gs6f3qia8y8TrjE6nzWpMi,Q107006388,Hjalmar Edvard Tawast
i-GsTBuxn4gzdp2YPxq2CF9t,Q4357869,August Schauman
i-GsZwREPpy6D78H3Sw8e8Gm,,Yrjö Mäkelin
i-GsoLcP1UNjtUTBtjxzkkTU,Q105351022,Kustaa Huostila
i-Gszfg34rDxE1wvwMWnuEcr,Q692383,Magnus von Wright
i-GtHU82sNyMBmYF9LF32Xqb,Q105069786,Niilo Aleksander Grundström
i-GtNusg1wv3P4Wstjqet9bS,,Reinhold Felix von Willebrand
i-Gu51hjRVWb7M565rBVU8jz,Q29021099,Georg Henrik Lybecker
i-Gv1vJVBUh9kKpS6xeF9qMU,,Alexander Otto Ehrström
i-GvRx6Whoyo7iPDLJ6uwURb,Q2271104,Fredrik Idestam
i-Gvbqi1rEyeoC3MYzScNFvG,Q107400160,Robert Johan Gustaf Gripenberg
i-GwgXfMJUCLmbCeE55ztiRb,,Kustaa Adolf Saxbäck
i-GxyUSUbDKFfdHNFMFDJVDn,,Jalo Aatos Viini Wilhelm Schildt
i-GzpPNMDrZaojKzMHrH7hRL,Q669193,Carl Albert Edelfelt
i-H2an9aPsfB63H9UWpycjdo,,Gustaf Adolf Spåre
i-H2tWZRuEZ8bzGbjzhmGuxp,Q5931804,Wilhelm Lagus
i-H5ZHs71VNBBoa2s2Mnefgi,,Nils Otto Nordenskiöld
i-H5j7JEfNpcffScykfd1hcQ,Q18633458,Oskar Nissinen
i-H7UUat8gTkKMjfbsaDf8ce,,Nestor Järvinen
i-H8yQTopN8aD4jQGED8XKHZ,Q104621945,Tuomas Seppälä
i-H9cZ6VmKS5CfdGexv8Ug5L,Q105751916,Josef Söderman
i-H9suhRqqUHcPS6rkKze2ao,Q108122307,Alfons Jerôme von Haartman
i-HAkXw2e7ETu7AUjeewEWfr,Q11884211,Nestor Huoponen
i-HAm3MZcMCaM4g7nN65aKmR,,Constantin Boije af Gennäs
i-HCWC285KxJjLLZWfEkFpEp,,Edvard Bergenheim
i-HCsDZ4jw1CfzTFHQ59MHas,Q105454349,Antti Laari
i-HCzKggNUcwH4QKEnXcArFk,Q106323629,Jaakko Pahkamaa
i-HDS4uGheZUgKFGSypVuhj7,Q106811986,Elis Campbell Nicolas Furuhjelm
i-HF5phfP7sjX4wA6bTBzzPq,,Clas Gabriel Nordenheim
i-HFSaJChwMy6H3kcVHoj1mX,Q94388182,Johan Knut Valdemar Uggla
i-HGkvq3faHKCS2q8w4Fwvdd,Q105045039,Petter Auvinen
i-HHaCYxvtqi5749rN5jgDix,Q103505754,Gustaf Alfred af Hällström
i-HL3yrDjwhm33a2RNeSZtne,Q106323495,Juhana Korhonen
i-HMYu9fE5ywoYGF6TqvESdP,Q5581971,Hjalmar Gabriel von Bonsdorff
i-HNBK5iuuktDMrLNsc3ftSQ,,Nils Karl Nordenskiöld
i-HPjHzSRBVZu5dgj2E8rwgi,,August Edvard Granfelt
i-HPtpyWz43gQAfG5VSspCby,,Juho Möttölä
i-HRxMK8De5zRSBaXaaruAMN,Q17380470,Herman Hakulinen
i-HUvuQRnpDN1nYgahrKQD5D,Q101084745,Berndt Emil Hollmérus
i-HWyWGu6Fv6nhg9UH8FNaf3,Q106613408,Oscar Johan Mechelin
i-HXHqd4QRn3AfHgeruW7D3w,Q11865437,Johan Wilhelm Wartiainen
i-HXHqd4QRn3AfHgeruW7D3w,Q11865437,Johan Vilhelm Wartiainen
i-HaR8EnfKL5psLJsjZDeZ8o,Q108043645,Johan Georg Agricola
i-HbssPjwFZEsothhGDbLv7,Q101069591,Fredrik Edvard Grönroos
i-Hc9XMkGEjEESuFdWzXy4JT,Q11865436,J. W. Snellman G:son
i-HfEbbpVpEUS7EMymsy7tc6,Q5609964,Zacharias Cleve
i-HfV2z1pgrdiYTpNNDCAW2e,Q4118893,Hjalmar Nordling
i-HfWfActQe9KZ2kYVzhw5Bm,Q105086430,Adolf Halinen
i-Hfckxq71YhMkaNT4Y6ZYF7,Q102203709,Claes Leonard de la Chapelle
i-HgEbezgGdxazEcJNm1Kus4,Q102182354,Lars Berndt Olsoni
i-HgqPynBUu2U3dYH95SV9vJ,Q28357018,Carl Ernst Wrede
i-HhpcZwrh13UfQgSjC4pfMf,Q17380426,Fridolf Rafael von Haartman
i-HicBkrSSbTW8EDMiSKYeB4,,Kaarle Kustaa Hegerström
i-HjfmDsS4k6Zju4rc3Q8bpb,Q100852046,Uno Otto Honka
i-HjfmDsS4k6Zju4rc3Q8bpb,Q100852046,Uno Otto Bremer
i-HjwH6PdtQ6PYxtY2MfXSKE,Q90541026,Alexander Joakim von Minkwitz
i-HmF96RYdQTCuQ9kU2oPUsj,Q17380374,Mauritz Gripenberg
i-HnA4L1LyxqEtV2ftM8MCTj,Q65229404,Antti Helander
i-HnTvUq9KxeheQ7d8MXETyv,Q107086202,Torsten Fredrik Zacharias Nordenswan
i-Hqgm2kBS8HE6njNDkKFAns,,Karl Adolf Nordenskiöld
i-HrCdohmsxB2j5RtBj33hSU,Q3195304,Bertel Gripenberg
i-HrQR6nbHQayyFAXaYKpTtt,Q102322869,Karl Gustaf Johan Mellin
i-Hsg38DD9aZavnt2BE6R92w,Q108082107,Alexander Felix Carl Ekestubbe
i-Hsgr383t4iizpwWFP77NxX,Q18688429,Karl Fabritius
i-HtHJenXjZuoKxjoyEuKrvm,Q4241668,Gabriel Anton Cronstedt
i-HthP1vw6jGWu3H5SEMkYN1,Q106323516,Mikko Helenius
i-Hu2e8ZPjtEELuyw3zphhJJ,Q106323645,Jonas Vitikkala
i-Hv6XAG6mPv5vY2zxYJf3BD,Q105771893,Juho Pietari Sahlgren
i-J1rpecNsAtKm6tYwewGWk,Q11856576,Eduard Hisinger
i-J2CszrE3gkUiAQ8Qt52mWd,Q17382937,Leonard von Pfaler
i-J2bYY8oWuqJZiyuxqjuQzQ,,Johan Matias Hackzell
i-J2oB12cTydw9DLfUm3uYBN,Q106239197,Georg Rosenius
i-J3fSiozzccqG1AT1cQ8Aae,Q105645218,Berndt Magnus Reinius
i-J4VesWHSy7vjipBi6XD4Hw,Q106239312,Carl Federley
i-J5WH196kdgSnwBG62938mv,Q98414082,August Vilhelm Helsingius
i-J6f1ZajyjyZvcuocyejwtK,Q107303731,Lilli Wilhelm Schildt
i-J6zP3X9ccdcPDSdoJRRzLX,Q58072830,Aleksander Auvinen
i-J8B16Dk9GrSwVz9Qn7hcF8,Q106272576,Carl Johan Sundman
i-J8C9bmCMAhFzRdviTnCDsy,Q105629703,Gustaf Adolf Qwarnström
i-J9QVP868kjoy9GpwvRxM2v,Q107172252,Henrik Carl Axel Standertskjöld
i-JAJQRTmdwNUqKSNrqbGWKb,Q42904345,Enok Hjalmar Furuhjelm
i-JB2EsLBcC9n5Td2DE3r77T,Q105645248,Matti Reinikkala
i-JEDCGCYNPMtpoaP1QDkcud,Q11862340,Henrik Ullgren
i-JFCH6e9PsE1w8HHWkxDkhR,Q69468961,Albert Ferdinand Ottelin
i-JFFd4ZuB8jwp2b9revhQqt,Q106239258,Carl Nummelin
i-JJwVm2LBGhA6k7954SE3XD,Q105337243,Karl August Karlstedt
i-JKVAucqD9tvQTcqDpsb4wn,Q107978496,Emil Fabian Mauritz von Kothen
i-JLC3dWijsXJedeNJ5t2xMn,Q105751957,Juhana Sivenius-Sipilä
i-JLC5S9cjvqGEQKtzrdZx6o,,Krister Robert Otto Edgar Jägerskiöld
i-JLVEWZVW7vdzY5LFjxXNt5,Q106319464,Zachris Valmari
i-JLX8xK6Rhi1zuYvtz9WxNx,Q20736663,Georg Henrik Calonius
i-JLhdLsZs2MNDSATAo2JvYL,Q11894421,Knut Furuhjelm
i-JMERSMLZ7UMBiKnphukX7U,,Kalle Häkkinen
i-JPKMUNXGToiyyGFt7J2Knp,Q5404771,Alfred Jacobsson
i-JPgqwrJYXYk9RJAGN3E3U7,Q105771899,Henrik Johan Malmgren
i-JQBLQvmLyE7C7HqEFYRN2A,Q107797669,Gustaf Mauritz von Essen
i-JRT7uq362xVDYXbB8aKrMc,Q101558567,Berndt Gustaf Knut Björn Waldemar Schauman
i-JRuabJufBV6PK6Ww9smaZ3,Q107400157,Lars Magnus Vladimir Glansenstierna
i-JS46V6rNtkSEGJw4cigY71,Q5614831,Woldemar von Daehn
i-JV9GcFpgHeXSPNGcRYrcPP,Q105432305,Karl Viktor Hellström
i-JV9GcFpgHeXSPNGcRYrcPP,Q105432305,Karl Viktor Paasivirta
i-JWfUn6jaHzKj4SR2GH4dx5,,Alexander Etholén
i-JXJu1gWaQyBLga9dujyF2Y,Q106817475,Carl Georg Jägerhorn
i-JYV4L97nkaAD1tqh4XNee,Q102172605,August Reinhold von Willebrand
i-JYnNDW4szXXVGYP1Ve2Bqg,,Hugo af Schultén
i-JYnNDW4szXXVGYP1Ve2Bqg,,Karl Hugo Brynolf af Schultén
i-JZaNWk9mXgapfbJ3qZXW6E,Q105645203,Juho Riipinen
i-JZswQyxJgdrC7mcS7qxnaV,Q17383608,Samuel Heiskanen
i-Jb1piYueDy1c7zSurU9JhS,Q110322285,Carl August Reinhold Lars Armfelt
i-Jb74Z384UveFVagrdpb7Gu,Q106812053,Ivar Theodor von Hellens
i-JeJUuLsx1ADgfUq4qMkAyZ,Q6040815,Pekka Pennanen
i-JegZkHxf46YZWobeeVhAjW,,Gustaf Adolf Gripenberg
i-Jg8vmt5AqUzNo3Zv1vSBBi,Q104551793,Daniel Erik Bosin
i-JhDuntY2zU3AnBWPkuoxUr,Q104622523,Henrik Kesti
i-JkSp1eWyNE5yJ7KqvQ1bNE,Q106224074,Abraham Petrelius
i-Jkc5ktRXt2iR8dWw9vqMPx,,Juho Kylmälä
i-Jm95cRi4PQKtWmo5J9B7Au,,Reinhold von Willebrand
i-JmtkRTXPxLj16WVpvPBziX,,Jaakko Häkli
i-JorHLG9UJyX1sjpnaG1dmH,,Taneli Nykänen
i-JouMnc29yqszZkV4fw6wdz,Q105771903,Jaakko Martola
i-JpZo7AviDFXB9nUQMjepfA,Q18688521,Karl Lindholm
i-Jpuf6uwWSfZ9YPNHDMSrMt,Q104143753,Johan Punderus
i-JqpXh8xNJT9XiVtd4V9P5F,Q107968784,Carl Johan Wolmar af Heurlin
i-Jr2SFQgBkXgyjAF3xM224e,Q101413585,Karl Woldemar Nystén
i-Jr5yhF57YXXUeEBRX4X7ry,Q105636269,Vilho Penttilä
i-JtwzCWzfXqxrEiL7KTkrfY,Q5405284,Vilhelm Rosenqvist
i-JvRBRuFE93TPrS9iwgT6va,,Theodor Bruun
i-Jw2DmFYzCwcZKdAPeUKz7t,Q106613391,Otto Karl Hjalmar Schulman
i-JwTjoz93HVQHyRNS5qpK9c,Q106239295,Axel Georg Henrik Grönvik
i-JwZs6TyeLcz34Vcak5vDpF,Q17382216,Johan Henrik Liljeroos
i-Jx18MvGDAsWpLispqXsDvN,Q60482938,Aleksander Sikio
i-JzQyA5cExy8sPWRDBUypL9,Q104383016,Otto Robert Claes Gustaf von Gertten
i-K2JJZuWLxCRWCMyDuHPCrH,Q6673487,Aatami Hermanni Karvonen
i-K5hPwdCSPc1g8TMBGcdSCj,Q85979311,Ivar Wallenius
i-K86LqYNUZQWYEpnoZYStrW,,Carl Gustaf Mortimer von Kraemer
i-KBCagWSiK98RhZVcSmviyM,,Aukusti Mäkipeska
i-KBFgvwgJvVUJQsXSYrfogH,Q17383863,Karl Snellman
i-KBRhFpxQ7JaxtdN7vnuj2r,Q17382357,Hugo Malmberg
i-KBYPaBJocZ9gbzQEGT2Xyq,Q105620539,Abraham Patja
i-KBo1wGumzvige3fKvvL6Ad,Q105086436,Adam Halkilahti
i-KCCsfGqPw6fxcvH1WdRibJ,Q106319465,August Emil Konstantin Tötterman
i-KCWHHiMpyLd9LgBgzksu28,Q106812004,August Fredrik Granfelt
i-KDkAw6MJH2W79wd7auFFmc,Q51136666,Woldemar Hackman
i-KEH715U4Y1bzNSfLtCZFuv,Q7094392,Onni Schildt
i-KGaDYg8SvhTQwWAdJXsgTo,Q105951055,Carl Grundfeldt
i-KHiayBK11WrtpMd7gYcFdd,Q100964971,Hans Henrik Estlander
i-KJ7UGZkiLr2SVvK6VAmww7,Q108003424,Fabian Wilhelm von Schantz
i-KJPD38Pv4xHNi9xwhTpE6v,,Axel Johan Alfons Spåre
i-KJqM4wnygHX4r49KxPJzSp,Q105620414,Carl Fredrik Pousar
i-KLfq6uJD2dXER75p7KmAih,Q104995643,Juhana Heikki Ala-Hanho
i-KM5zW4VUqMnFTF1EiyLAR9,,Alexander Ferdinand Borenius
i-KMybxddpRTDXE79ZmgAnee,Q6097531,Hjalmar Schildt
i-KNCVkqasjV7R2ZyH3Yotmf,Q107860706,Woldemar Gustaf Silfversvan
i-KNyQj1kXggVdvC3PWZkjqC,,Carl Magnus Dahlström
i-KQxKFWq81XxtmGUs1mvL4r,Q106342362,Juho Heikki Jokinen
i-KR84sJFFS2USNruSw4DL1V,,Constantin Boije af Gennäs
i-KS7S4UcDzhQZZapbE1UVxh,Q105701078,Heikki Ylinen
i-KSodbRwY6NwA3H7C4ZjcDU,Q101583769,Henrik Edvard Schroderus
i-KSwyQA3Qqn4zEnSkGR2MwP,Q85990891,Torsten Costiander
i-KT9fa2ehNHWytc91mC68Ag,Q28055991,Aimo Hallberg
i-KVU77rhWXo9aDLh2ZiPF6L,Q11902249,Walter Parviainen
i-KVhhqWgv5athrCNYRVhUH5,Q106323486,Juho Klami
i-KX5eghvP7SMb85LhbRmnGV,Q107172255,Axel de la Chapelle
i-KXaaRpC72pNJUchqW1VYda,Q11862333,Henrik Melander
i-KXnVQ9JYufy6ePb39wj3E2,,Josef Adam Joakim Pippingsköld
i-KZXidz1Yd5JGAVXfe6RfyA,Q105454545,Heikki Krook
i-KaGZSH7hSfwSGkfQgkLx9d,Q6235673,Georg von Wendt
i-Kb8kygLcTxaqvRSfa3xqV4,Q106945190,Evert Viktor Wasastjerna
i-KbCoxCNEWKajEohbj77myb,,Gustaf Adolf Langenskiöld
i-Kcb1kFVpQpDq61XMj9K7iG,Q105337292,Heikki Kauranen
i-Kd8zusWUpTsYTGb1YUR4He,Q106323650,Aappo Walta
i-KfXYoPpMWP1s6ooNkxKCr5,Q105955066,Alarik Achrén
i-KgR7MpxB5MYsXejsxVXa4B,,Herman Råbergh
i-KgjJCxbdt82hzHKsnYYkx4,,Ernst Rönnbäck
i-KkSs43d2DnQxGC62RUjkF1,,Gösta Lindblom
i-KoJBp9j1HAS2wtWnF79M1o,,Konrad Björkstén
i-KqWScvn4zdPpH9UqTYKQ8U,Q5931795,Ernst Lagus
i-KsLWXt96o6G3c9qu9e3nSH,Q17382649,Abel Nyholm
i-Ksviw3T6GsJxfgx6Ggd119,Q106705866,Osma Alfred Schildt
i-KuQLHkqt3cejKTyvvNYzpK,Q105620577,Anders Nordling
i-KuRhzNsx46gnkh5bRQzgZF,Q5499534,Fredrik Stjernvall
i-KuoWWMCGcGasD8NaD69C4c,Q106766179,Johan Wilhelm Brummer
i-Kus6bVi2TaGnJ2PW3eiN7H,Q108003416,Johan Wilhelm Stjernschantz
i-KvF36mMpu9ZuCa6R3AoUy7,Q101243567,Erik Karanen
i-KvfDtT3CDx7CE8XmxRCDRi,Q106323474,Matti Ikonen
i-KxTPNsdvaDSQXea4wDGU8f,Q102172744,Gustaf Robert Böök
i-KyrAu5PxJtcHbBh2XnzKUA,,Maximus af Schultén
i-L1KJ3WtZLgoZjfPp7unfjv,Q109826726,Gustaf Georg Waldemar von Essen
i-L2BLKXDd3w8s4qqNPwAExg,Q105629732,Heikki Punttala
i-L2dfSVdC9KhQSTQd28TwV2,Q107994313,Axel Gabriel Wilhelm Tawaststjerna
i-L5ZARSz8GnJB3juLAWJzKY,Q3193368,Karl August Wrede
i-L5qYEMkX66L24jwk7VCB5m,,Jacob Tengström
i-L98MJsiU1VuK4KecAX584L,Q104721221,Petter Gustaf Hällfors
i-L9kZxLhWCuQyLqDdMjfmwo,Q3375796,Viktor Magnus von Born
i-LA35x1Y7XM3uhT1r9Nc2oy,Q105751921,Henrik Svanberg
i-LBgUfgHuPnnZdDar6ZUzhW,Q106773908,Carl Wilhelm Daniel von Fieandt
i-LCk7nVEL2LauAF4kV4yAdD,Q106323610,August Malm
i-LDGNo6A9qwe5v3RvKjqA32,Q107337643,Ivan Alexander Aminoff
i-LEMEoacBNp84qL8VqhrH4x,Q104596836,Fredrik Ståhle
i-LENzLHnC9MzYZ4becot1Yi,Q23040901,Matti Rossi
i-LEp8fNXd1AnZzt4ZAiZeos,Q108067063,Knut Emil von Schantz
i-LMEScfuydVjqcwbYGSxdsR,Q104551807,Carl Vilhelm Torwigge
i-LMFvjALUJyhAo2SR348fhS,,Oscar Norrmén
i-LNeAt3ynhMRqUa1ahgphLr,Q5614505,Johan Henrik Cygnaeus
i-LPSNw3P3JYfMofPLqXC3FU,Q105946641,Anders Johan Molander
i-LQDuKjTYCeGtswAtVHen5p,,Gösta Sumelius
i-LTLtGArV54n8xN9SzsYhCh,Q17383421,Reinhold Johan Rehbinder
i-LXEKkbJV1hNyAnsc347hp7,Q106817448,Nils Adolf Lindsay von Julin
i-LXeKqcnhWJRPyVB2hLU94o,Q104995605,Gabriel Anttila
i-LYpQPnAEvBHwxddcikgnNW,Q56403428,Erik Johan Andelin
i-LZXLoYezcMtCGAhcNkmmmM,Q107978468,Nikolai Adolf Reinhold Munck
i-La7UQC3cRq7vS9HSMAPZiz,Q333202,Hugo Pipping
i-LaaLKatPvVQRvR2ozPzenC,,Robert Isidor Örn
i-LauGkBXyoLDjzoszXZ721Q,Q105629779,Antti Juho Pulkkinen
i-LcQBzSAGk6cyBWQVg2HXQQ,Q61103306,Karl Troberg
i-LcYSLrozY9sdA2Hktjosng,,Alfred Norrmén
i-LcbKWGDpGm9XdVkcD4Yn4p,,Carl Alfred Carlström
i-LccoceJBCqoQP5iE7k45vu,Q104246766,Benjamin Sulin
i-Lch3o2YJ8cMMwJUB46sQcL,Q58073019,Karl Gustaf Berg
i-Lejo7aaUSkc6PuVVEFSNg9,Q107054990,Arvid Harald von Fieandt
i-LfjijKcu6wrjy8uVqHyVJp,Q106239181,Frans Sumelius
i-LgZQWS4zG1x9kqYzpyaYDt,Q107400155,Alexander Sebastian Ehrnrooth
i-Lget5LPYWHPvRtBPXGq6gH,,Kaarle Juho Häkkänen
i-Lh2ZkUZd9AHu99nWtfbihe,Q17382504,Gustaf Edvard Mattson
i-LhNeaJMK2rPRdMfEm4W2yR,Q2605536,Johan Richard Danielson
i-LhNeaJMK2rPRdMfEm4W2yR,Q2605536,J. R. Danielson-Kalmari
i-Lk27AXaL7fVVebyiYHtGJy,Q91313292,Alexander Leonard Carl Schulman
i-Lk3BJdRWnrZD4VkCKeqBtp,,Paavo Nyrönen
i-Lk8xzvhSG9RJUN6BeTB6mi,,Axel Fredrik Granfelt
i-LmMgV7SdqVNZjRdPMKRJ7T,Q106239201,Anshelm Nordman
i-LnKGDyGvxDZZ7YsqPeHWDK,,Frithiof Napoleon Neppenström
i-LnkkcfDXzRGTPBMLXcE91Q,Q104627334,Elias Sipuli
i-LntY6DwLWnbrXMVX8nJS29,Q28055994,Juho Valmari
i-LqM36pAFwGPynJAx9z9oy9,,Eero Järnefelt
i-Lr5AdF1qhHs7ZqC317dwPC,Q105337241,Heikki Kansanen
i-LsH6GcJdCwFLL56qN5DzDX,Q104188739,Magnus Arvid Krabbe
i-LszJ9La6sjSXEUGEBJttyo,Q5478877,Hjalmar Granfelt
i-LszmzSyrMUQRmpWjdTrzZk,Q105620614,Juho Poutiainen
i-LuXf1BCe2pSWk9pv4PMhNL,Q11850401,Akseli Lilius
i-LvcfwaY7wAS1Kma1uB6ek3,Q106766144,August von Willebrand
i-Lw36bGs76KQaSTfdhJeosz,,Antti Ahlström
i-LworoXnhdkkqSH2e65xuXx,Q15528987,Robert Frosterus
i-LxagQossAJBCsTviBZ67Ld,Q105946638,Carl W. Savander
i-Lyo8fpiixdh58SbJEgfmjR,Q107738938,Fredrik Magnus Stackelberg
i-LzdgEat3rhCADgx5cR1LSS,Q108067057,Johan Ulrik von Törne
i-M1GkpKKam2WhRvDxjE48Yx,Q5560067,Adolf Edvard Arppe
i-M1dRDrHkNpb4p39e5pVUGD,Q106766173,Rudolf Waldemar Munsterhjelm
i-M2RVvJD7jgP4UzUVxXoUL5,Q106766155,Hans Henrik Brummer
i-M3agL2duYbF7KZKer9417T,,Gustaf William Homén
i-M3vdGvw9iDEMvMQ8z7ckwG,Q5973556,Peter Malm
i-M6mbjgtYJJWYAYtdGYN5yy,,Erik Johan Stråhle
i-M8GjBiWjFex38AaKPzEaZj,Q102667659,Julius Fredrik Gadd
i-M8vPca9XvnkuhF7z5k9Ho4,Q92752043,Frithiof Alarik Tawaststjerna
i-M9GEjZeNs7B27BfEGmJYSN,Q105751906,Kaarle Henrik Teittinen
i-MBAhp3QGsu4xyQ6tjvHiC7,Q100784624,Theodor Leopold Eck
i-MDfAM83g7G9zW98usAVuS1,Q5979967,Guss Mattsson
i-MDfAM83g7G9zW98usAVuS1,Q5979967,Gustaf Otto Mattsson
i-ME6jgSLdkwbzPDF9maty1N,Q107978476,Karl Gotthard Werner von Rehausen
i-MEgwJwDM4mwi6wmXsCMYJx,,Nils Otto Nordenskiöld
i-MEoY3ZYgtDsM2D23r4yfXX,Q5405855,Georg Fraser
i-MFBL7XnrdB4HHfQL2ffF6i,Q108043642,Oskar Leonard af Forselles
i-MFtm1KTTmksUypGZFKkvkP,Q5438851,Arthur Thesleff
i-MJFSJa1aXzYnXn8PW7NoCX,,Viktor Raipala
i-MJwirdyVsfeQa46rvEQmu8,,Lars Johan Hammarén
i-MMYT7XLX6YPQ7PudpmVcPj,Q97340754,Carl Rosenius
i-MMyFhhMEvCjmcwSBsfMJk1,Q93261828,Ernst Carl Adolf von Willebrand
i-MNNdb5hx4FpNXw9RbRm64,Q104549842,Robert Blåfield
i-MNyNttGEs2xVMSxNfSviJD,Q106323467,Matti Retula
i-MP8tCuyCgGu6j7iyfmn1Hs,Q105470731,Tuomas Laurikainen
i-MPFwM3Xim9Zw7dhhTecn4W,Q34877449,Birger von Troil
i-MQLhdYxVRGzFNC1bGzR64p,Q107054972,Carl August Wilhelm Cederholm
i-MQzMznpRQBMmbXktLvAN9k,,S. W. von Troil
i-MT4FXbmfE3E8zXeKT2YLpS,Q17381093,Johannes Indrenius
i-MTVnejidR78VGkqvg6x5Qp,Q108043658,Viktor Leonhard af Forselles
i-MXYA6mu4YEKfDVYKu42SUN,Q106239316,Carl Eugen Åberg
i-MZfMSqHz9EQfVMc733DtHZ,Q16160914,Magnus Alopaeus
i-MZjGSV6EaQrvUyQv5EbDi,Q65229155,Alexander Cronhjelm
i-MZsPVQ9dMC8ZHTgrVyD83w,Q16737287,Olli Helander
i-MZzLK6ceKqS79rLo8ueo9E,Q106241039,Robert Hartman
i-MbQvVcF8hxDj9Gh7nNodQi,Q105620615,Heikki Poutanen
i-Mdt7zZSbuqudjxnT1UcWMu,Q106323445,Johan Schulin
i-MejDXzf7f7w3bWanLQKrgB,,Josef Grönberg
i-MixwsDneJhAzKShrxe4XzW,,A. F. Orrhaeus
i-Mn3ZFywZU8ZfJcVx8DUemL,Q11855007,Carl Magnus Engman
i-ModpSX4t69XxAKF7ekgvVg,Q85990242,Adolf Reinhold Viktor Ehrnrooth
i-MogwxPPyotmdVHPokgUn5V,Q105751971,David Savolainen
i-Mp9K29oMoRuFXcdAb1nz2G,,Werner August Örn
i-MpSvLbSBufpP72uqPvupgE,Q104550153,Jakob af Forselles
i-MpYr5qap95o2iCMfyBRiYr,Q106323609,Juho Heikki Luoma
i-MsAZiKUoJpJxkiXUKdN7nN,Q11850593,Albert Luoma
i-MujcqCg7h5ho8MapFbhqsZ,Q106967413,Birger Fredrik af Björkesten
i-Mv8LxUWcA6ScC4mGxxYUCF,Q109774866,Carl Alfred Uggla
i-Mv9xYt1oFBbC68U2iqevMq,Q105069794,Johan Gabriel Gädda
i-Mx8rT8cEuAAhv39T79k9Lo,Q105751922,Risto Summa
i-Mz9aBz5SdW9X6Q9PVDD5SJ,Q106223936,Adolf Fredrik Liljeros
i-MzVQxM4xkNeBUq7eq6vH9k,Q65229159,Alexander Jakob von Wendt
i-N2PwTvXjXUdT9dRHeMawYq,Q5572052,Edvard Bergh
i-N2Z97XeDoEhoXqMP1Yb91f,Q105751892,Heikki Tikkanen
i-N2fRatMiRmLEhFJUaMqMBg,,Gustaf Fredrik Rotkirch
i-N3KeHTJ7pgpFitvvhKrhUK,,Frans Ludvig Schauman
i-N4Kj7XJKByKctvmiVZHuWm,Q5797587,Felix Heikel
i-N7AHCqt7u3nWVNMBEE8SaY,,Alexander August Peter Wrede af Elimä
i-NAH7vpemmxvbjxdoZq9z1P,Q104549898,Hans Petter Winge
i-NAuZTui4bievWP5oqZC398,Q105432396,Elias Illi
i-NBh89WjkAAKD9CCqxkG37S,Q5797598,Ivar Heikel
i-NBjMz9hr6symL5rEHweJfZ,Q106812011,Aarne Gripenberg
i-NCkfpUwoqABjXwqK5aXbJ7,Q105454264,Mikko Lampinen
i-NDDsvs2KPqUENDma8QUX7J,Q5973883,Anders Johan Malmgren
i-NDu3XB3xk3uT4c2LFvLbZz,Q20251380,Axel Fredrik Nikolaus Cedercreutz
i-NG9kNwuhydnAfCZMfVWjFj,,Julius Immanuel Bergh
i-NHKgqZ5VCJGJQMeRSrTD6B,Q26270051,Otto Pesonen
i-NJNYuA3TCLDAUVNjE5j2MC,,A. Fr. von Christierson
i-NK34WfhpRdsDWxgtnU3RwV,,Johannes Castrén
i-NKUVrN6kypayREU1YSXp1x,Q107750242,Knut Adolf Boije af Gennäs
i-NKaswFdK23mmSjbg8MMacH,Q105620591,Juho Nikkarla
i-NNUNTXzUgmd3vM5ymCgTek,Q108067086,Bror Albert von Fieandt
i-NPH1o1xeorDHN3soPCbMv8,Q6210840,Edvard Tigerstedt
i-NQLXuNv2TZG5tDydaVXrk2,Q81804616,Karl Magnus Emil Brummer
i-NRTTLGWR9xV953dyx3Cmix,Q11898647,Tuomas Suokas
i-NT9DfbhMZGzqHNjgL2hXP8,Q107860636,Georg Otto Segerstråle
i-NUC4AmXjZ5KaMtPNfqBxhQ,Q106240876,Albert Öberg
i-NUWvTeBf7cVPTJBMAB6Ecj,Q104550266,Fabian af Enehjelm
i-NUn9oiVKe8AEJreEd28SPr,Q107172250,Adolf Ferdinand Spåre
i-NVSSVqMqZbW5m9b6RM76L8,Q105337342,Aksel Hynninen
i-NVyXtQG4ngA5GXmvPaY9YJ,Q106323615,Olli Mustonen
i-NWfTGCDhbu3vNXABaUGgJX,Q106906815,Arthur Pippingsköld
i-NXVEJeG8exDqKdqBDPeqwV,Q104588882,Fredrik Ulrik Bernt Otto Stackelberg
i-NY2vEoe4HTkpb5bQ9ByBgQ,,Johannes Gripenberg
i-NZKAm3ErTL9hjBC4SPLuqU,Q5581958,Adolf von Bonsdorff
i-NbLP2Nt1pfin8JxryLMYRd,Q105751890,Heikki Toijala
i-NbSptXiZKGLtChSMzVsm4n,Q104899489,Gustaf Fredrik Sneckenström
i-NcxEYLNAvK4g34toLZ9Xmy,Q110322644,Hjalmar Fridolf Samuel von Troil
i-Ndoz7NSGawumf9wRE9WPFY,,Carl August Standertskjöld
i-Nh9zLKZnLGy4jBe4znCjG3,Q104235951,Karl Fredrik Grönberg
i-NhJsA3ABbAMLYTMuFqgSpb,Q11867558,Juho Astala
i-NhaCf8kMDuGNBTufgaKJj2,,Alexander Otto Ehrström
i-Ni6TkJz5gHK9gkCs1fQnPw,Q11858309,Erkki Juho Warpenius
i-Ni7ZXhkyXJkTLKyP27EfJg,Q106309495,Albert Lindh
i-NkQqrLFDbfL6PHpgSiTkBZ,Q87711793,Mauritz Ferdinand von Kothen
i-NopaF9v8qja8LhSbbnnb2M,Q11869433,Kalle Piilonen
i-Np41SwUHwR2XNxuHxkXohs,,Karl Gustaf Ehrström
i-NpQ4pik31NjbjFQK1eTY2D,Q11856443,Erik Viktor Petterson
i-NphcP16j5qu5ntda7ML8DP,Q17381716,Petter Klockars
i-NphcP16j5qu5ntda7ML8DP,Q17381716,Pietari Klockars
i-NphcP16j5qu5ntda7ML8DP,Q17381716,Pehr Klockars
i-NqCyztYxbvpx95V4SwQ6nX,Q106936698,Ivar August Wahren
i-NsHXM2LemEn2bjvkhHbwra,Q102355451,Claes Robert Stenroth
i-Nt8YGKJiiZ7gv6xC2bwbfr,,Gustaf Adolf Konstantin Gripenberg
i-NtosEyycMypJu45DLSKt8a,Q11891143,Rolf Boije
i-NwG25Q1tZQAtUqrP7VkCNr,Q20736826,Adolf Waldemar Wallensköld
i-NwgjBH8eQNFcHLKVJ2kSzp,Q61103095,Hiskias Kirjalainen
i-NxYVE3KzeNrGHSJrekxTNq,Q391176,Johannes Lundson
i-Nxfsn5PHzYhH2DmBcoNnAc,,Fritz Arthur Jusélius
i-Nxfsn5PHzYhH2DmBcoNnAc,,Fritz Arthur  Jusélius
i-P1yFwRyuDa5Fsq2kN6tcBh,Q106323488,Urbanus Koistinen
i-P2TB7uqML45WSXmGGyBpbS,Q93261832,Reinhold Robert von Willebrand
i-P46k6zjdqv1UvTq7vDZKhg,Q27069016,Magnus Fredrik Clementeoff
i-P5da9MFNVQpRhU72ekmUz2,Q102291355,Gustaf Oskar Teodor Nordström
i-P5yxBbcUYC7ESsTCmTiwPG,Q106323663,Oscar Wilhelm Andstén
i-P68mLaom1qo4nAwfyux1WP,Q28357030,Rabbe Zakarias Wrede
i-P8ZyisnHJoEetVdab3w2LR,Q106239220,Oskar Backman
i-PDBzu2g8GGcW9r8Ka5csJL,,Claes Samuel Segerstråle
i-PGPnV8fzHG46P1xAtDeX6J,Q108067061,Henrik Johan Standertskjöld
i-PHhNjXUhesTG1v74LgJRHM,Q85995804,Alexander August Thesleff
i-PJNZ42wbWSKxA8Fx3hejJx,Q106319475,Herman Roschier
i-PJieNR5tUWvJeBkxF7Dr9F,Q106272574,Fredrik Jansson
i-PKPe2Nyabt6ctrsa6d5cFL,,Kalle Myllylä
i-PL2Bg7AL4FXe6jqQmTycGd,,Alexander Etholén
i-PLyPRr4UAy58WNh8KVMjYT,Q5720008,Bernhard Estlander
i-PNHAmRdMEAf83M9VATEtRt,,Erkki Klami
i-PNmHnqPyRhVYDfz1Hy5FYA,Q106989471,Karl Hjalmar Rosenbröijer
i-PNuNCbEDkNbdhUFXgRbJsz,Q11850785,Alexander von Daehn
i-PQT9K9ugXfybjCdmJX2bbf,Q107258246,Maunu Ossian af Heurlin
i-PQjdcYv8HUE6sNCSihTk2j,,Elias Malakias Rosengren
i-PSA1xqURUBt3dZpg7w3Mzs,,Gustaf Gädda
i-PSCkTqovb3Rb4FfC2FAyU7,,Fredrik Stenström
i-PSxzUhNbXQgjwkYXdXsr9W,Q107258244,Frans Axel Herman von Knorring
i-PUGEJH9kXtM6B1imKCMoex,Q11866713,Johannes Schwartzberg
i-PVaivFSAuPU2ijJgx7Qfen,Q106272578,Mikael Lindén
i-PX1FwcYEjVrTLmnqUwwqS9,Q13586011,Hugo Lilius
i-PXuku1HofhxbHupjzJDbQt,,K. J. Högman
i-PYQaaQwp6fww67Sfuv5pS2,Q17382782,Henrik Christian Nordenswan
i-PYWvB334yLWEhtwkxgXUPF,Q105432364,Iisakki Holmi
i-PYevqfZGZ2L2kAxK5yJAg8,,Johan Bäckwall
i-PakNJPLNiG83PD1Hqsszw6,Q2580737,Adolf Grotenfelt
i-Pcaa9EgdyNW1ATcp1he7Tu,Q11859185,Evert Wasastjerna
i-PekxKWsZ4bgFrbFj9LrEem,Q106967475,Johannes Wilhelm von Nandelstadh
i-Pf75wDVPHr1357N9G8kwHc,,Nils Karl Nordenskiöld
i-PfNDvdPUw3V2yuQ3zFXWwn,Q106223979,Otto Reinhold Grönholm
i-Pfw4BTaDP6k2iypU8dU681,,Adolf Aminoff
i-PgAMU6BqG36U1C18dfRoTQ,Q11860085,Fridolf Leopold Hisinger
i-PgP4VQLBSWeqNWkwt4rYeN,Q105756269,Antti Waris
i-Pn84JtGdutpdSwxbgQUoER,Q105454605,Juho Kotilainen
i-Po86c6SzZBrRp2cXNt7vbS,Q105337195,Juho Jormakka
i-PsebhHbMPp7TojDsoDt1hW,Q1974329,Axel Lille
i-PsuoFALePn9dpFRG2m5nm8,Q5401177,Rolf Lagerborg
i-PtuyxaDFzQJ2vXUDYSKW5C,Q103337992,Anders Oskar Törnudd
i-Pvw9EBwj6b461Z2NzQEMrw,Q5473885,Ernst Dahlström
i-PwYmt66Muuq6LCAKqgJ6bg,Q11866656,Johan William Forsman
i-Pwjr6vGBf5sGMw2BtNjBMH,Q11856627,Edvin Avellan
i-PwnzQwwr5bqYkhupZAh7NR,,Wilhelm Thesleff
i-Px3G8v88wqcrbZDDAeY4bn,Q104172923,Berndt Gustaf Emil Blåfield
i-PxM4zoed54FM2xN5phWky8,Q101184260,Johan Henrik Ilvonen
i-PymBN8Lia6PetBUJoeuz2t,Q107337649,Georg Mauritz von Essen
i-PyyELpiiVyvdj4dMGXBMfd,Q20251422,Axel Ehrnrooth
i-PzVQ4YLaWeM7pNS6Ys5uUd,Q106967418,Gustaf Ivar Blåfield
i-Q1N8PN7b15c7kKuCCwqBkf,Q11850636,Albrecht Fredrik Richard de la Chapelle
i-Q1ibeZgVwdgK9awDnvXcF6,Q85979430,Nils Johansson Aejmelaeus
i-Q21ZTbWmznLGQxXvyNXGvX,Q107798065,Karl Johan Agaton von Numers
i-Q5EydXH8qjLRMePzsPkUGU,Q106323718,Julius Emerik Jansson
i-Q6qBz6peRTuLmwUG9fGTUi,Q98457184,Frans Alfrid Aejmelaeus
i-Q76pbjMuE4qKSn7QggecGP,,Herman Hellén
i-Q95QFncTZFNWLCngcWrEbX,Q107172247,Woldemar Alfred Ludvig Rehbinder
i-QBzR9quZuLUvCqxCppFswG,Q105756258,Juhana Ylönen
i-QC5Cyy3W7sCFLULXRbi4Rm,Q100784583,Johan Alfred Nystén
i-QCMogBudzNTMKFVRyUTu7u,Q106309501,Johan Fredrik Kerttula
i-QE8zNVMp9Xs7sAfD5qKxFo,,Carl Adolf Öhrnberg
i-QEY8yLYiTTD8YcFBZFzwF5,Q106323598,Matti Leino
i-QEfPLQGwwVw7e6SHKhBgS7,Q11860381,Georg Wallgren
i-QFtRtd5gpiAbTC23qvFAwg,Q102322728,Evold Oskar Alexander Kuhlefelt
i-QGPtDAH1rAzUX1zyuF6Zjh,Q105077447,Antti Haikonen
i-QHeFmPFqTzUKYegijGeky4,Q104413212,Karl Fredrik Stenbäck
i-QJ1ZkTV7SwMpxh2ZB1Guar,Q106239284,Richard Heimberger
i-QMgGCwPHvJ4CXVz7N7KJek,Q101009349,Ivar Rudolf Forsman
i-QNhMBum6ExbBrKvo7ygXjB,Q102046756,Karl Wilén
i-QP5DJLaZH6HrKA2LVXwim9,Q104588874,August Filip Armfelt
i-QPoFfjW9PNsnWHP2wwCzA3,Q107086197,Henrik Josef Gustaf Mechelin
i-QQ7rzMcvpGv1RunkkD3Hgv,Q704066,Johan Wilhelm Runeberg
i-QQY41pDJEC5sc6i2RxR4Hf,Q105077448,Karl Henrik Hagman
i-QSofAA7uWWcxZqxLFXBh9g,Q107978472,Anders Georg Emil Munsterhjelm
i-QVeVTFe56BkTfwnYuwAieL,,Hjalmar von Bonsdorff
i-QVrcwFYjcxwn93KdWmPBk3,Q5889518,Johan Viktor Johnsson
i-QWKeMQ8ikAFs3HUhpwcTcY,Q104550083,Fredrik Ehrenmalm
i-QWtmceu5tuL6iNKSbdGPzi,Q63275073,Carl Fredrik Forsman
i-QXBKraZHyPiE9z35xJ7hrQ,Q11881564,Matti Holma
i-QYHzVDBkaHwTabbuxDayFN,,Carl Mannerheim
i-QYXUQL1GRL9Dj9W63s5z37,,Kurt af Enehielm
i-QYn16ak5qeRq4d9Vrw4qd4,Q23039688,Gustaf Robert Alfred Charpentier
i-QYxULRmLP8R5DCtgrjvZn8,Q104602796,Henrik Sovelius
i-QaTCTm7zbJdPwtSKAQ6xKM,Q105337338,Juho Ikkala
i-QcNomwuvdVFymGu4tEokDW,Q107750239,Adolf Edvin Arppe
i-QcsjR5Y3EcAYrfuf6exqd2,,Johan Reinhold Taube
i-QhncDJ9GjFzajpogRjMHPM,Q105629715,Vilhelm Pääkkönen
i-QkiuvQensCpwWyAWks6NUq,Q108056302,Johan Emil Furuhjelm
i-QmDvF6akeQRHNrBxFgwyU3,Q11852102,Antti Juhana Mustonen
i-Qnp6pqgLniPF2sFKE6V5wi,Q17382325,Alexander Wilhelm Lyra
i-QnztxA9UA85K7Pcdod4AWL,Q6068615,Fredric von Rettig
i-Qp7sJuXneZjAk13ibBY1Fi,,Gösta Björkenheim
i-QqBB3xoTfxVdjYr5NQonYt,Q106967467,Lars Emil von Haartman
i-QrXbUARX3WXzHQ9txYadDP,,Robert Björkenheim
i-QsddKiAiTQrxhHXVtrHq6U,Q11850688,Aleksanteri Tuloisela
i-QskzHhWrhp8unnoSpbaboW,Q55395708,Wilhelm Fredrik von Nottbeck
i-QtRE4wiVPvYZD95obdru7G,Q20255349,Frans Edvard Molander
i-Quofg7cvFSNhUVrVFqCsCJ,Q17384649,Kalle Viljakainen
i-QvFYn2SbCevwzepahRX1Eo,,Axel Fredrik Charpentier
i-QvZND5bsUMbLd5okrAcPB4,Q106323634,Vihtori Penttilä
i-QvmSKDnRAtXr4Y5xFUdyFL,Q4412255,Waldemar Schauman
i-QwYQDZHC3TqUfTjTHbxuTf,Q101423242,Johan Leonhard Pentzin
i-QwcTLbpo4YVwryjr1GArpy,Q104145191,Otto Mauritz Nordström
i-Qwef1SgV2CKvjcNDkxWaLb,Q58072956,Arthur Rickhard Ramsay
i-QyPgAFSeFwkAKAaSYDLYCy,Q106812031,Edvard Robert Ludvig Hedenberg
i-R28UTns33JCA99kCLanPzS,Q105069788,Edvard Grönroos
i-R3sJekkutyVdAe6K3GTP3c,,Nils Henrik Pinello
i-R6esB2VMiCeF9f4oaXQg24,Q23761422,Simon Wilhelm Nylander
i-R7XPbPqdwJug3bA6LutgV3,Q11863727,Hugo Richard Sandberg
i-R7vN6VeBQMj14FAtddnDir,,C. F. von Wahlberg
i-R8cSAzux46z13Kz116RqYq,Q4354047,Svinhufvud af Qvalstad
i-R8pmgSjrtL5RNu17k6YJJ8,Q100784884,Gerhard Pehr Alopaeus
i-R9GysjTqcGUJdiX7U42BXP,Q106323479,Mikko Karjalahti
i-R9jTBuaffAFW9tqnohzFxo,Q104348769,Samuel Henrik Nordström
i-RAMm5EB5hewafqayKtSYFU,Q105645260,Kaarlo Fabian Rautajoki
i-RBMv4NKJqVbMmhQsYSdbLb,Q11855498,Constantin Linder
i-RBWCuLg8kwt5DsDhYULC5s,Q6067104,Gabriel Rein
i-RE9ioS2PcNCNiD9EFU1fDJ,Q100781243,Isak August Björklund
i-REsb3HRKixELb2Qs7KmBoM,,Axel Björkenheim
i-RHqygXe6TkBr9hHcesVUv4,Q105751918,Viktor Vilhelm Söderholm
i-RLK2wujPko39urNNKUwfR1,,Adolf Wilhelm Granström
i-RLs3KN5zMfehHXGTrj8v3o,Q106323640,Kustaa Adolf Raitanen
i-RLwFsttUZJapjD32D16Mxd,,Magnus Erik Alopaeus
i-RN2xBfcNHm4QFV3THjTHgy,Q105037590,Karl Johan Brännäs
i-RRrbfpAgX7PwDQKMpoJV2G,Q4104162,Knut Wasastjerna
i-RSUNuRBeN9QEuyvaqF6vTD,Q105454333,Karl Gustaf Lagerström
i-RT3U6VrgfFvTbEBaT1WU4Q,Q106241049,Alfred Burman
i-RTvTgtKDAuhsqLL4VrqGxQ,,August Edvard Granfelt
i-RUbcSSRCcGyP1SMHNcHDBY,Q105701209,Gustav Vanha-Seppälä
i-RUeFTJDk4Bcmi5Q2QfrMYL,Q104602803,Samuel Gottschick
i-RUfth79dYLH42WsVVpJ1J6,,Felix Florentin Serenius
i-RV7q872vpjZkC5xzMMKEib,,K. J. Ståhlberg
i-RWAcu32ZUF2YvpkQeJcFND,,Arvid Järnefelt
i-RYRLCW2s7dknqNzUos9PeB,Q101332637,Gustaf Edvard Lybeck
i-RZhydE7SX8RvSkiFoBh92E,,Harald Victor Wilhelm Furuhjelm
i-RZrdQe9EF8epc2oUiYctkq,Q5438635,Johan Albert Edvard von Julin
i-Ra6DZsbiF1Qi4QsVYUsB4f,Q106773949,Carl Axel Gustaf von Christierson
i-RazorKnY8QnsosmjEpa7Cx,Q85991585,Johan Herman Lode
i-RbShaK3GemTXX3EKJNmQqN,,Robert Olof Lagerborg
i-Rby9gqrGcd7k1U8tGWeVco,Q101069594,Aleksanteri Gummerus
i-RcSCmpxriPBQokni59zaX1,Q102182397,Axel Gabriel af Björksten
i-RdVg2ED8jziUyqAhpvSx15,,Kyösti Kanniainen
i-Re4PUqw3hSF2gYzFAbLco4,Q105454450,Erik Johan Kännälä
i-RemteiT7sCE4ug9DvwUUZU,,Ernst Lindelöf
i-RhBRSkx9yQCaJTuJXtgxWb,Q11860782,Gustaf Dahlberg
i-Rj2c8ipnAPEZ4wgVvsAFh2,Q106817325,Alexander Wilhelm af Heurlin
i-RmokoW7hqqBTHEKbGg3DNm,,Johan Philip Palmén
i-Rp2PztPk5dnCsvQTKH2P2F,Q5492646,Arthur af Forselles
i-RpVDw6iitmizfBXkZBCRJA,Q105454524,Tuomas Kuisma
i-RpxSvxG4amN4EMcdgkbpKE,Q11862304,Henrik Adolf Mechelin
i-RqAPAC7S2CX7e35kDsECyi,Q106223951,Adolf Albin Sopanen
i-RqnKaG4Hk193aoEnE7oY7w,Q104899495,Robert Emil Hisinger
i-RrQ3T3si3z3UVhi3RdhVzj,,Axel Johan Alfons Spåre
i-RrrZcYmz8gMNNh9veSLgyy,,Hugo Standertskjöld
i-RtZYJRUio7AUd7ime4k5jZ,Q105337225,Abel Jäntti
i-Ru1jMpqP9G8A3wM3W5Ufdk,,N. H. Pinello
i-RuWjhvcLonqckZ5vuFTfDf,Q105069783,Elias August Ekman-Isotalo
i-RuWjhvcLonqckZ5vuFTfDf,Q105069783,Elias August Tunkelo
i-Rvm4fcZPK4D2qhoK2MNv7C,Q104631391,Simon Louko
i-RxDaXQCkTN5K77BYobYMRs,Q11860037,Fredrik Paksuniemi
i-RyyZbpWVhzYMm59x53dQgk,Q11858519,Ernst von Wendt
i-S154YmFsimHxrDU4mVt7UQ,Q101583701,Einar Ossian Schauman
i-S1pw6piuuiCbir7ePXdqY4,Q5578552,Petter Johan Bladh
i-S2JvqMtVriHzJCtaWZ97W7,Q4351768,Antti Puhakka
i-S3BEuv7Bn8ayM26jYrr83J,Q105045044,Adolf Natanael Colliander
i-S3GuL4uWXYcmpjmQUj9PCt,Q20736682,Valentin Gummerus
i-S4GmUj8rHy9f5UtwUyzeuT,Q108067058,Fridolin Stjernvall
i-S4N4b2keBxeCJJKy8Ryks3,Q30174332,Arne Cederholm
i-S7HnBrDttPGxM4jsJ8CmK4,Q104550197,Carl Anton Broberger
i-S8BUZ6vnbJpzzmYXeu7wqs,Q56403648,Knut Svanljung
i-S8XRVnYxVF1uWdqPN4vmHV,,Karl Johan Robert Standertskjöld
i-SBWbVTV2f7vdAPCNzHq9rq,Q5547802,Magnus Jacob Alopaeus
i-SCDfHvQhfbb3ozrfTxB2Ni,Q105432334,Johan Viktor Hildén
i-SDx8XWaQ1pBA9gKiPinHpP,Q106241016,Juho Nissinen
i-SFc8hpHHMKPoBCPMh5HGZC,,Gustaf Adolf Langenskiöld
i-SGZvu2gmDdnsbFXvehPV56,Q106773933,Emil Waldemar Cedercreutz
i-SHv8JmjxjKq8nKf5WMXEG1,Q104235976,Karl Fredrik von Born
i-SJiwEStodzYuHjM8tq7Dmg,Q107323184,Fredrik Kristoffer Tawast
i-SKPZwEKXE7hX71KKJrTCDN,Q55395767,Johannes von Haartman
i-SPqs6qVLvM2YBpWYSvfLES,,Kristian Trapp
i-SPwXEDwrmRhThsKjhJmzBQ,,Valfrid August Vilhelm Blåfield
i-SQJ5Monvd2cwvwoh9Q8GtZ,Q11899560,Uno von Schrowe
i-SSc9zSnPAgfhX8h2yDhK5b,Q107918233,Fredrik Järnefelt
i-SSeEffZt43Kvtrd9Cx5n3r,Q553859,Robert Tigerstedt
i-STAnaSXq3Wzd8jSfHgfAs6,Q105662930,Antti Uotila
i-SU2n35iQoWZU6ahNBi2tN9,Q104143750,Karl Fredrik Munck
i-SUa2EAYaUVdKXx1Hip3kos,Q17383702,Hugo Schulman
i-SUpmw56zMz2APdv8K23tDg,,Ernst Gustaf Palmén
i-SVUC6CZ6K8PYcHFwEQ5T2T,Q105337245,David Karppelin
i-SW1vHpQ8FCcrVNRvfdz5ft,,Robert Severin af Björksten
i-SWcAb2S58766GiVqcK2yWq,Q106239238,Johan Gustaf Wikeström
i-SXNWTjE9HN5oyuWqsYxf5Y,Q4413049,Leo Ehrnrooth
i-SYnSDfibYZd7vBXM2DWy6m,,Frans Ludvig Schauman
i-SZ16bZKoDB96Toq5hKxNqX,Q106367951,Simo Frithiof Parviainen
i-SaCnJmAftzcnG2e8XYGcL9,Q5802420,Robert Hermanson
i-SbX61wokaS67ghtHrcjkgQ,Q11860812,Gustaf Robert Ehrnrooth
i-SbofGedkQmSvXcY3kuYV13,Q105751943,Johan Starcke
i-SdMoUcpSHjToPwQR4EJX9T,,Krister Jägerskiöld
i-SdgbXNAKksp7Y4D1ExsyJV,Q11885863,Oskar von Schoultz
i-SfCwsq5Qek5Vh2jkQ6X17W,Q104550228,Fredrik August von Zansen
i-Sfn4EsStf31pPRaBmW4Hw5,Q100780792,Arno Reuter
i-Sgc98ZDEzcXD8Ee87B26PF,Q105946628,Samuel Johan Vesander
i-ShSqKxsKjsrqLxqcDTQ4vS,Q104551815,Carl Johan Armfelt
i-SiFian5B3vruST13ZFJvMQ,Q107918176,Alfred Henrik Balthasar Ehrenstolpe
i-SkK4TRBZDox3b1jvm2qT2t,Q11860791,Gustaf Gideon Forsman
i-SkKUXsPiaabPiKXqGWU5WM,,Kaarle Kustaa Hegerström
i-SoWgEmbVTmdPn2HvTMFCF,Q107968786,Gustaf Albin Wasastjerna
i-SofurPRw3EL6yyFJXakZd3,Q104007046,Axel Henning Krabbe
i-SqM5eM5mRQL5Ezs1SSYeE,Q1703242,Ossian Bergbom
i-SqM5eM5mRQL5Ezs1SSYeE,Q1703242,Ossian Wuorenheimo
i-SqQK7dWUc7zwppHradamvV,Q107797860,Fredrik Nordmann
i-Sqa5GC1t2uBEPmCRzkYfks,Q107978474,Julius Dominicus Pinello
i-SrGiafTSdSwpad4RB612Eg,Q106319466,Henrik Solin
i-SruNgxePrM2C8QjDrT3xNt,Q106323624,Adolf Nousiainen
i-Ssz6NPb9rMtK26HHXkXoyb,,Lauri Kivekäs
i-StNDotZqCKLbRxhLrc79wz,,Juho Malkamäki
i-Svni6aX5bhGV2ryvepBXto,,Georg Ehrnrooth
i-SvyiLaCvhwTTq33XMRDDFu,Q107018413,Artur Edvard von Bonsdorff
i-SyVV264UBZ1JB58yfmkdmz,Q61102653,Axel Ekestubbe
i-SzT9Ti41fPxiEJHVPCHzAT,,Theodor Tallqvist
i-SzVBBvxt1aGJ6jks8D2Q5W,Q18814960,Rolf Thesleff
i-SzqzswQ1RPMaaeiMYjG5Ca,Q104721229,Anders Gustaf Westerlund
i-SzsXtoTJnMbV9EcXuXLoAy,Q106967465,Carl August Gabriel von Haartman
i-T1J3nBEQ2dbgwg4zHwkNeU,,Reinhold Ernst Petter Jägerhorn
i-T1yiXmDGyDLcG1pnW8cW3f,Q100870519,Petter Adolf Brofeldt
i-T2NvVpCbguQDo4BsdWUvRd,Q63275089,Juho Rudolf Forsman
i-T6iwtdGymhfhiK1c7VMUXe,Q105636268,Juho Pere
i-T6mMFVzHVrVXYdjMx43gXd,,Josef Adam Joakim Pippingsköld
i-T6nMGQg3XFKJ9h18Q337Aa,,Johannes Granö
i-T7obg2BNJjQHgCfqJQDHo3,Q11860814,Gustaf Richard Idestam
i-TCQs5DXsZFoCfJSdbFZHQZ,Q4527625,Constantin Nils Lorenz von Schoultz
i-TCrqeMQR8TfbBknsNKpx1w,,Knut von Troil
i-TCwLfpuQKKUCxLk6FY1oaA,Q11866699,Johannes Lagus
i-TDFeRLpapo8KPRobArnpEf,Q104721230,Gustaf Lemström
i-TDorJwip9wZw86wKUvrc6g,Q104995649,Petter Akola
i-TGqE1UqnA73NvW2YYgmMf3,Q105454314,Lauri Vilho Laitinen
i-THAVuE4axrjJyKgs83WVGV,Q104721213,Josef Österbladh
i-TMtBCHpVArrzqFRZ7UamYAAnders Joachim Kurtén,,
i-TMtBCHpVArrzqFRZ7UamYA,,Joachim Kurtén
i-TPLLng6ovQtEFTALxn8PZa,Q3375788,Agathon Meurman
i-TR13JsM23E7ipXqPtPdrJn,Q26244660,Theodor Tigerstedt
i-TRJUkgdtqj8YafcHWiunC8,Q105069780,Kaarlo Ekberg
i-TT9wVN7fF9yzm6SxBGQwCu,Q6190771,Emil Stjernvall-Walleen
i-TTJ6BfyGcHTAc3wu7ASwci,Q5955329,Christoffer Alexander Linder
i-TTJ6BfyGcHTAc3wu7ASwci,Q5955329,Ernst Linder
i-TUXNt96MoMXQnU5GkAysCA,Q104383018,Lars Henrik Gustaf Langenskjöld
i-TYnYVTeZurrqCheXFbt4rb,Q107738924,Alexander von Knorring
i-TYyoxCt17RVmpDAFKWJW3u,Q1661801,Felix von Willebrand
i-TZBstz6GvAASyzwu3ZCkyU,Q105432186,Kaarle Konsti
i-TarLwptG7R8SF5pg2iR5pV,Q61103302,Eynar Thesleff
i-TeVreJTGDQcrpSivfqbBtE,,Lorenz Lindelöf
i-TenXkjdHcqi3QqXg8Aj7co,Q104150518,Karl Jakob Helander
i-ThLyS2PmaP8M3K7ALK22pq,Q1785182,Oskar Hackman
i-TmxEAscjG4hPj3fvW7XYWt,,Axel Fredrik Granfelt
i-Tn9Nab3J9yB7jDsvGXvMxV,Q107918278,Frans Egenolf Eugen von Knorring
i-Tntgfg5AMMxYZi9wm5H9Eo,,Aleksander Henrik Söderman
i-Tnx7FYE9hZfG2QfvLnTU8p,Q108082117,Constantin von Fieandt
i-TpRRxpwrPivaPab2rTZrGQ,Q4350756,Berndt Otto Schauman
i-TqHLa2ybuznPCSfNH3SkF7,Q5930256,Gustaf Wilhelm Ladau
i-Tqp3j9qYioq4RaiA7DM5ac,Q5581962,Carl von Bonsdorff
i-Trxigum19383HjWaEM7WN1,Q106319470,Johan Wilhelm Samberg
i-Tsj4S7NTnyj22gTiduh9tv,,Hemming Åström
i-Tsm7XwQqjWpXrCqx4saGXA,Q93261790,Gustaf Alexander Tigerstedt
i-TtTfn6AZ2VRQkxNw2hsBsT,Q17383866,Karl August Snellman
i-Tuzd3ffhjuy1CAvyKR6n28,Q17380063,Kaarlo Johan Blomstedt
i-TvLg6gRhrHwFWkKK9i4FYA,Q107400151,Torsten Johan Aminoff
i-TvcxBipQbXEpB8ZmhBPP9x,Q101111233,Eugen Idestam
i-TwPvj87UckWE35KtsCMaGf,Q104588856,Herman Höckert
i-TxHTtFi8LDbM7cE3BQoWbp,Q106323599,August Kristian Lemström
i-TyPEdHTUkNhatf9Qa8vJqR,,Antti Mikkola
i-Tyx5Yj2Vx6u9mvdwtU9AKF,Q4355143,August Hjelt
i-Tzqw5o3k7StUR6PUjM45kG,,Herman Georg Maria Wärnhjelm
i-U1QRavA17bQzD48LdLt1tY,,Arvid Adolf Etholén
i-U2A7cwzeuhuxLi8KooFg4u,,Theodor Bruun
i-U5VP3ZVVSyQZXzf9UspkVr,Q105351041,Anders Häggström
i-U8Vqkv62s6s7Unu6nVAn1r,,Edvin Castrén
i-U9xigf5EBj1snqzJ6rP55x,Q106967472,Karl Otto Reinhold Ladau
i-UBSoYX91VzS6A6UZDp8vNf,Q105432172,Kaarlo Kokkonen
i-UCUeNRpau2VHAPSPtoTzs4,Q103505600,Otto Robert Vilhelm Tandefelt
i-UDfLY4X7enJaiGPA89x5CJ,,Adolf Aminoff
i-UEYzaBGkjvQa4ih72x4yeC,Q5563655,Woldemar Backman
i-UExNr1vRKnTpzE5pqzv3ir,Q104845164,Karl Gustaf Teetgren
i-UGnMF187bsPNnrbM6fZK27,Q106224047,Anders Gustaf Hamberg
i-UMDgoutWEYApG28pbuoncb,Q105337286,Juhana Katina
i-UQGJ6dJZneUpxkDhyzDuCy,,Adolf Theodor Rosenbröijer
i-URXcmK1gDqhAUAqzy1YSPi,Q4115633,Adolf von Becker
i-USB6cv2Fm7N5MmQfNLSvT5,Q107750220,Adolf Kasimir Aminoff
i-UTTBHu3P6dThF85VUX7WFy,Q85991372,Carl Constantin de Carnall
i-UTbwd4tWVQkh41NUq7MAT8,,Kurt af Enehielm
i-UUFQ5w6CUWXPKeDW8gRVf7,,Elias Malakias Rosengren
i-UUyeSq5XfWnP8CiHSxbY85,Q107323185,John Axel Henrik Wahren
i-UVK5tE8K7bZTUBx3RcNPr9,Q11876241,Lorenzo Runeberg
i-UWUL9KSiGnCtXiXG4xP4QR,Q106309485,Juho Aatami Pelkonen
i-Ua1DB2ZaQu82Pj2Kg6ibbJ,Q90544912,Bernt Reinhold Alfred Rehbinder
i-UcisgbwAvcKxuWVnXtfHbW,,Juhana Idänpään-Heikkilä
i-Ucum7yRc9FUd2VVaAbvHaa,Q105645318,Aappo Rantaniemi
i-UeCsY7Z8EWg5JUKatauFUi,Q105953037,Carl Wilhelm Franck
i-UeTxv9rgAELGir3fWfG4jh,Q74020569,Frans Julius Cederman
i-UgmPdquSGiPwy7BoLCfB14,Q4357096,Albert von Hellens
i-Uj41pyUbRiSWZy1yUqFnWq,Q11850796,Alexis von Kræmer
i-Uph3GH5rF8JZ5oRFmsKPyJ,Q5918829,Walter von Konow
i-UuNpejz63DNoacNWFAFjXE,,Gustaf Viktor Eklund
i-UunQBxgJCJ91ySCNSRMCtw,Q106367950,Isak Oivanen
i-Uwd3FhczWxUpR2LEVAi2TD,,Claës Gabriel Nordenheim
i-Uyib3B44zp4jbpLeobRbVt,Q105751914,Frans Tanner
i-Uz9hQVsckk2g776TVJEiWa,,Edvard Ferdinand Bergenheim
i-V24KRbvVLtC2BtTHC8wN7v,Q104235965,Albert Heikel
i-V2gvXzy4yVR37t4spVqk1w,Q104551857,Henrik Robert Spåre
i-V4C4SLqoHKpdVigS9jN6JV,Q107337678,Robert Reinhold August Hedenberg
i-V6a5sMYUGVR1EQbk7LuVBj,Q107994311,Hjalmar Filip Palmén
i-V6v31r5joHKS4WkUQfSh1v,Q104715289,Niilo Karlsberg
i-V83jHaR3m6wSP1r1K3RJJ5,Q104172920,Nils Karl Elias Grotenfelt
i-VA18phdeUhvnx26XSUNWwS,Q6203891,Adolf Tandefelt
i-VBL3djAMpwMaHec7e4MQ7J,,Fredrik Vilhelm Procopé
i-VCpCJj71NdM9emY6TEMzXG,Q106766171,Johan Axel Erik Silfverhjelm
i-VD9ZzJneAntKWjMSaVZzUN,Q6232470,Antero Warelius
i-VDpx7vFjSL3NsTqo3roC5x,Q3210023,Johan Mauritz Nordenstam
i-VDpx7vFjSL3NsTqo3roC5x,Q3210023,J. M. Nordenstam
i-VERhf75LTeyuyLzkXYFc3J,Q106323628,Kalle Oittinen
i-VFEu1HLKJix9SRhuJxAViZ,Q107069611,Alexander Wilhelm Lagerborg
i-VGFz9DroijEWpEY772XNUv,,Otto Vilhelm Ehrström
i-VGqPqFP6tmzxhZ9q5yFquP,,Axel Gustaf Mellin
i-VHc9ZxmKrE7rcDAopm7C9X,Q5923756,Lars Karl Krogius
i-VJd1sRkEvmJaYFDuVLDdQx,Q23039685,Michael Leonard von Blom
i-VKbGtZyZXWpUPkoMXnexMm,Q105636275,Georg Wilhelm Paunonen
i-VL6tEmBdFX6K3RRRFJKTbB,Q107323180,Fredrik Hjalmar Stackelberg
i-VMiu46ZbZQFSbhRZC35nUJ,,Carl Gustaf Emil Mannerheim
i-VN2FCbotgRvTpDEDEy7Djt,Q101333226,Johan Robert Hugo Nordenswan
i-VPZ98NQpXxvA33auBBTxBC,Q101333744,Frans Nordlund
i-VPkGALknWhkvyLEqpQP32A,Q5941175,Magnus Lavonius
i-VRBKtqgHmrBZBsBfH5E1d7,Q104550354,Carl Gustaf Lagermarck
i-VSjkKAAk1uTMFyXiJQ65Ef,Q84176620,Johan Fredrik Sebastian Gripenberg
i-VT8ViKQJT6VrXwypXJkshs,Q101503195,Juhana Emil Sandelius
i-VTKTKJy5YhuQPiyvf9Mvh3,Q105432357,Kaarlo Vilho Piintilä
i-VTKTKJy5YhuQPiyvf9Mvh3,Q105432357,Kaarlo Vilho Hollmén
i-VUMq2T9TJQkqeXhFKWWYC2,Q11867560,Juho Erkki Antila
i-VUPS4htBc7spKyCvDEph4z,Q5403873,Kustaa Killinen
i-VZBCP48WcB68XodCJB2hkH,Q17383994,Julius Stjernvall
i-VbQi5D8Ho9a1gwVtHWXrrt,Q5582751,Johan August von Born
i-VbijbarJj8Cbtn5pJgYV5x,Q104188766,August Fredrik Jansson
i-Vc7wHXXgr84Kd9xt5RJJfQ,Q3364215,Wilhelm Malmberg
i-Vc7wHXXgr84Kd9xt5RJJfQ,Q3364215,Wilhelmi Malmivaara
i-VdydETaWU2BpZVHpNTDKnE,Q106323608,Robert Rannikko
i-VeJcY7HKzWYk4AsDj8GPyn,Q5813866,Anders Johan Hornborg
i-VethMAkStv2TxN6zR2A8eZ,Q105037599,Theodor Aschan
i-VgXbiJ1DeKP1NgamtWyuHV,Q105708660,Johan Lindegren
i-Vh1dqy2xKpjHzkQPmypXH2,Q105064081,John Flygare
i-VhermKHM28DnXffrtUcaPR,Q5893891,Albert Ludvig Lindsay von Julin
i-VhqCtxytxwuCQMhjHGTkar,Q6190209,Johan Fredrik Stichaeus
i-VjoMm7nnMwaZ8DuJw2CtUT,Q5955385,Hjalmar Linder
i-VktczYTWMxgfGa6SKm38YK,Q108122296,Curt Gustaf Stjernvall
i-VkuiHGgLJdSKNMjCERptXT,Q106319495,Frans Henrik Malin
i-VnH4zjf69L3FmLnnG2A94f,Q101332184,Gustaf Wilhelm Liukkonen
i-VprBVce4soGLYgngLSjo1p,Q17381816,William Koskelin
i-Vquuv2Q1nBy3xPM3DXsFHJ,Q17383568,Emanuel Berner
i-VrYVhWgWmsDTenThaELYuL,Q61103177,Eljas Lönnrot
i-Vs4QzRgBgAecAXeabLq3Sy,,Kaarlo Kristian Mäkinen
i-Vta7BDiM8BB6Zkf1iBczRE,,Julius Immanuel Bergh
i-VuFXik3an1WSAwvRAZq3C7,Q107918042,Fredrik Willehad von Wendt
i-VuLqeb3wtSmZj2UyzG5TGX,Q99600914,Fredrik Wilhelm Thesleff
i-VufcVdAFzHbWaez389tPVQ,Q105620544,Karl Anshelm Packalén
i-VwHReWhJrcC7zhFiznhRg5,Q105751954,Juho Anton Sjöblom
i-VwibmpSUHRf18jjByiX717,Q104007062,Ture Birger Wegelius
i-VyRQHiuU325bocyuNaMNwp,Q23755546,Alarik Hasselblatt
i-VzA3Y3NQhrZkNndvb42d9,Q26270041,Antti Kaasalainen
i-VzdTpoMPYaepy5MGETH3Sz,Q103893884,Germund Gustaf Aminoff
i-Vzv6jbLwXadCgi56dVyMEE,Q11858192,Erik von Schantz
i-W2pfNtUzJWuFavRakcdU7X,Q106967421,Gustaf Filip Creutz
i-W4ibMT8ydrvyppRBYphuZ,,Paavo Nyrönen
i-W6Nd2mXWGmeP1J6mr9WBfx,Q56403348,Adolf Juselius
i-W6pUWxkMs3AK6Keb3vy9Bi,Q104588904,Mårten Fredrik Ringbom
i-W8Db684k5G37wqhA7J42ay,Q11851311,Anders Henrik Snellman
i-W94aUY8NPZQ7m8XGzCsgvN,,Yrjö Halonen
i-W97admngEZmB9PfMzhcTXo,Q4235999,Gustaf Axel von Kothen
i-W9WfZerRzSkwj8v7EYcDVd,Q17384840,Arthur von Weissenberg
i-W9tJUpUq8nWxoZLkPDM5da,,Nils af Ursin
i-WBMomudNy8B9hzNBygMzwC,,Gustaf Emil af Hällström
i-WCzaY3RxHpZPCCrEhQE6FZ,Q11852260,Antti Tuomikoski
i-WDfrjo9XSDsQ5CApS6Kfxb,,Johan Reinhold Taube
i-WDz4vEw2eWZxfr4fnr3ev8,Q110322261,Walter Werner Axel von Troil
i-WDzfUFdb8g6zrgyW2rE1KR,Q20253194,Gustaf Tigerstedt
i-WEZivZLhRSkR9TTeHZq7E2,Q105620424,Juho Pernu
i-WEteKry32GJE2GnMiyXxih,Q11854976,Carl Ferdinand Borenius
i-WF8BWGJBsroMfDPtmAkEZt,Q62392285,Fridolf Linder
i-WGFFutszVVq2r6eHmqYcyB,Q20736756,Knut Munck
i-WGy8Gw4oVSFx1b6GQHaCUq,Q104145197,Karl Leonard Schulman
i-WHeNLun3hZkxgSCF9XBKKL,Q4355148,August Nybergh
i-WJyvVSfmgdVMjZNnsdy3tG,,Carl Erik Mannerheim
i-WKYZS9w7YwXk2iBPTNxqW8,Q105337216,Juho Herman Jurva
i-WMa3i1Fida5Xz9rbdPwSCY,Q107400164,Mauritz Fridolf Hisinger
i-WP95ziWCZ9e7snckaW2g4Y,,Henrik Carl Gustaf August Standertskjöld
i-WSpBHvAdJZSHPeYBmp446w,Q97456190,Karl Reinhold von Willebrand
i-WSyB6pTTNa91z1Kf4EmD6X,Q108067071,Henrik Thomas Adlercreutz
i-WTPJdE9dsMppVoEfCh64m2,Q107337650,Carl Theodor von Frenckell
i-WU1bZzJFp2hYGt3zanqwPH,Q104550447,Nils Jonas Gammal Ehrencrona
i-WVKwwkZcuPEpz3Brz94buW,Q105086443,Heikki Hannikainen
i-WVXdqsXffbuVYsgyHLau3U,Q17380332,Johan Gabriel Geitlin
i-WXLLFK1W2bbmPmonvvGKY8,Q9384808,Aaron Gustaf Borg
i-WXevWjzNj6QC87KLVY3her,,Johan Ulrik Sebastian Gripenberg
i-WZrjaFeP6M4ENU12xLztDg,Q103505506,Fredrik Vilhelm Fredrikson
i-WaH1WaJMCBdN1Bjkr3fv3n,Q107054977,Carl Osvald de la Chapelle
i-Wc94mfKvFCXNZujj6r2PaP,Q105956704,Johan Fredrik Ahlberg
i-Wcky67Qf2rGc89qYWAKwSZ,Q105337240,David Kalli
i-WdzgZrDyFkeshj849nXyrU,Q107172253,Axel Edvard Wasastjerna
i-WfUQPfBkC1vMdzuPBj75qe,Q106989489,Waldemar Stjerncreutz
i-WfaPXmrfKy2M88t7q4ZBr6,Q6079717,Mauno Rosendal
i-Wfy38pQM86JQxSkMjXDHU1,Q101038653,Knut Gustaf Victor Furuhjelm
i-WgDPTcF2uez6JDVfYnxVob,Q4064426,Edvard Reinhold von Ammondt
i-WjNrP4V2Q7sQnyWHLYvkVn,Q20251351,Frans Fredrik Björni
i-Wjj5ppkYCuFJumysgbMA3b,Q105432176,Sakari Koli
i-WjuDQ8j1vsSw67QvPoaiQn,Q17383717,J. A. Salminen
i-Wk2CGMXF9NZnSdq26M5ZN9,Q106773940,Gustaf Johan Reinhold Cedercreutz
i-WkhLF7apn5pbUJ4sLuNjnS,,Reinhold Ernst Petter Jägerhorn
i-Wm7PMNz5UBwoc7LvenHUrr,Q11887818,Petter Kumpulainen
i-Wm7PMNz5UBwoc7LvenHUrr,Q11887818,Pietari Kumpulainen
i-WmCgR2ofpyD2aLZYfNf7f7,,Gustaf Petterson
i-Wmc4io5AhKpixJuNytdtVe,Q11881306,Martti Kykkling
i-Wo1jXQwtCLaoqebdZA4xi6,Q22976890,Achates Ferdinand Gripenberg
i-WqCwSrRYdPbFEUgRi8a3PH,Q11858407,Erkki Reijonen
i-WqgsxWePjro1Bvm87VExid,,Tahvo Riihelä
i-Wsd1nrWEpNDoxuvqvTmVJb,Q23989312,Axel Kyander
i-WtbprdVHLEQzfY1r3J5vvD,,J. W. Söderlund
i-WtiFTQjstvy78fAdBcCLFT,Q104145194,Tomas Erik Robert Adolf Adlercreutz
i-WvyDUpkmCVdzKarM1fgrCN,Q60482959,Frans Viktor Eriksson
i-WxkgwPxqMpjFtfmAZTrx6L,Q104381600,Johan Gustaf Schatelowitz
i-WyWDwtFVYiUTfBNGyKxSTL,Q105432343,Elias Hirvonen
i-Wz72rDtteZJjjXbMTzBAUr,Q356644,Albert Edelfelt
i-WzGDNnRe7z1ZDfiCvTwhVz,,Lars Magnus Björkenheim
i-X1exK7m1EkUm3uWpKK6nBG,,Bernhard Anton Harald Indrenius
i-X1nJ4shXTnndLogA9D39Dh,Q105337256,Israel Karvosenoja
i-X2qn6TAe9gTfibhdeaJgEc,Q4491023,Eugen von Knorring
i-X34Zne89V23zWXu6gQymw6,Q102436283,Karl Johan Alfred Björkstén
i-X34gja94d5HVzrAjCKC3Ve,Q104172926,Karl Johan Oskar von Numers
i-X5W1rrN1xx2w7oSS9xukaA,Q106323476,Juho Kaksola
i-X9BEgeY2cHDN4Ry1iBZd3W,Q104550322,Anton Wilhelm von Schantz
i-X9eEjh4Va2BNBd1gCaYmjx,Q104348657,Nils Anders Gadolin
i-XAhPHpjCL41PGZ85XdBSmS,Q5772178,Alexis Gripenberg
i-XBaXvYuZryRzUve3CsdBVd,Q106919251,Jost Wilhelm Hugo von Qvanten
i-XCD42yBHNtQaD6vrHPaNvi,Q17383802,Wolmar Schildt
i-XDB8RGNdQBznykTAvXXYNU,,Reinhold Brix von Böningh
i-XECbcSYaNcvb5x7iyCcZ7N,Q104815685,Teodor Natanael von Pfaler
i-XFG5NboAzDmbDVSakg6Foh,Q107337690,Knut Albert Segerstråle
i-XFSBcMLXvFzb27PDUYFm4d,Q106896046,Johannes Alarik von Knorring
i-XGPXP8D7JvJUuYaL7474G4,Q104995553,Pekka Anttonen
i-XGkmxbZJdVrXVST7BkBm6v,Q107172249,Berndt Adam Emil von Schantz
i-XJR7uevATUzzKS5t9xJQnw,,Teodor Carl Josef Hästesko af Målagård
i-XKTuoFdsf9eemAkMBbdAd2,Q105620575,Paavo Nykänen
i-XMfzYUgiZP2sqpyvq3GsZR,Q101214405,Wilhelm Kaitila
i-XPsFtNapCWqxkfZ1X9V1o7,Q17382245,Wilhelm Lindstedt
i-XSfL81tGKVdgNb1sbowcRU,Q106989504,Henrik Ludvig Alfred Stjernvall
i-XTNab9aPye5VciPF4orRsR,Q104920129,Carl August Johan Eugen Bergenstråle
i-XTNab9aPye5VciPF4orRsR,Q104920129,August Bergenstråhle
i-XTNab9aPye5VciPF4orRsR,Q104920129,Carl August Bergenstråle
i-XTm7WfMb8Qz55wD74N5o4P,Q100701345,August Herckman
i-XVwe7aSZ67FF9bsR45srHv,Q11860393,George Granfelt
i-XW5vSkDhiDBuTQzpqfPxmM,,Gustaf Adolf Lindblom
i-XWhq9o5CBki3q9KV9bMo8M,Q105432260,Iisakki Hannuksela
i-XWr1NDzxxKPzbsdMfzX9ey,Q105663208,Matti Pennanen
i-XX58iVNbTSnEH8rizgTM7j,,Adolf Törngren
i-XXg2bmhEiXiYrETYEK6PnU,Q17383171,Fredrik Josef Pipping
i-XY2Wg46nSUfV1fKXgzWdbZ,Q105701091,Kustaa Ruhanen
i-XYgDi34sFxHoNKXEProGwu,,Ernst  af Hällström
i-XYgDi34sFxHoNKXEProGwu,,Ernst af Hällström
i-XZB82Y2Aw4ynY8jE5tThC9,,Kaarlo Hemmo Tiihonen
i-XZZYBmXAzVMnL5wScZ93RP,Q106490275,Victor Ludvig Alexander Falck
i-XbAQtPkdSaTdnLcpdJrmsg,,Otto Donner
i-XdrX5sz6KhUNL37CYm7mKb,Q103893927,Edvin Gideon Wasastjerna
i-Xe1qZotGWfXG5fzCsN14YH,Q104007039,Berndt Erik Konstantin Hildén
i-Xe1yf2mfG5iEJKnJNPsqPs,,Bernhard Indrenius
i-Xe6zkT3ZAe6cviWkF8esyH,Q6190960,Karl Stockmann
i-Xf4P3uUdXEXzZV8Cv8qecp,Q5720020,Ernst Estlander
i-XfE5nFNMTw34PVMQsqSvFb,Q100802472,Adiel Bergroth
i-Xh6wcQRwoXZhyJtJuX4okd,Q105432270,Jaakko Hartonen
i-XhpQXjgjbWqp6yVdMAGi9S,Q105663020,Lauri Tiainen
i-XiSYQEjNzcBCDTizmuknEB,Q5783235,Oskar Adolf Forsström
i-XiVVgVb5iaBAvUJZsKjy2J,Q106223967,Olof Blom
i-Xj65dQxSdAb1LuPttC4ShV,Q106766188,Jakob Bernhard Estlander
i-Xji3XqSCAwVoU2h1aq8XxK,Q105756260,Juho Wähälä
i-XkEFWENCgSbRNRHVF5Yyyb,Q20254281,Juho Snellman
i-XnKoEQBc4zdFKSgpu8qY14,Q11858491,Ernst Ehrnrooth
i-XqM7pnUo7aV7Yxy3ZM6vyP,Q102172680,Reinhold Peter  Nasacken
i-XqM7pnUo7aV7Yxy3ZM6vyP,Q102172680,Reinhold Peter Nasacken
i-Xt4UNfzoEXAEeMRiq8woYr,Q101759185,Onni Tawaststjerna
i-Xw1T5NcqeumcR7hAjDjZLF,,Reinhold Brix von Böningh
i-XwfoiidAgTCtgCj7Rif9di,Q23040650,Jakob Axel Levonius
i-XwurehdUZDZDpgpsfFXQzw,Q105756262,Vilho Vitikkala
i-XxHWSADutiFLgftWhSc25j,Q104631398,Henrik Tervonen
i-Xy6WTVyN3GTMYt6Friycp2,Q5413257,Ernesti Forsman
i-XypnSwDxdz4tfuaeSVg3Yy,Q104995671,Antti Ahvenainen
i-Y2mbsnjJ1pEgjBPzSdDZn,Q20736700,Jacob Wilhelm Hisinger
i-Y2voexX2oJ7ccgMez4RrAE,Q104631461,Antti Mongola
i-Y59h3ky8p4w3hRToAKqdFq,,Walter Heimbürger
i-Y6h5zrKenZWNZ9m3mhTxdv,Q17383338,Wilhelm Roos
i-Y9HwSnefcfc8ie1FV1Q1Pm,,Maximus af Schultén
i-YBDQhZHegxy7S5wNs9ya1e,Q106932799,Arvid Michael af Schultén
i-YC9dT5MWGq8kuvyWVcgdax,Q107994310,Georg Kristian Oker-Blom
i-YD9Lp1sCoNudYqyQbWotVS,Q104631415,Johan Kelhälä
i-YEt1xaoG7yy8dMtmmaDBsM,Q107918200,Berndt Adolf Grönhagen
i-YHMajQHP5NsMtjp6vqMN7v,,Eduard Polón
i-YJNjrPygwHeDZiSj5b39fG,Q24845401,Alarik Uggla
i-YKh2D6esz3YFMqvWKxgbLV,Q105350970,Lauri Keränen
i-YLK9ngJ3Hy7jbZ3cQDQ5eC,Q106323510,Matti Haapala
i-YMJd2SaD9XHRrshNNdMA7Y,Q17381871,Robert von Kraemer
i-YNSR4DwCvFByG8KLNWZfMu,Q92752286,Carl Johan Tawaststjerna
i-YPUGzhWUpP3GBkQwRddPq3,Q104551775,Georg Fredrik von Essen
i-YRHK5GeF8RREeVWw42KeFH,,Karl Johan Robert Standertskjöld
i-YRUSTMTKkQzsZr3qcQikQb,Q5479157,Georg Schauman
i-YSBTPHzqKxPNqhdGFhMQLx,Q104550164,Bernt Fredrik von Konow
i-YTNwx2LtDGfsnAtXUoaX3r,,Berndt Emil Hollmerus
i-YTYRaFHeP9T1FCPA23wN1v,Q104383015,Evert Vilhelm Bruncrona
i-YUNWAdcZxwK6EPoTDU2LM9,Q98021802,Reinhold Alexander von Willebrand
i-YUdcq76DdTwQ5My5zAadSe,,Johan Viktor Calamnius
i-YVQKzLah672iDR8XteMqnh,Q107054992,Edvard Ananias af Forselles
i-YWG2zoJCnSjSfHuEoabeBo,Q11853724,Axel Spoof
i-YXeh8drHhcpgyiwTRWGYQB,,Isak Löf
i-YYJFZMywSDXzBUdD975RJa,,Suomen lähetyskunta
i-YYiFaxFNLAJM5W3icpS97q,Q108122282,Georg Nordenswan
i-YaBxVxSb356iXmkaP5o367,Q106342366,Johan Albert Kosk
i-YaJc7TK6KSJr3uwv6p5AgR,Q2041075,Arvid Neovius
i-YakdGNJeLBHm2ViyB8fUpr,,Pekka Leppänen
i-YcDQHoEjWC4ZXi8YaWLrWD,Q107054987,Kurt Gustaf Edvard af Enehjelm
i-ZnoS9yNyJZCCCXuCn8DK7,Q104845206,Otto Vilhelm Furuhjelm
i-b3i8w9R8L3RFku1ZCrxgn,Q108067054,Alexander Edvard von Wendt
i-dSiPKWsKjPbZgZMJNpR3n,Q107918040,Paul Hugo Sölfverarm
i-dUJ9Gu38LQ6ZmTrMYYQ6m,Q2011821,Theodor Schwindt
i-drdyfse5Wuqe9KFa6pgaB,Q4320594,Paul von Nicolay
i-drx3oHYwjhh9pfERSJ75V,Q16166765,Aksel Emil Brander
i-eopnN1G8XrLSyWTXUh9Rp,,Yrjö Sakari Yrjö-Koskinen
i-fA2djVh863LMVCqsSn8im,Q11859493,Ferdinand Alexander Kumlin
i-fkH59Hy1xPdkBodmom78M,Q105337186,Antti Kananen
i-iS8LzzYMsoqMTRxq4iVRK,Q106240907,Karl Fredrik Walle
i-izFXuH12VisPQyZuARAE6,Q105751898,Kustaa Aadolf Tervoinen
i-jgr1jkvdMBMBw64HgftTg,Q5719551,Carl Gustaf von Essen
i-juGUGYJwp7mX3MQnhUEoq,,Knut Robert Karl Walfrid Spåre
i-mDkXzDtc1sbficmtdJof2,Q104845228,Johannes Ilmanen
i-mqFQ18ES1erLNMqHvDjc5,Q5608838,Anders Herman Chydenius
i-n3GLRgqXQXNFmkzaGwSPW,,Viktor Wilhelm Öhberg
i-n6a7VyEhiNLSYpPQaXePD,Q105701075,Aatami Tiilikainen
i-rKkrw4Py91gKgDuj9u3Vu,,Arthur Lagerlöf
i-raJP4KVhfRny4UGkxwDu4,Q107750271,Alexander von Etter
i-rhHTJ52pXmZ9omCrcdBeB,Q105702526,Kaarle Muttilainen
i-rmZHPkqip2GdUg6wv32Cw,Q106879323,Gustaf Sigurd Gideon von Numers
i-rtS2zvMx1CcSvtyFjApXZ,Q105337207,Juhana Samuel Junttila
i-tGWEqay9jMPreNU8uYRU4,Q106323442,Simo Ylinen
i-tmNmmQ5iKubJrqgCeZYdn,,Kaarlo Castrén
i-uD1joERTReE2GhVvugpy1,,Gösta Grotenfelt
i-uJPhM5gzTCASn1ihrkLtX,Q12252252,J. K. Kari
i-uXjb9J171HfAGASs8vqS9,Q105752135,Claes Johan Stenroth
i-uaf9jg3i5ZVHXz8W9JcaM,Q85992740,Akseli Andersson
i-um2SN8BNPktTMYG2CHe7B,Q104211818,Carl Magnus Mauritz Armfelt
i-vbgi84LNv1zVdZk7F59Mn,Q104550141,Jonas af Enehjelm
i-w54hMDMQynKjwXWGH2CGz,Q107968780,Theodor Ulrik af Forselles
i-wPTdRzX77zcPiX3pjEpko,Q105951049,Theodor Lindroth
i-yGjMXojJJYe9shNXsrD3N,Q102666560,Robert Ek
i-ynpFoT6aL9fCNEXJQNnuy,,E. G. Palmén
i-yz5WqRw8dv6YYSDpDNaKH,Q11873702,Kustaa Kiipula
i-z1aA2KyhTnRjDaaHVeKnN,Q104551788,Robert Magnus Brunow
i-zC1JQ6HfsjfVTmDo1UNS4,,Krister Jägerskiöld
