person_id,wiki_id,born,dead,place_of_birth,place_of_death
i-5mrB9FPRsk5QE1MSMJGM5v,Q100257960,1850-08-28,1936-04-02,Q5991,Q999062
i-2xbFzmJWLtL3VujRuxuuH6,Q100258348,1857-04-30,1935-06-25,Q47048,Q1005082
i-B25euU6eTmVWcf2VC3ZBV6,Q100272554,1852-12-08,1931-10-26,Q3366125,Q1757
i-FYbSvFu4rVek9C99uESHpF,Q100272570,1866-09-12,1926-03-24,Q1641672,Q3433316
i-D6Mi4GWWJsTvqGyurVJi26,Q100323030,1852-12-07,1925-02-06,Q207295,Q503862
i-XTm7WfMb8Qz55wD74N5o4P,Q100701345,1843-04-11,1926-01-21,Q1641649,Q190583
,Q100775517,,1675-00-00,,
i-Sfn4EsStf31pPRaBmW4Hw5,Q100780792,1861-03-29,1925-09-02,Q38511,Q38511
i-RE9ioS2PcNCNiD9EFU1fDJ,Q100781243,1855-12-07,1947-03-08,,
,Q100781792,,,,
,Q100781825,,,,
i-DSjrPP1Ub5W9gAqYsTTrAh,Q100784211,1848-05-22,1918-06-08,Q984464,Q748513
i-QC5Cyy3W7sCFLULXRbi4Rm,Q100784583,1843-10-18,1901-03-10,Q599159,Q186237
i-MBAhp3QGsu4xyQ6tjvHiC7,Q100784624,1849-11-15,1921-12-30,,
,Q100784667,,,,
i-R8pmgSjrtL5RNu17k6YJJ8,Q100784884,1849-09-24,,Q1000117,
i-BeRvKqtBy9SWuixQwoec6u,Q100799794,,,,
i-6RRNWfsAtFAXWdUseP8L1A,Q100799795,,,,
,Q100799906,,1710-12-29,,Q38511
i-5ahKMDRNdvdeMdezNrmgyx,Q100799960,,,,
i-9YnqBLMGaHBapiMMXa6o2H,Q100800012,,,,
i-XfE5nFNMTw34PVMQsqSvFb,Q100802472,1848-11-03,1905-04-26,Q742854,Q1757
i-2VhaeA75HNF4Pr6FXDXgtW,Q100851697,1867-12-09,1936-06-21,,
i-HjfmDsS4k6Zju4rc3Q8bpb,Q100852046,1858-06-19,1936-06-18,Q1641596,Q1757
i-T1yiXmDGyDLcG1pnW8cW3f,Q100870519,1843-02-12,1898-08-02,,
i-G6iwQxbYxHRYyueS8LfTsP,Q100898575,1877-04-16,1941-05-02,,
i-6DQ2gWnq9MWyAb4m57Z2yL,Q100923107,1850-07-30,1903-10-10,Q1757,Q192155
i-KHiayBK11WrtpMd7gYcFdd,Q100964971,1869-03-17,1921-03-07,,
i-43CbwtzFU9fvE1ZC4NayXe,Q100988071,1850-12-08,1940-04-12,Q1025720,Q1025720
i-9D2LibJwPUscnAJfeCAzVY,Q100988079,1841-04-07,1902-12-27,Q1757,
i-58p2yq1prpUmoBHrSj7Haf,Q100997944,1853-02-26,1930-05-17,Q134675,Q47034
i-QMgGCwPHvJ4CXVz7N7KJek,Q101009349,1857-05-07,1911-10-20,,
i-BrKJnQtih3hhFEfYd26FMg,Q101034212,,,,
i-2CJtkh9e4uShfgLaoscF6f,Q101034227,1831-10-28,1882-03-05,Q18659888,
i-Wfy38pQM86JQxSkMjXDHU1,Q101038653,,,,
i-6G9DjpxbMbfYHpZqppkoPx,Q101063791,1852-05-20,1932-09-09,Q18681709,Q2680634
i-HbssPjwFZEsothhGDbLv7,Q101069591,,,,
i-Rby9gqrGcd7k1U8tGWeVco,Q101069594,1845-09-13,1915-03-07,,
,Q101084739,,,,
i-D2g5wWQiqw9p79PhuHGzim,Q101084740,1834-07-31,1903-04-02,Q1562671,Q2156306
i-HUvuQRnpDN1nYgahrKQD5D,Q101084745,,,,
i-AYoxgmS8gHJDiYdTBRU1Bm,Q101084746,1840-10-06,1898-01-03,,
i-TvcxBipQbXEpB8ZmhBPP9x,Q101111233,1860-12-20,,,
i-PxM4zoed54FM2xN5phWky8,Q101184260,1846-07-29,1918-07-21,Q935867,Q996656
i-7txY9TGxvA9452DMrBpy15,Q101184294,1850-06-01,1910-12-21,Q207891,Q125080
i-29jAvqcdVSDmnMHm7GL7zd,Q101184315,1850-04-04,1909-07-09,Q6171,Q1000117
i-9EfV4uzcskNg6eMDJmJWxf,Q101214375,1857-04-28,1925-08-16,Q1018408,Q38511
i-XMfzYUgiZP2sqpyvq3GsZR,Q101214405,,,,
,Q101243564,1847-05-20,1910-10-05,Q748092,Q1757
i-EqzRL2mm1ffjLRp6RzH1bh,Q101243566,1836-12-24,1904-01-28,Q939727,Q939701
i-KvF36mMpu9ZuCa6R3AoUy7,Q101243567,,,,
i-VnH4zjf69L3FmLnnG2A94f,Q101332184,,,,
i-4Z2hKQhRddVgP2niaVrbm3,Q101332452,1844-12-13,1904-02-09,Q659642,Q738472
i-RYRLCW2s7dknqNzUos9PeB,Q101332637,,,,
i-3DCQUuckGm7CmAsdTRYLPZ,Q101332821,1851-03-09,1924-05-09,Q207891,Q2779906
i-VN2FCbotgRvTpDEDEy7Djt,Q101333226,1864-01-04,1945-10-06,,
i-VPZ98NQpXxvA33auBBTxBC,Q101333744,,,,
i-DiRtoFeWwZgawSF374ZTgV,Q101334101,,,,
i-Jr2SFQgBkXgyjAF3xM224e,Q101413585,1844-12-25,1899-09-23,Q599159,Q186237
i-EmUBxcMYc8BmU1uL3QdD4q,Q101423239,1870-06-21,1937-02-08,Q14657,Q1757
i-QwYQDZHC3TqUfTjTHbxuTf,Q101423242,1847-11-06,1915-02-05,Q47048,
i-VT8ViKQJT6VrXwypXJkshs,Q101503195,,,,
i-JRT7uq362xVDYXbB8aKrMc,Q101558567,1857-07-23,1914-05-25,Q207295,Q1757
i-A3bUhmmU7zXynBpDrUyQCp,Q101558602,1852-09-27,1950-01-30,Q1757,Q1757
i-9xUHPAc9cf8T1C3qtsfCqM,Q101558683,1864-04-29,1952-08-14,Q807905,Q216790
i-S154YmFsimHxrDU4mVt7UQ,Q101583701,1874-02-04,,Q1757,
i-8GeeAGsycDjjsoq9W6d6Tc,Q101583718,,,,
i-KSodbRwY6NwA3H7C4ZjcDU,Q101583769,1843-09-16,1915-12-28,Q125080,Q614088
i-762s2i38qoq51A37VdxZFK,Q101592349,,,,
i-BgDmVff4RSeFszcVttKU7T,Q101592511,1879-12-21,1954-10-30,Q2994644,
i-BZcWSDvtNyyk6RFdnt8wYX,Q101759019,1865-06-29,1926-03-13,Q11896798,Q11896798
i-Xt4UNfzoEXAEeMRiq8woYr,Q101759185,1871-01-29,1956-08-30,Q134620,Q202158
i-Dzo2xTpgSK2hWn5XcoQy3,Q101807585,1835-10-22,1910-11-11,Q125080,Q1757
i-7pPnGhosJBATKgUE3yEKM6,Q101807788,,,,
i-QNhMBum6ExbBrKvo7ygXjB,Q102046756,1842-11-12,1916-05-17,Q999821,
i-EPiSDHWvRjVpP9ZBHuoPLi,Q102046760,,,,
i-33ykiPLUFubmKhcMAMuGRr,Q102046761,,,,
i-DFYQrVEmnc2KccuuDpq1ib,Q102057592,1835-09-06,1883-01-15,,
i-8szEC6gYbh13raoQapiDAe,Q102057607,1831-02-03,1889-02-27,Q993003,Q186237
i-DGGHbV8Jc5iYsn2a5HmaYT,Q102076980,,,,
i-JYV4L97nkaAD1tqh4XNee,Q102172605,,,,
i-XqM7pnUo7aV7Yxy3ZM6vyP,Q102172680,1831-09-09,1885-01-04,,
i-57ViD4iqKfXa8LCTZAUoCd,Q102172709,,,,
i-KxTPNsdvaDSQXea4wDGU8f,Q102172744,,,,
i-HgEbezgGdxazEcJNm1Kus4,Q102182354,1830-10-08,1880-01-02,Q613701,Q829842
i-RcSCmpxriPBQokni59zaX1,Q102182397,,,,
i-Hfckxq71YhMkaNT4Y6ZYF7,Q102203709,,,,
,Q102250479,1831-12-25,1905-03-13,Q1017104,Q1010030
i-BAsdkUAfynNL2Jzg6L3dJP,Q102267270,1830-07-07,1888-05-18,,
i-P5da9MFNVQpRhU72ekmUz2,Q102291355,1830-05-12,1910-00-00,Q367780,Q181854
i-QFtRtd5gpiAbTC23qvFAwg,Q102322728,,,,
i-2dGWMbZNs6GoVNG5okZE2D,Q102322770,,,,
i-2GsZ4BooHWCQvrdPTMX1GL,Q102322805,1830-08-28,1881-01-11,,
i-HrQR6nbHQayyFAXaYKpTtt,Q102322869,,,,
i-EubGaC45XvL4c18F6U6mCD,Q102355437,1829-08-28,1873-06-02,Q1757,Q1757
i-NsHXM2LemEn2bjvkhHbwra,Q102355451,,,,
i-GGBAD7iX8fRMidLfwkuf4H,Q102436260,,,,
i-7vAC7C5Kk5aWg5YhiSZpDB,Q102436273,,,,
i-X34Zne89V23zWXu6gQymw6,Q102436283,,,,
i-AFemGZFFfQwsEoFgxVNfFY,Q102436290,,,,
i-DojZ8qEG6LjbJsjZJ6xe4k,Q102436300,1829-10-21,1891-02-23,Q127623,
i-9eGZuCKQEKyP2g7MzLLqxp,Q102436312,,,,
i-yGjMXojJJYe9shNXsrD3N,Q102666560,1830-00-00,1914-00-00,Q180233,Q367780
i-M8GjBiWjFex38AaKPzEaZj,Q102667659,1829-04-11,1881-10-05,,
i-GoQD4F6MiFcS9Vsdx3gqMW,Q102667808,1831-11-24,1873-07-19,Q369576,Q1757
i-AZxxB54asACcX6sEP5PAsm,Q102968763,,,,
i-PtuyxaDFzQJ2vXUDYSKW5C,Q103337992,1824-12-19,1898-06-29,Q1025707,Q6023
,Q103338093,1828-09-11,1908-03-05,Q1757,Q202158
i-WZrjaFeP6M4ENU12xLztDg,Q103505506,,,,
i-UCUeNRpau2VHAPSPtoTzs4,Q103505600,1829-00-00,1891-00-00,Q1010494,
i-HHaCYxvtqi5749rN5jgDix,Q103505754,1827-03-14,1899-06-25,Q38511,Q935858
,Q103839737,1819-02-26,1891-12-27,,
i-3HAnjNFH5KjSBTNKDd3TXb,Q103839739,,,,
,Q103841116,1824-11-15,1897-12-15,,
i-9TfojbbARyc5sts1fzmS22,Q103841120,1823-08-20,1886-03-01,Q1000117,Q47048
i-8f5tRtT5D15j7HTFKPzTBC,Q103841123,1824-03-23,1897-01-29,Q1010034,Q193367
i-62zYc11vmzdw6bHmhWj6xv,Q103893624,1824-04-29,1896-03-02,Q730954,
,Q103893723,1826-00-00,1885-00-00,,
i-89jFrq7FjBEeRhr9LtLkMw,Q103893763,,,,
i-FRTXNM8bWSfv4EVgWqYu9h,Q103893813,,,,
i-VzdTpoMPYaepy5MGETH3Sz,Q103893884,1823-06-16,1908-03-20,,
i-XdrX5sz6KhUNL37CYm7mKb,Q103893927,1824-06-05,1877-02-28,,
,Q103979347,,,,
i-977pYss6B2QXmArbdaAc9A,Q104007019,1823-05-25,1883-05-05,,
i-Xe1qZotGWfXG5fzCsN14YH,Q104007039,1822-08-10,1892-07-29,Q6171,Q47048
i-SofurPRw3EL6yyFJXakZd3,Q104007046,,,,
i-VwibmpSUHRf18jjByiX717,Q104007062,,,,
i-48AqtYkQm7rn9USzASaSM8,Q104048299,,,,
,Q104048304,,,,
i-EWF5w6W7mNczUrPXBtTG1i,Q104084588,1817-12-24,1868-04-24,Q11895753,Q990573
i-6GNwMk6f9pw7tuuwdRfG1j,Q104084619,1821-05-03,1883-10-27,Q4765722,Q4765722
,Q104143705,1819-11-24,1867-08-06,Q38511,Q1757
i-6cguaohonQAAXcVFakM5g1,Q104143737,1823-11-22,1873-03-24,Q1757,Q38511
i-2aAsQDaQzvviNLiHAqhh6S,Q104143745,,,,
i-CAhqDoBcsxJ76kroHgGKnE,Q104143746,,,,
i-ADo3dxzyboJHdTWQddKbDD,Q104143749,1817-12-01,1881-08-09,Q1004188,Q742854
i-SU2n35iQoWZU6ahNBi2tN9,Q104143750,,,,
i-5X1QYE5wSq1vbEbT9M6276,Q104143752,1820-02-14,1906-08-03,,
i-Jpuf6uwWSfZ9YPNHDMSrMt,Q104143753,,,,
i-8Aw9hmkGUr4yviJqVZp1KP,Q104145188,1821-10-02,1893-00-00,,
,Q104145190,1818-04-01,1897-12-28,Q996656,Q5985
i-QwcTLbpo4YVwryjr1GArpy,Q104145191,1819-07-08,1897-01-15,Q990557,Q2635095
i-WtiFTQjstvy78fAdBcCLFT,Q104145194,1819-08-06,1887-06-05,Q984931,Q984931
i-WGy8Gw4oVSFx1b6GQHaCUq,Q104145197,1818-08-06,1880-03-25,,
i-TenXkjdHcqi3QqXg8Aj7co,Q104150518,,,,
i-8s1muuYkJkCuHXpZxcYW4y,Q104150529,1819-03-13,1882-10-30,,
i-V83jHaR3m6wSP1r1K3RJJ5,Q104172920,1817-12-28,1868-04-01,Q1641672,
i-BkfYGrQhuNkoLkYwAJNYb4,Q104172922,1818-12-13,1878-05-17,Q369720,Q38511
i-Px3G8v88wqcrbZDDAeY4bn,Q104172923,1816-08-15,1874-03-30,,
i-X34gja94d5HVzrAjCKC3Ve,Q104172926,1814-12-15,1881-07-10,,
,Q104172930,1816-02-08,1901-01-12,Q748533,Q240086
,Q104176916,1817-05-11,1901-04-03,,
i-F9Uan6uDi3gGTXa1Gcn5Aj,Q104176923,1815-03-09,1903-01-07,,
i-Er4VowqzqJZ3N91FX97xSr,Q104176927,,,,
i-LsH6GcJdCwFLL56qN5DzDX,Q104188739,,,,
i-VbijbarJj8Cbtn5pJgYV5x,Q104188766,,,,
i-um2SN8BNPktTMYG2CHe7B,Q104211818,1836-08-10,1890-12-20,,
i-Nh9zLKZnLGy4jBe4znCjG3,Q104235951,,,,
i-9ny5NiSBTsXytTLwVXN882,Q104235956,,,,
,Q104235961,1811-02-24,1901-12-18,Q614088,
i-V24KRbvVLtC2BtTHC8wN7v,Q104235965,1812-12-24,1880-03-14,Q47048,Q984930
,Q104235968,1810-07-01,1884-12-01,Q1641649,Q613701
,Q104235973,1812-05-17,1873-11-27,,Q1009610
i-SHv8JmjxjKq8nKf5WMXEG1,Q104235976,1813-10-04,1867-12-15,Q193367,Q1005082
i-FAdnQV2mavJ2UwNm5JjbBX,Q104246707,1812-01-25,1904-03-04,Q425790,Q38511
i-LccoceJBCqoQP5iE7k45vu,Q104246766,1803-10-31,1871-12-27,Q3432816,Q965172
i-5jCKzdcZnraicuizSYLqn8,Q104247447,1809-07-30,1876-05-20,Q125080,Q192155
,Q104248045,1807-04-29,1868-05-14,Q999821,Q1013639
,Q104290665,1806-07-18,1871-04-17,Q1789963,Q1784789
i-X9eEjh4Va2BNBd1gCaYmjx,Q104348657,1807-05-24,1897-05-25,Q38511,Q1010030
i-R9jTBuaffAFW9tqnohzFxo,Q104348769,,,,
,Q104376663,1807-09-01,1874-01-15,,
i-AoDGaMXUxZPU84yZTfL3Xc,Q104376666,1804-09-04,1879-12-25,Q32268756,Q193367
i-5HQc6CAQGNSATTKMNeimw8,Q104376668,1803-11-05,1867-10-10,Q953081,Q3434037
i-GZgKPbnkv98wL3MUuWBgcT,Q104378293,1807-11-29,1880-04-05,Q1852283,Q47034
,Q104378411,1805-08-22,1876-10-23,,
i-WxkgwPxqMpjFtfmAZTrx6L,Q104381600,,,,
i-BtSnmoZRRAQCGZifMmfTuu,Q104383009,1804-11-14,1876-12-05,Q2428286,Q2428286
i-YTYRaFHeP9T1FCPA23wN1v,Q104383015,1806-07-12,1881-05-08,Q38511,Q1001768
i-JzQyA5cExy8sPWRDBUypL9,Q104383016,,,,
i-TUXNt96MoMXQnU5GkAysCA,Q104383018,,,,
i-9MPizvkX1LoAoUhNc7DgND,Q104413208,,,,
i-QHeFmPFqTzUKYegijGeky4,Q104413212,1798-04-14,1875-05-31,Q575090,Q5981
i-E8o2CUgc6j8zTErDbaEDQk,Q104549831,1787-05-04,1851-12-04,Q11888714,Q18660742
i-MNNdb5hx4FpNXw9RbRm64,Q104549842,,,,
i-2N84i2GCAKRZCDmnxUA3sR,Q104549857,,,,
i-75hgaLaGFamv4aEJpbukm5,Q104549861,,,,
i-52UApv4BWXTp4mFaodcLRw,Q104549865,,,,
i-NAH7vpemmxvbjxdoZq9z1P,Q104549898,,,,
i-4A9CR2nc4bk6QWfvH7vEuH,Q104549902,1753-05-15,1833-02-19,Q180233,Q986409
i-AVxkEH2ndEP8Y9Rxbhajt3,Q104549905,,,,
i-EdWPU8jZb97Q5NntadXUgh,Q104549953,1748-11-05,1814-08-30,Q661269,Q247128
i-75pSkRZ6BxTGmjSBdZULLB,Q104549968,,,,
i-CHNGvNVciPveECbeViCjMo,Q104550011,,,,
i-7C59zrm2TZmNPtyGrwq2NH,Q104550039,,,,
i-3LrbQCv9wyK5t5xguHtg9N,Q104550046,1793-07-04,1868-08-17,,
i-3jixTK21y3YVWx7rDjktd1,Q104550059,,,,
i-7sU3EJAqpGLKEaXLxNtHt4,Q104550073,1772-11-12,1832-07-09,Q193367,Q984931
i-QWKeMQ8ikAFs3HUhpwcTcY,Q104550083,,,,
i-6cJ9tYpD4rnGXjRHqAXMfk,Q104550089,1761-08-13,1809-08-07,,Q125477154
i-vbgi84LNv1zVdZk7F59Mn,Q104550141,1748-08-15,1830-02-16,Q1757,Q202158
i-MpSvLbSBufpP72uqPvupgE,Q104550153,1753-09-15,1835-10-05,Q748513,Q748513
i-YSBTPHzqKxPNqhdGFhMQLx,Q104550164,1772-02-28,1822-04-15,,
i-S7HnBrDttPGxM4jsJ8CmK4,Q104550197,,,,
i-SfCwsq5Qek5Vh2jkQ6X17W,Q104550228,1770-11-10,1829-09-27,Q127623,Q166942
i-NUWvTeBf7cVPTJBMAB6Ecj,Q104550266,1738-03-21,1822-03-01,Q3353433,Q986320
i-D4E6gAdmGpe5X5b1EYPpiK,Q104550277,,,,
i-3unhb9g6v2qnZzyU7Qh1Vh,Q104550289,1774-10-25,1818-04-14,Q1754,
i-CEVumXnsAM6JuerGsXPqM1,Q104550304,,,,
i-X9BEgeY2cHDN4Ry1iBZd3W,Q104550322,1740-04-21,1814-05-06,,Q11886496
i-VRBKtqgHmrBZBsBfH5E1d7,Q104550354,,,,
i-9JWwhn8FEqrGcWpcwD2uFj,Q104550386,1766-04-01,1836-08-17,Q10401513,Q18661935
i-WU1bZzJFp2hYGt3zanqwPH,Q104550447,1779-09-27,1842-07-17,Q748513,Q193367
i-YPUGzhWUpP3GBkQwRddPq3,Q104551775,,,,
i-z1aA2KyhTnRjDaaHVeKnN,Q104551788,,,,
i-Jg8vmt5AqUzNo3Zv1vSBBi,Q104551793,,,,
i-6Rx4DzZ1HhADPNH7Dp7Wbj,Q104551801,,,,
i-LMEScfuydVjqcwbYGSxdsR,Q104551807,,,,
i-ShSqKxsKjsrqLxqcDTQ4vS,Q104551815,1764-05-01,1819-12-30,,
i-FaKMEEfi3TMUuBz9Mb4reR,Q104551827,1761-03-14,1819-11-22,Q926232,Q37013
i-7LoVr293hXMohtVqM8oqWd,Q104551835,1745-08-24,1831-10-20,Q18681777,Q986318
i-8NLUfeFi4f6dm4dhXM28Dc,Q104551840,,,,
i-ABLF8gmTUdDY82WDDDAPc5,Q104551848,1777-01-20,1853-09-29,,
i-4quLjNLFHWHxz6QFw9C8bN,Q104551851,,,,
i-V2gvXzy4yVR37t4spVqk1w,Q104551857,1757-12-05,1829-11-28,Q853628,Q214773
i-5eevwT5GCkMCS1gcqgfZj7,Q104551874,,,Q1010030,Q990578
i-9Dzc4G9y6rKN78zKhtTiwK,Q104551880,1745-00-00,1825-01-01,Q3432834,
i-5TGtkJ2B6PNt9Twh6nvAo7,Q104578164,1774-12-27,1859-09-20,Q10508084,Q1000119
i-5kBUbZcc9W5nSQxVdQJc7R,Q104588847,,,,
i-TwPvj87UckWE35KtsCMaGf,Q104588856,1751-12-01,1835-06-07,Q1754,Q125080
i-QP5DJLaZH6HrKA2LVXwim9,Q104588874,1768-03-16,1839-08-29,Q1017111,Q425790
i-NXVEJeG8exDqKdqBDPeqwV,Q104588882,,,,
i-W6pUWxkMs3AK6Keb3vy9Bi,Q104588904,,,,
i-LEMEoacBNp84qL8VqhrH4x,Q104596836,,,,
i-4hJfZcdKGCaVEoCZoUaDQz,Q104602790,,,,
i-F2za3adppYaQeFqUUwomi1,Q104602792,,,,
i-QYxULRmLP8R5DCtgrjvZn8,Q104602796,1772-12-15,1817-07-17,Q622592,Q622592
i-94rK59UA38i4JL2Sug6o3i,Q104602798,,,,
i-8LkpMrYhYHUCw7RiiDKYqY,Q104602800,,,,
i-RUeFTJDk4Bcmi5Q2QfrMYL,Q104602803,,,,
i-H8yQTopN8aD4jQGED8XKHZ,Q104621945,,,,
i-3p1Nxw6gWRoVv2rt88vYC5,Q104622008,,,,
i-34Prj111JniZxW4PsiFt7f,Q104622014,,,,
i-2ktSPbgkPX87zvzbvSM2yv,Q104622018,,,,
i-BFXGLL5T7vstV6eAeM3pFC,Q104622031,,,,
i-JhDuntY2zU3AnBWPkuoxUr,Q104622523,1768-03-27,1818-03-09,Q247128,
i-2WTpAbUHcxdqr6EZLuThwv,Q104622533,,,,
i-7yLhYQui5h64ArrLmA5HiH,Q104627325,,,,
i-FRViuuMu59HXvcduvR4JJb,Q104627328,,,,
i-8ddXP3QtPr69f6uYhVcJDQ,Q104627331,,,,
i-LnkkcfDXzRGTPBMLXcE91Q,Q104627334,,,,
,Q104627338,,,,
i-6M2yxGPyaMkNbCjQXWFxZC,Q104627340,1770-00-00,1819-04-13,Q1641615,Q1641615
i-3QeX62WfBWmSXZfEa2V8Qq,Q104627343,,,,
i-5WNBVxJAEr72Fm2qc4LFrJ,Q104627607,,,,
i-BatWG7uNejqjtwBH4edeGU,Q104631352,,,,
i-AKsnxsoVapWRnsPiZjSj3K,Q104631373,,,,
i-9yCuh5VFC9nkwFCb65mpa1,Q104631384,,,,
i-Rvm4fcZPK4D2qhoK2MNv7C,Q104631391,,,,
i-XxHWSADutiFLgftWhSc25j,Q104631398,,,,
i-YD9Lp1sCoNudYqyQbWotVS,Q104631415,1766-01-20,1840-06-06,Q992376,Q3444921
i-54pd7JegkLi7AJ9o4YTfQ2,Q104631447,,,,
i-Y2voexX2oJ7ccgMez4RrAE,Q104631461,1766-00-00,1810-00-00,Q1013639,Q413747
i-GWf6xVqXjhgG51RMmFS2pe,Q104663900,1814-07-16,1868-06-01,Q3444970,Q1679567
i-V6v31r5joHKS4WkUQfSh1v,Q104715289,1852-02-11,1911-07-01,Q3444970,Q636607
i-THAVuE4axrjJyKgs83WVGV,Q104721213,,,,
i-4wkWiyCXSJJ4U9FizZzLhw,Q104721219,,,,
i-L98MJsiU1VuK4KecAX584L,Q104721221,,,,
i-SzqzswQ1RPMaaeiMYjG5Ca,Q104721229,,,,
i-TDFeRLpapo8KPRobArnpEf,Q104721230,,,,
i-FeaexDXFvKCbfhp6jTXNbe,Q104765569,1846-01-13,1919-05-20,Q622592,Q622592
i-XECbcSYaNcvb5x7iyCcZ7N,Q104815685,1864-11-22,1954-11-17,,
i-3KmZ2JW55We9zqnwrRNCgP,Q104815701,,,,
i-3Zr6LeVrErF9UF7ecwsP1e,Q104815711,1853-11-15,1912-02-06,Q125080,Q3434081
i-5JD6dgJt9dQKHWWoMp7Z8f,Q104815713,,,,
i-UExNr1vRKnTpzE5pqzv3ir,Q104845164,,,,
i-ZnoS9yNyJZCCCXuCn8DK7,Q104845206,1794-04-30,1871-12-27,Q930181,Q597156
i-mDkXzDtc1sbficmtdJof2,Q104845228,1849-09-13,1915-01-09,,
i-NbSptXiZKGLtChSMzVsm4n,Q104899489,,,,
i-RqnKaG4Hk193aoEnE7oY7w,Q104899495,1838-03-04,1889-12-17,Q1757,
,Q104920110,,,,
i-XTNab9aPye5VciPF4orRsR,Q104920129,1829-09-20,1901-08-16,,
i-XGPXP8D7JvJUuYaL7474G4,Q104995553,,,,
i-Fbfm1HbZePHYVTAZTJf59L,Q104995579,,,,
i-6bp2LCwyEMQVzYLoeWF2Bh,Q104995593,,,,
i-LXeKqcnhWJRPyVB2hLU94o,Q104995605,,,,
i-8L8ihSMPg33RVce6ZrdeRn,Q104995620,,,,
i-KLfq6uJD2dXER75p7KmAih,Q104995643,,,,
i-TDorJwip9wZw86wKUvrc6g,Q104995649,,,,
i-XypnSwDxdz4tfuaeSVg3Yy,Q104995671,,,,
i-7MRs7cG8FJFsYgLLz5KXpv,Q104995689,,,,
i-5mY11xX6ZMjUz2PaHbNRcE,Q104995705,,,,
i-4LUY2WFbrHNXdXqurbMDvB,Q105037566,,,,
i-BomaSmZdrkS9SfScDXqfPA,Q105037569,,,,
,Q105037578,1848-06-24,1911-11-24,,Q585888
,Q105037582,1823-05-08,1892-03-09,Q926232,Q1757
i-182iQaw41tqTySDbhb38Sp,Q105037587,1829-11-13,1915-01-26,Q206601,Q206601
i-RN2xBfcNHm4QFV3THjTHgy,Q105037590,,,,
i-VethMAkStv2TxN6zR2A8eZ,Q105037599,,,,
i-HGkvq3faHKCS2q8w4Fwvdd,Q105045039,,,,
i-DSe7Sukmush1y9amrLd4oZ,Q105045041,1825-09-29,1869-12-13,Q18623084,Q18623084
i-8jPmu3fvHohUUCeSGkkbXB,Q105045042,,,,
i-S3BEuv7Bn8ayM26jYrr83J,Q105045044,,,,
i-9pashV7KkwGfYg8WYhns6X,Q105045048,1856-06-18,1904-04-22,Q1013639,Q384106
,Q105048270,1826-01-21,1899-09-25,Q193367,Q214773
i-C5N8HQPmJLpinDQjyVTdbJ,Q105048330,,,,
i-BThsfEh3vpoxkcnJ81XGHZ,Q105064076,,,,
i-Vh1dqy2xKpjHzkQPmypXH2,Q105064081,,,,
i-7JJadmn45jdfgAdP5VFGAs,Q105064084,,,,
i-ENMjRvMTmj4y4ZKemGmPRi,Q105064090,1840-01-26,1914-05-07,Q1025703,Q990553
i-8fozU89a5VmbroNCoe3k21,Q105064093,,,,
i-TRJUkgdtqj8YafcHWiunC8,Q105069780,,,,
,Q105069782,1841-06-06,1911-01-12,Q986320,Q1757
i-RuWjhvcLonqckZ5vuFTfDf,Q105069783,1846-09-26,1915-12-08,Q1807534,Q1807534
i-ABctK3KggnFuTKUoTXHBqy,Q105069785,,,,
i-GtHU82sNyMBmYF9LF32Xqb,Q105069786,,,,
i-R28UTns33JCA99kCLanPzS,Q105069788,1842-02-14,1928-02-13,Q180233,Q1757
i-Mv9xYt1oFBbC68U2iqevMq,Q105069794,1825-11-03,1891-05-01,Q1784789,Q1784789
i-7Wbnu64RFrVsQS3wmgmxW5,Q105069803,,,,
i-QGPtDAH1rAzUX1zyuF6Zjh,Q105077447,1822-00-00,1900-10-04,,Q1025700
i-QQY41pDJEC5sc6i2RxR4Hf,Q105077448,,,,
,Q105077451,,,,
i-DtHXRURSTfEvE52xc9jSoZ,Q105086423,,,,
i-14fxkLqzdcadwNTzSJwBCv,Q105086426,,,,
i-HfWfActQe9KZ2kYVzhw5Bm,Q105086430,,,,
i-KBo1wGumzvige3fKvvL6Ad,Q105086436,,,,
,Q105086441,1870-06-11,1947-01-05,,
i-WVKwwkZcuPEpz3Brz94buW,Q105086443,1816-02-02,1878-02-20,Q988510,Q656988
i-fkH59Hy1xPdkBodmom78M,Q105337186,1840-00-00,1911-07-10,,Q979846
i-7KrXmr4tdja7Jebn558nct,Q105337189,,,,
,Q105337193,,,,
i-Po86c6SzZBrRp2cXNt7vbS,Q105337195,,,,
i-8YeEziuDQVwm1GvFzc77Wq,Q105337196,1818-12-01,1902-12-03,,Q986322
i-69MYJUh7yg3VUNsWse5CGp,Q105337197,,,,
i-rtS2zvMx1CcSvtyFjApXZ,Q105337207,,,,
i-4SBRhbBz611dxdnMCTF7zj,Q105337210,,,,
i-WKYZS9w7YwXk2iBPTNxqW8,Q105337216,,1959-01-08,,
i-9bXKRcbNZcEMCDoY2xG6Cc,Q105337220,1842-00-00,1907-09-12,,Q1025745
i-RtZYJRUio7AUd7ime4k5jZ,Q105337225,1829-08-08,1906-01-12,Q930852,Q930852
i-C4a3WTXNcs3RVBdmWXkxK,Q105337228,1848-03-01,1924-09-11,Q736486,Q736486
i-Wcky67Qf2rGc89qYWAKwSZ,Q105337240,,,,
i-Lr5AdF1qhHs7ZqC317dwPC,Q105337241,,,,
i-JJwVm2LBGhA6k7954SE3XD,Q105337243,,,,
i-SVUC6CZ6K8PYcHFwEQ5T2T,Q105337245,1849-08-13,1920-02-08,Q987094,Q614088
i-X1nJ4shXTnndLogA9D39Dh,Q105337256,,,,
i-BiLJE3xxrrRCyZeZCQjHcJ,Q105337273,1849-08-04,1925-08-08,Q162279,Q999210
i-UMDgoutWEYApG28pbuoncb,Q105337286,,,,
i-Kcb1kFVpQpDq61XMj9K7iG,Q105337292,1818-00-00,1878-06-07,,Q993058
,Q105337307,,,,
,Q105337309,,,,
i-88G2sF2D3mAUmxa3DguhUn,Q105337311,1839-08-30,1891-01-11,Q11889415,Q3433707
,Q105337315,,,,
i-BErjhp3tUnzeux36oFRArJ,Q105337332,,,,
i-QaTCTm7zbJdPwtSKAQ6xKM,Q105337338,1826-01-23,1897-02-12,Q606021,Q606021
i-NVSSVqMqZbW5m9b6RM76L8,Q105337342,,,,
i-YKh2D6esz3YFMqvWKxgbLV,Q105350970,,,,
i-AYi31TTTpecT6X8KWsTfWs,Q105350977,,,,
i-2J1cFCU1ntRSDLK69LyixZ,Q105350990,1868-00-00,1913-00-00,,Q1001932
,Q105350996,,,,
i-GsoLcP1UNjtUTBtjxzkkTU,Q105351022,,,,
i-8X1nwKUPMKMGEhCaJ33P2G,Q105351030,1829-10-04,1893-07-22,Q27839502,Q27839502
i-U5VP3ZVVSyQZXzf9UspkVr,Q105351041,,,,
i-EuoJ16TMvdtrax3gfPLFLG,Q105432156,,,,
i-6Jfe7SU8pTvVo7bFTk3ybs,Q105432166,,,,
i-UBSoYX91VzS6A6UZDp8vNf,Q105432172,1848-01-23,1914-06-07,,
i-Wjj5ppkYCuFJumysgbMA3b,Q105432176,,,,
i-Cv9BDDHsNUPXghUwXRjrTE,Q105432181,,,,
i-TZBstz6GvAASyzwu3ZCkyU,Q105432186,,,,
i-81mG7n9PvEMxCHFBNzHxss,Q105432236,,,,
,Q105432248,1843-07-06,1883-02-25,Q193367,Q193367
i-XWhq9o5CBki3q9KV9bMo8M,Q105432260,,,,
i-E78eJvBU44BnbTEwUNPTah,Q105432265,,,,
i-Xh6wcQRwoXZhyJtJuX4okd,Q105432270,,,,
i-DAswt6RRgwU6zpSfVftUAi,Q105432279,1854-08-04,1917-02-20,Q240086,Q240086
i-17htpZDs17EUXFq4uXyrgb,Q105432284,,,,
i-9aDbyMZb3HGMW7gsFNVDFf,Q105432288,,,,
,Q105432294,,,,
i-JV9GcFpgHeXSPNGcRYrcPP,Q105432305,,,,
,Q105432314,,,,
i-8CWDYcThFfzGbqmvH1qv7L,Q105432328,1852-05-21,1922-04-28,Q190583,Q608803
i-SCDfHvQhfbb3ozrfTxB2Ni,Q105432334,1861-04-05,1903-02-03,Q935858,Q1757
i-6iTPdkYY4AY8UDvNKyak3d,Q105432338,,,,
i-WyWDwtFVYiUTfBNGyKxSTL,Q105432343,,,,
,Q105432349,1833-09-04,1876-05-30,,Q6023
i-VTKTKJy5YhuQPiyvf9Mvh3,Q105432357,,,,
i-PYWvB334yLWEhtwkxgXUPF,Q105432364,,,,
i-FLU4GzhfjqaiKp3BXLwdWL,Q105432371,1844-08-28,1931-07-14,Q986409,Q986409
i-4EfZwZYPcDqVAtpcDCJzjM,Q105432376,,,,
i-NAuZTui4bievWP5oqZC398,Q105432396,,,,
i-NCkfpUwoqABjXwqK5aXbJ7,Q105454264,1859-07-07,1910-08-16,Q26221,Q607778
,Q105454281,1816-02-07,1892-01-16,Q653167,Q571384
i-AHE3ySk5hTh2HNnKw9VDUz,Q105454297,,,,
i-TGqE1UqnA73NvW2YYgmMf3,Q105454314,,,,
i-RSUNuRBeN9QEuyvaqF6vTD,Q105454333,1842-03-01,1914-00-00,Q2626296,Q11855934
i-HCsDZ4jw1CfzTFHQ59MHas,Q105454349,,,,
i-BAU3baAe7zojX4UuSwFbCY,Q105454393,1859-03-11,1922-04-22,Q690454,Q1757
i-7okXPeRPnEwup3QASuUY9C,Q105454409,,,,
i-Re4PUqw3hSF2gYzFAbLco4,Q105454450,,,,
i-17rHdCAokyZJRHvnBtWfiy,Q105454506,,,,
i-RpVDw6iitmizfBXkZBCRJA,Q105454524,,,,
i-KZXidz1Yd5JGAVXfe6RfyA,Q105454545,,,,
i-DiMeNaDKYnSXKLwHBuNkPP,Q105454580,,,,
i-Pn84JtGdutpdSwxbgQUoER,Q105454605,,,,
i-3nP1SqRS5aPNvyXZiEeovy,Q105454655,,,,
i-MP8tCuyCgGu6j7iyfmn1Hs,Q105470731,,,,
i-5EwiiZJg4fayJqXsvpUwen,Q105470739,1851-02-04,1933-08-27,Q984856,Q732159
i-A22VbgnxUPudCU4PsdfXhZ,Q105620413,,,,
i-KJqM4wnygHX4r49KxPJzSp,Q105620414,,,,
i-WEZivZLhRSkR9TTeHZq7E2,Q105620424,,,,
i-KBYPaBJocZ9gbzQEGT2Xyq,Q105620539,,,,
i-VufcVdAFzHbWaez389tPVQ,Q105620544,,,,
i-4JaESVZ7PJrEMEm1tSderF,Q105620551,,,,
i-GMQsuhSAwWd986Q51uYDSu,Q105620569,,,,
i-XKTuoFdsf9eemAkMBbdAd2,Q105620575,,,,
i-KuQLHkqt3cejKTyvvNYzpK,Q105620577,1811-00-00,1892-00-00,,
i-7bYbzEpoHYojLQLfN2b2aa,Q105620583,,,,
i-2Nv6cX45TaPfoUjwp4kCNm,Q105620588,1839-00-00,,,
i-NKaswFdK23mmSjbg8MMacH,Q105620591,,,,
,Q105620598,,,,
i-3Qx3Kq78Mhk3SQZyWMmLQk,Q105620602,,,,
i-LszmzSyrMUQRmpWjdTrzZk,Q105620614,,,,
i-MbQvVcF8hxDj9Gh7nNodQi,Q105620615,1845-02-16,1911-05-22,Q240086,Q240086
i-J8C9bmCMAhFzRdviTnCDsy,Q105629703,,,,
i-QhncDJ9GjFzajpogRjMHPM,Q105629715,,,,
i-L2BLKXDd3w8s4qqNPwAExg,Q105629732,,,,
i-F3aUsRbXiCkZyhMHWkHLbZ,Q105629755,,,,
i-LauGkBXyoLDjzoszXZ721Q,Q105629779,,,,
,Q105629807,1818-00-00,1893-00-00,,
i-254g857EoqyeksFi9ULpYn,Q105629945,,,,
i-3bvDg4jwac8mVz3EUo9zy2,Q105629965,,,,
i-Fnc3xqQ6Yw1weZo5vTRsDX,Q105629998,1855-08-25,1946-09-14,,
,Q105630056,,,,
i-6FpU4tS1g54mE21oZxEp2a,Q105636267,,,,
i-T6iwtdGymhfhiK1c7VMUXe,Q105636268,,,,
i-Jr5yhF57YXXUeEBRX4X7ry,Q105636269,,,,
,Q105636272,,,,
i-48bPgpGt4oMSMDPZWM69y8,Q105636273,,,,
i-VKbGtZyZXWpUPkoMXnexMm,Q105636275,1863-00-00,1926-04-23,Q1000117,Q1000117
i-2WWyV6tYwf1MCC9zgsfC2t,Q105636276,1823-00-00,1899-06-27,Q1000117,Q1000117
i-JZaNWk9mXgapfbJ3qZXW6E,Q105645203,,,,
i-J3fSiozzccqG1AT1cQ8Aae,Q105645218,,,,
i-JB2EsLBcC9n5Td2DE3r77T,Q105645248,,,,
i-RAMm5EB5hewafqayKtSYFU,Q105645260,,,,
i-Cc5prx5Y6fGy4RZqhPRyiV,Q105645284,,,,
,Q105645300,,,,
i-Ucum7yRc9FUd2VVaAbvHaa,Q105645318,1841-00-00,1891-05-12,,Q203619
,Q105645334,1834-00-00,1905-00-00,,
i-985PEcYLDmXuyQ4trfxpn,Q105645349,1844-06-18,1898-02-09,Q15264,Q15264
i-STAnaSXq3Wzd8jSfHgfAs6,Q105662930,1811-05-22,1886-02-08,Q1013639,Q636459
i-2Y28YhcXXa6iFvLQQcnSZa,Q105662969,,,,
i-XhpQXjgjbWqp6yVdMAGi9S,Q105663020,,,,
i-BGAeCdEhEejx8yNT2yysq,Q105663079,,,,
i-2watXZpWpYKRSDFLMhu5JW,Q105663122,,,,
i-Fhpw6o7Qy1YaRxYQmNUM8W,Q105663134,,,,
i-XWr1NDzxxKPzbsdMfzX9ey,Q105663208,,,,
i-n6a7VyEhiNLSYpPQaXePD,Q105701075,,,,
i-KS7S4UcDzhQZZapbE1UVxh,Q105701078,,,,
i-9TQo34sR4SsRuzb8rTTykD,Q105701085,,,,
i-ER5P4AeGQU1UhNg4KSuGfA,Q105701087,1832-00-00,1878-00-00,,Q999855
i-XY2Wg46nSUfV1fKXgzWdbZ,Q105701091,,,,
i-RUbcSSRCcGyP1SMHNcHDBY,Q105701209,,,,
i-8qsh7pqC4xy1uzUqXqL4u6,Q105701318,,,,
i-EeTFbyDUFF9QtjjBFNtDQF,Q105701492,,,,
,Q105701552,,,,
i-5Q2w5YAnQMjbk4mGw6uPBA,Q105702511,,,,
,Q105702515,1836-06-01,1916-08-08,Q748533,Q985458
i-BjxmQY1CzA2Wn37fiD1ULi,Q105702517,,,,
i-3wbkcRH6vFcWFCrAj2yuYD,Q105702519,,,,
i-rhHTJ52pXmZ9omCrcdBeB,Q105702526,,,,
i-FGZtsFCfw113CzEnLXSp3t,Q105702528,,,,
,Q105702538,,,,
,Q105702549,1837-07-03,1921-02-07,Q30560359,Q748533
i-DyCDPVnVqVgNVuzhR7c5yC,Q105708653,,,,
i-VgXbiJ1DeKP1NgamtWyuHV,Q105708660,,,,
i-NbLP2Nt1pfin8JxryLMYRd,Q105751890,,,,
i-N2Z97XeDoEhoXqMP1Yb91f,Q105751892,1829-02-17,1915-05-20,Q124919,Q124919
i-izFXuH12VisPQyZuARAE6,Q105751898,1831-09-03,1897-05-13,Q1641588,Q1852283
i-3SZWVADXp26LoEUsfMXtuW,Q105751901,,,,
i-M9GEjZeNs7B27BfEGmJYSN,Q105751906,1858-11-18,1912-07-22,Q1641672,Q735133
,Q105751910,,,,
,Q105751911,,,,
i-Uyib3B44zp4jbpLeobRbVt,Q105751914,,,,
i-H9cZ6VmKS5CfdGexv8Ug5L,Q105751916,,,,
i-RHqygXe6TkBr9hHcesVUv4,Q105751918,,,,
i-LA35x1Y7XM3uhT1r9Nc2oy,Q105751921,1826-12-22,1900-01-08,,
i-Mx8rT8cEuAAhv39T79k9Lo,Q105751922,,,,
,Q105751926,1850-04-02,1900-05-08,Q853673,Q193367
,Q105751942,1821-06-03,1889-10-04,Q193367,Q853673
i-SbofGedkQmSvXcY3kuYV13,Q105751943,,,,
,Q105751946,1838-00-00,1894-00-00,,
i-GZK5EtQ9raxhJ5fcGEcbgj,Q105751952,,,,
i-VwHReWhJrcC7zhFiznhRg5,Q105751954,,,,
i-JLC3dWijsXJedeNJ5t2xMn,Q105751957,,,,
i-2ovyX7AoGzjWAqK7ZaGgd4,Q105751963,,,,
i-DhkpMWMtWKDEBsxXhj35hc,Q105751964,1853-12-19,1922-06-07,Q992898,Q992898
i-6hEw8csrknSfpmAmqBBvBK,Q105751967,,,,
i-MogwxPPyotmdVHPokgUn5V,Q105751971,,,,
i-42bbqgxbvyzVXTAmjYWYGz,Q105751977,,,,
i-2j5uWs1Zs2SyeviLwx93NE,Q105752133,1832-04-01,1904-01-17,,Q15839066
i-uXjb9J171HfAGASs8vqS9,Q105752135,,,,
i-FUnhftNVyCFbh9ftx4agbz,Q105756020,,,,
i-QBzR9quZuLUvCqxCppFswG,Q105756258,,,,
i-Xji3XqSCAwVoU2h1aq8XxK,Q105756260,1836-00-00,1904-00-00,,
i-XwurehdUZDZDpgpsfFXQzw,Q105756262,,,,
i-CfP1eF37sJ1qKcMK6SnTzr,Q105756265,,,,
i-GaNJg5yyoLLZFLXLT5DqzS,Q105756267,,,,
i-PgP4VQLBSWeqNWkwt4rYeN,Q105756269,1847-10-07,1905-10-02,,
i-DsNvcZ4WKjqtgZgVHcTx2o,Q105756272,1856-09-23,1925-05-28,Q1757,Q1757
,Q105756276,,,,
i-232oBiwo9Msdu9iGgYgsy7,Q105771891,,,,
i-Hv6XAG6mPv5vY2zxYJf3BD,Q105771893,,,,
,Q105771895,,,,
,Q105771896,,,,
i-ECLdY41T941BqZijUjxQun,Q105771897,,,,
i-JPgqwrJYXYk9RJAGN3E3U7,Q105771899,,,,
,Q105771900,,,,
i-3yRuVkrxYuHdk4Pt3aDdNL,Q105771901,,,,
i-JouMnc29yqszZkV4fw6wdz,Q105771903,,,,
,Q105771904,1822-12-05,1908-00-00,Q1807534,Q1807534
i-DohHxxmYQkejcHDFzK8Xi2,Q105771905,1846-03-30,1928-07-09,,Q1886842
,Q105771906,1819-01-14,1885-05-26,Q413747,Q636459
i-8pxfJdQC3EtDNSKhcsyFq3,Q105920766,,,,
i-7SPzgxv8ewS5Hc1tGVg42M,Q105943504,,,,
i-ErefsCL6f7Lvk9iUbkZtPZ,Q105943506,1831-01-21,1899-04-01,Q162279,Q162279
i-CFL7Y68fc6XBuSEp4v5zKb,Q105943510,,,,
i-4pNngQyqmP5Kg5wWKeSy3V,Q105943514,,,,
i-BzrNqqibkf4bK5hsMA9r4e,Q105943516,,,,
i-96BNtQaSvwr9KuTw3K37Pg,Q105943518,,,,
i-Sgc98ZDEzcXD8Ee87B26PF,Q105946628,,,,
i-3AAUZNqftJnZPhMYWGsWAy,Q105946629,,,,
i-LxagQossAJBCsTviBZ67Ld,Q105946638,,,,
i-LPSNw3P3JYfMofPLqXC3FU,Q105946641,,,,
i-wPTdRzX77zcPiX3pjEpko,Q105951049,,,,
i-KGaDYg8SvhTQwWAdJXsgTo,Q105951055,,,,
i-UeCsY7Z8EWg5JUKatauFUi,Q105953037,,,,
i-8F6yZ5fv4PsFNEJFKjgVJt,Q105953045,,,,
i-KfXYoPpMWP1s6ooNkxKCr5,Q105955066,1854-02-16,1932-04-25,Q38511,
i-Wc94mfKvFCXNZujj6r2PaP,Q105956704,,,,
i-Mz9aBz5SdW9X6Q9PVDD5SJ,Q106223936,,,,
,Q106223945,1833-09-27,1917-05-10,Q14657,Q134620
i-RqAPAC7S2CX7e35kDsECyi,Q106223951,,,,
i-XiVVgVb5iaBAvUJZsKjy2J,Q106223967,,,,
i-8xyPjYBT2s12KBdJzhtwhs,Q106223970,,,,
i-PfNDvdPUw3V2yuQ3zFXWwn,Q106223979,,,,
i-UGnMF187bsPNnrbM6fZK27,Q106224047,1808-10-09,1889-03-30,Q193367,
i-49NneHoz93DCgq2dzhP6Gn,Q106224054,,,,
i-JkSp1eWyNE5yJ7KqvQ1bNE,Q106224074,,,,
i-7uMXAQGFUobfV6rguMPypw,Q106224079,,,,
i-EqxJvEcFn3pmNPchjvzb9a,Q106224091,1839-08-19,1910-06-15,Q1784789,Q659642
,Q106224094,,,,
,Q106224100,,,,
,Q106224104,,,,
,Q106224110,,,,
i-LfjijKcu6wrjy8uVqHyVJp,Q106239181,,,,
i-J2oB12cTydw9DLfUm3uYBN,Q106239197,1841-01-01,1899-06-11,Q14657,Q6537
i-LmMgV7SdqVNZjRdPMKRJ7T,Q106239201,,,,
i-DfoBXxWtHB1dPk3VFvEfhi,Q106239204,1843-12-12,1900-12-24,Q47048,Q180233
i-54r13ERSDzuTFF59pPjUaH,Q106239210,,,,
i-P8ZyisnHJoEetVdab3w2LR,Q106239220,,,,
i-SWcAb2S58766GiVqcK2yWq,Q106239238,,,,
i-3qQ2rqBSKFC1Nnf3bj8fKb,Q106239241,,,,
i-6JybuhLJX5Qmzhe4hT7PER,Q106239250,1851-04-23,1903-12-31,Q5413807,Q181854
i-5k9g3BpVLuXcY974wBrJ9i,Q106239253,1848-12-19,1924-09-10,Q37013,Q37013
i-JFFd4ZuB8jwp2b9revhQqt,Q106239258,1837-05-12,1911-12-07,Q180233,Q1757
i-3so22gdMat8n2MaFav5XhX,Q106239269,,,,
i-4roc5uHbzAkspAR4dugTxs,Q106239274,1841-10-09,1918-04-19,Q10436974,Q14657
i-QJ1ZkTV7SwMpxh2ZB1Guar,Q106239284,1836-03-10,1908-10-10,Q1757,Q1757
i-A2fa7zDugMgoGur3miP6wM,Q106239289,,,,
i-JwTjoz93HVQHyRNS5qpK9c,Q106239295,,,,
i-J4VesWHSy7vjipBi6XD4Hw,Q106239312,1844-02-13,1906-08-17,Q1757,Q1757
i-MXYA6mu4YEKfDVYKu42SUN,Q106239316,,,,
i-9o6BZDKt1PPEyqAU5GBdFF,Q106239323,,,,
i-9vuvSe6iaLrwXwh2hAz1V6,Q106239334,,,,
i-NUC4AmXjZ5KaMtPNfqBxhQ,Q106240876,,,,
i-iS8LzzYMsoqMTRxq4iVRK,Q106240907,,,,
i-63KqkF6arwqNKP67oDuFkp,Q106240914,,,,
i-2znFq4zFPRn3Y3XsTtU4CK,Q106240921,,,,
i-SDx8XWaQ1pBA9gKiPinHpP,Q106241016,,,,
i-MZzLK6ceKqS79rLo8ueo9E,Q106241039,,,,
i-RT3U6VrgfFvTbEBaT1WU4Q,Q106241049,,,,
i-C3DvrWyQ2EcBDMiprvuVyR,Q106272565,1842-11-30,1919-09-27,,
i-PJieNR5tUWvJeBkxF7Dr9F,Q106272574,,,,
i-J8B16Dk9GrSwVz9Qn7hcF8,Q106272576,,,,
i-PVaivFSAuPU2ijJgx7Qfen,Q106272578,,,,
i-UWUL9KSiGnCtXiXG4xP4QR,Q106309485,1847-03-14,1914-01-18,Q1025748,Q40840
i-8nkrbX44tFwdeyta5p3M66,Q106309490,,,,
i-Ni7ZXhkyXJkTLKyP27EfJg,Q106309495,1848-07-26,1900-11-21,,
i-QCMogBudzNTMKFVRyUTu7u,Q106309501,1856-07-17,1911-10-07,Q47048,Q47048
i-JLVEWZVW7vdzY5LFjxXNt5,Q106319464,,,,
i-KCCsfGqPw6fxcvH1WdRibJ,Q106319465,1865-12-23,1943-04-05,Q986331,
i-SrGiafTSdSwpad4RB612Eg,Q106319466,,,,
i-Trxigum19383HjWaEM7WN1,Q106319470,1861-02-14,1923-08-18,,
i-PJNZ42wbWSKxA8Fx3hejJx,Q106319475,1866-02-12,1924-05-01,Q125080,Q1735037
,Q106319479,,,,
i-9T67JZDMoYXjzwrS37CBea,Q106319482,,,,
i-4TRQBc1LrNtRR6LsG2cKFz,Q106319489,,,,
i-82D95bTd5ouR2R7mb688Ah,Q106319490,,,,
i-VkuiHGgLJdSKNMjCERptXT,Q106319495,,,,
i-EkuqrxiDLYkN7w8kVEcEKx,Q106319501,1844-02-28,1912-09-14,Q190583,Q3432786
i-2JpLXsMwopWLZqb1nASqEs,Q106319506,1859-05-04,1922-11-28,Q196397,Q1757
i-4prFPBEjPh1Dck1Z3hBCHK,Q106319509,,,,
i-FiibtiyGJPryBr7nBGLj5b,Q106319511,,,,
i-6mPTi6W3Yx2xNN2gsPwhPU,Q106323440,,,,
i-tGWEqay9jMPreNU8uYRU4,Q106323442,,,,
i-ES944pFdPUxvHzos99jxZJ,Q106323444,,,,
i-Mdt7zZSbuqudjxnT1UcWMu,Q106323445,,,,
i-MNyNttGEs2xVMSxNfSviJD,Q106323467,,,,
i-KvfDtT3CDx7CE8XmxRCDRi,Q106323474,,,,
i-X5W1rrN1xx2w7oSS9xukaA,Q106323476,1835-00-00,1913-02-15,Q1010494,Q1010494
i-4kXkdxF3rVbxcCs8VoMdhA,Q106323478,,,,
i-R9GysjTqcGUJdiX7U42BXP,Q106323479,,,,
i-6TCZkDoXEcR3Vy4Jn85179,Q106323484,,,,
,Q106323485,1841-04-14,1901-03-26,Q636459,Q165285
i-KVhhqWgv5athrCNYRVhUH5,Q106323486,,,,
i-4CppSWoBCwEztjhtLaZxaR,Q106323487,1831-00-00,1899-00-00,,
i-P1yFwRyuDa5Fsq2kN6tcBh,Q106323488,,,,
,Q106323491,,,,
,Q106323492,,,,
i-8eQY6NvFD14t75dYaVoyx,Q106323494,1837-04-26,1919-08-02,Q614088,Q190583
i-HL3yrDjwhm33a2RNeSZtne,Q106323495,,,,
i-CUH1897dUXkF8BmavDD7AX,Q106323496,,,,
i-YLK9ngJ3Hy7jbZ3cQDQ5eC,Q106323510,1858-07-24,1912-10-29,Q5988,Q5988
i-HthP1vw6jGWu3H5SEMkYN1,Q106323516,,,,
i-7rB9HBMPLd2PwDYtZ2ti9E,Q106323596,,,,
i-QEY8yLYiTTD8YcFBZFzwF5,Q106323598,,,,
i-TxHTtFi8LDbM7cE3BQoWbp,Q106323599,,,,
,Q106323600,1855-10-22,1911-12-11,,
i-26xiTcnRwiSfZaD1uCoG3H,Q106323601,,,,
i-BtKC4BiMQJZbVVYnLQwpf7,Q106323602,,,,
i-Figg8qYJUVdtKgrJaCVJ3y,Q106323603,,,,
i-2fdqTSk49fKzFFFCPWD78H,Q106323606,,,,
i-4BwLroNj7rxcFTDmwY5kn2,Q106323607,,,,
i-VdydETaWU2BpZVHpNTDKnE,Q106323608,1850-00-00,1926-00-00,Q2387988,
i-MpYr5qap95o2iCMfyBRiYr,Q106323609,,,,
i-LCk7nVEL2LauAF4kV4yAdD,Q106323610,,,,
i-9thAhg8ZLGWJfcGpsVfS2n,Q106323614,,,,
i-NVyXtQG4ngA5GXmvPaY9YJ,Q106323615,1824-00-00,1904-03-08,,Q2740103
,Q106323622,1861-06-18,1941-04-08,,
i-SruNgxePrM2C8QjDrT3xNt,Q106323624,,,,
i-FQGo7QA6JPdubg7BeeeYGF,Q106323625,,,,
i-VERhf75LTeyuyLzkXYFc3J,Q106323628,1852-07-27,1899-09-21,Q987094,Q181854
i-HCzKggNUcwH4QKEnXcArFk,Q106323629,,,,
i-QvZND5bsUMbLd5okrAcPB4,Q106323634,,,,
,Q106323636,1822-10-22,1896-09-15,Q830009,Q830009
i-RLs3KN5zMfehHXGTrj8v3o,Q106323640,,,,
i-Hu2e8ZPjtEELuyw3zphhJJ,Q106323645,,,,
i-Kd8zusWUpTsYTGb1YUR4He,Q106323650,1843-08-03,1915-10-15,Q930852,Q519763
i-5dPrEEkSz1FYJNh3fKxGLP,Q106323662,1873-06-24,1943-12-11,,
i-P5yxBbcUYC7ESsTCmTiwPG,Q106323663,1847-03-15,1925-07-22,,
i-2Ng5Yiz94qvSG22vZM58eP,Q106323713,1861-08-03,1918-03-22,Q162279,Q1757
i-Q5EydXH8qjLRMePzsPkUGU,Q106323718,,,,
i-9jtVjCnqH9JnweAna4Vvxn,Q106323719,,,,
,Q106323722,1850-01-08,1916-06-03,Q3432678,Q1757
i-DSET3vjnWX2zKq1Tg2WY8p,Q106323724,1857-03-31,1905-10-03,Q193367,Q1757
i-KQxKFWq81XxtmGUs1mvL4r,Q106342362,,,,
i-YaBxVxSb356iXmkaP5o367,Q106342366,1870-06-01,1942-06-24,,
i-E3msfxTo8TZ2VyeUTvXSUg,Q106342382,,,,
i-4VDyKAbfGyk5dYP2hRbCWd,Q106342386,,,,
i-UunQBxgJCJ91ySCNSRMCtw,Q106367950,,,,
i-SZ16bZKoDB96Toq5hKxNqX,Q106367951,,,,
i-EucvstvmVvA33AJNrw2FH5,Q106481508,1821-08-01,1885-10-22,Q1757,Q1757
i-GWGMuHZpB7JtXsedCoRVmg,Q106481509,1840-12-05,1914-07-21,Q1000113,Q1757
i-XZZYBmXAzVMnL5wScZ93RP,Q106490275,,,,
i-7Zm9aeNVo34bpWApDSSkmX,Q106543049,1865-04-15,1918-02-05,,
i-Jw2DmFYzCwcZKdAPeUKz7t,Q106613391,1857-04-26,1934-10-10,Q1013639,
i-HWyWGu6Fv6nhg9UH8FNaf3,Q106613408,1851-06-04,1900-08-10,Q585,Q1757
,Q106613413,1843-02-05,1907-04-21,Q38511,Q1055
i-Ksviw3T6GsJxfgx6Ggd119,Q106705866,1861-05-20,1937-03-03,Q849934,Q1757
i-6VyAJEjFPGqiGUkstGADAg,Q106705868,1878-03-08,1953-10-07,,
i-9MiqEpsW88NKxRdhD585EG,Q106705870,1853-04-09,1927-12-02,Q735563,Q11896786
i-2TmKiLYSqwWZHXSS1TZEeE,Q106766138,1862-10-23,1921-10-13,Q748092,Q1757
i-LvcfwaY7wAS1Kma1uB6ek3,Q106766144,,,,
i-GqbRjbz9VGGWeqAzt5MnHd,Q106766146,1862-05-21,1943-08-22,Q853628,Q1757
i-M2RVvJD7jgP4UzUVxXoUL5,Q106766155,1875-05-08,1930-04-09,Q1757,
i-6D2GsjXreTSdsxx3MhRbND,Q106766158,1852-08-14,1928-02-01,Q1001768,Q1001768
i-DTCBRT9AaMKs7eLkCRmGkS,Q106766161,1869-12-13,1913-01-13,Q11861973,
i-BKn5P8moHXW7NGJY13Xq5b,Q106766166,1853-09-18,1935-02-02,,
i-FDszLxa7n18J7pGWoaPo61,Q106766167,1875-09-21,1954-03-25,Q1757,
i-VCpCJj71NdM9emY6TEMzXG,Q106766171,1872-08-02,1930-10-28,,
i-M1dRDrHkNpb4p39e5pVUGD,Q106766173,,,,
i-Ag2dXchos5RbVTmHNpsiNd,Q106766175,1862-05-15,1936-08-26,Q585,Q926232
i-KuoWWMCGcGasD8NaD69C4c,Q106766179,1856-11-09,1931-10-10,Q1757,Q1757
i-6qhz6MNjaSJf4k4yzP7rko,Q106766182,1878-05-28,1957-12-25,,
i-2ajE7JaFMbUYwaiy96tsv9,Q106766184,1871-03-27,1957-07-19,,
i-3XKSNQXdti9jfHeuCR5iY4,Q106766187,1873-07-31,1936-01-06,,
i-Xj65dQxSdAb1LuPttC4ShV,Q106766188,,,,
i-LBgUfgHuPnnZdDar6ZUzhW,Q106773908,,,,
i-2g556HzWNUiGYftBbkrC5Z,Q106773917,1862-01-11,1934-04-20,,
i-AeAKY6FRuKvjWSGR8TKYMW,Q106773926,1870-05-18,1913-05-16,Q1757,Q990076
i-SGZvu2gmDdnsbFXvehPV56,Q106773933,1852-11-09,1924-08-27,Q14657,
i-Wk2CGMXF9NZnSdq26M5ZN9,Q106773940,1876-07-26,1959-08-07,,
i-Ra6DZsbiF1Qi4QsVYUsB4f,Q106773949,1867-12-03,1907-11-20,Q214777,Q1757
i-2ZVFdKNgodWAvp9mUf7Ku6,Q106811961,,,,
i-2Ss1PMTbudt7KdQFdTRFcG,Q106811973,1875-02-22,1948-02-25,Q1000113,
i-GMfCWWEUuVeJEHKYgMeo6H,Q106811980,1864-04-24,1945-02-08,Q1757,Q1757
i-HDS4uGheZUgKFGSypVuhj7,Q106811986,1862-02-22,1918-04-15,Q79804,Q1850632
i-AgCTsSPCdS4oz5dpEzWJuw,Q106811996,,,,
i-KCWHHiMpyLd9LgBgzksu28,Q106812004,,,,
i-NBjMz9hr6symL5rEHweJfZ,Q106812011,1879-04-17,1928-01-26,Q367780,
i-C6EPxSGo8zoNw6eBd9AeNi,Q106812017,1875-03-25,1942-12-13,Q1641672,Q1757
i-QyPgAFSeFwkAKAaSYDLYCy,Q106812031,,,,
i-A2GaSvBy1gWZzs8Xge9ifx,Q106812042,,,,
i-G8yreya82bfWU9dcq1F8hx,Q106812047,,,,
i-Jb74Z384UveFVagrdpb7Gu,Q106812053,1861-09-04,1908-11-23,,Q1018408
i-Rj2c8ipnAPEZ4wgVvsAFh2,Q106817325,1866-07-13,1934-06-27,Q1769109,Q1010550
,Q106817420,1860-09-17,1924-11-30,,
i-LXEKkbJV1hNyAnsc347hp7,Q106817448,1876-12-22,1946-11-24,Q3503204,Q3503204
i-JXJu1gWaQyBLga9dujyF2Y,Q106817475,1866-12-02,1945-11-23,,
i-rmZHPkqip2GdUg6wv32Cw,Q106879323,1863-06-13,1948-07-06,,
,Q106888823,1838-03-26,1926-03-27,,
,Q106895983,1852-06-21,1931-03-19,Q38511,Q1757
,Q106896017,1856-08-12,1924-01-21,,
i-BZAwKB57hxWAxUW9igVcyV,Q106896031,1868-06-09,1930-10-06,,Q38511
i-XFSBcMLXvFzb27PDUYFm4d,Q106896046,,,,
i-FnbEx9QPcybRj3CQyvdiaM,Q106906800,1856-02-10,1912-12-10,Q1757,
i-6QaodWBmrEpquzk5z6vnMq,Q106906807,1851-12-15,1917-04-13,,Q3432693
i-48YM2b9BJr2htyWEZfcwUL,Q106906810,1853-05-29,1927-01-26,Q367780,Q369720
i-NWfTGCDhbu3vNXABaUGgJX,Q106906815,1865-10-20,1943-02-11,,
i-6wx4tZs3L9ZDfftTDUg18n,Q106906821,1840-12-20,1910-12-20,,
,Q106907163,,,,
,Q106910213,1860-06-19,1914-04-05,Q38511,Q1757
i-XBaXvYuZryRzUve3CsdBVd,Q106919251,1867-06-15,1916-07-11,,
i-AMw8Mgy5XNirhXZx9dDqkZ,Q106919253,,,,
i-F1sBJexePgLzems1trqV2A,Q106919282,1866-10-29,1908-01-01,Q1757,Q1757
i-5UumNNakiL8LoP3LGakghw,Q106932779,,,,
i-YBDQhZHegxy7S5wNs9ya1e,Q106932799,1861-09-15,1909-01-07,Q783205,
,Q106932821,1852-01-15,1912-10-25,,
,Q106936586,,,,
i-5Kur5pRwoDYFaCowM5g3qa,Q106936650,,,,
i-NqCyztYxbvpx95V4SwQ6nX,Q106936698,,,,
i-Kb8kygLcTxaqvRSfa3xqV4,Q106945190,1862-05-27,1941-10-18,Q125080,Q1757
i-Coo61MAWDWCSEhiPZdqNyd,Q106945193,1865-06-08,,,
i-F2TqnhZABMnKRLA6m3Wt9s,Q106967408,1873-02-06,1921-10-09,Q5239,Q3177103
i-6C4mGB67MVbR8ENmP4bBSw,Q106967411,1876-03-28,1965-12-11,Q14657,Q1757
i-MujcqCg7h5ho8MapFbhqsZ,Q106967413,1862-02-05,1949-11-28,,
i-AE2jQwCp42q2H3c7Yw4f16,Q106967415,,,,
i-PzVQ4YLaWeM7pNS6Ys5uUd,Q106967418,1858-09-27,1920-05-10,,Q40840
i-AJPQWcxL1eHvoEv1DVLV5Y,Q106967420,1878-11-13,1956-06-27,,
i-W2pfNtUzJWuFavRakcdU7X,Q106967421,1855-12-27,1914-11-25,Q18660742,Q1754
i-6wcYti4M8dnHXbFDVXC9t9,Q106967426,1869-03-10,1950-06-28,,
i-SzsXtoTJnMbV9EcXuXLoAy,Q106967465,1844-08-29,1927-01-13,,Q1641588
i-QqBB3xoTfxVdjYr5NQonYt,Q106967467,1833-07-19,1906-10-23,Q783205,
i-AqNCzZorQgts4d814jQzws,Q106967469,1860-07-11,1942-08-03,,
i-U9xigf5EBj1snqzJ6rP55x,Q106967472,1880-01-03,1947-00-00,,
i-PekxKWsZ4bgFrbFj9LrEem,Q106967475,,,,
i-G4QdecQ6MsXD7WEhcFNK5v,Q106967477,1862-03-17,1915-07-23,,
i-PNmHnqPyRhVYDfz1Hy5FYA,Q106989471,,,,
i-AB24JHsfZmbjgiaW1jhHpr,Q106989473,1864-02-09,1932-09-09,Q1757,Q1757
i-DZJtkrPfWZvk4Ap77q2uxp,Q106989480,,,,
,Q106989485,1841-01-01,1919-01-01,Q374324,Q1757
i-WfUQPfBkC1vMdzuPBj75qe,Q106989489,1880-11-13,1950-08-10,,
i-XSfL81tGKVdgNb1sbowcRU,Q106989504,1863-06-19,1941-04-05,,
i-4AGuGd38hf4KespK8MYj27,Q107006384,,,,
i-Gs6f3qia8y8TrjE6nzWpMi,Q107006388,1880-06-23,1952-09-14,,
i-G4NdDEqVRioq48p7EQbaeR,Q107012251,1868-12-16,1957-00-00,,
i-5EWQY4MzankacfQX5u2dhf,Q107012252,1869-06-25,1935-07-02,Q425790,Q984931
i-FcnE7JqpsivtwiXQm29xQS,Q107012257,1868-02-01,1958-04-22,,
i-BQTtemhRFxri8bkWA15fpW,Q107012263,,,,
i-BoCjzxB1HqWMKLwoKMFc5u,Q107018373,1870-06-10,1948-01-29,Q214773,
i-EBe5dMDhz6j26QDyaC28kC,Q107018411,,,,
i-SvyiLaCvhwTTq33XMRDDFu,Q107018413,,1959-06-30,,
i-MQLhdYxVRGzFNC1bGzR64p,Q107054972,,,,
i-WaH1WaJMCBdN1Bjkr3fv3n,Q107054977,1868-11-09,1921-12-14,,
i-8gwhDmAZHjAqSM8hKie1jm,Q107054983,1836-08-22,1919-10-26,Q1757,Q1754
i-YcDQHoEjWC4ZXi8YaWLrWD,Q107054987,,,,
i-Lejo7aaUSkc6PuVVEFSNg9,Q107054990,1873-11-18,1955-08-21,,
i-YVQKzLah672iDR8XteMqnh,Q107054992,1853-10-18,1933-03-30,Q656,Q1757
i-314YX7oeCU1LCaEEZaEhSZ,Q107069595,1858-08-26,1929-05-27,Q1757,
i-96gtHNi3JMykzgJTM4Hx9y,Q107069600,1860-07-30,1918-12-29,Q965172,
i-AY3QyG2gGZEVpLWyHUrhbG,Q107069605,1865-08-21,1935-09-10,,
i-VFEu1HLKJix9SRhuJxAViZ,Q107069611,1838-08-20,1905-07-07,Q47048,Q214777
i-QPoFfjW9PNsnWHP2wwCzA3,Q107086197,1864-03-19,1920-02-04,Q585,Q40840
i-2zbE3PvdvoGkzS28dDgVHx,Q107086199,1874-03-19,1958-03-31,,
i-HnTvUq9KxeheQ7d8MXETyv,Q107086202,1863-10-15,1914-11-18,,
i-6f9w8zr5djLvQDUEsC1Hgm,Q107172244,,,,
i-Q95QFncTZFNWLCngcWrEbX,Q107172247,,,,
i-XGkmxbZJdVrXVST7BkBm6v,Q107172249,,,,
i-NUn9oiVKe8AEJreEd28SPr,Q107172250,,,,
i-J9QVP868kjoy9GpwvRxM2v,Q107172252,1876-06-02,1951-07-05,Q202158,Q374324
i-WdzgZrDyFkeshj849nXyrU,Q107172253,1866-11-17,1917-04-30,Q125080,Q1757
i-KX5eghvP7SMb85LhbRmnGV,Q107172255,1866-06-17,1949-03-26,,
i-5MPjVAbwqdX7wpyfj7xs8w,Q107172256,1842-02-10,1905-05-24,Q1757,Q47034
i-BgRe1Jf11YU2kCDyNdfQZu,Q107201195,,,,
i-61Jz1Z6FGtCX4vUxYn1Rwh,Q107201208,,,,
i-DDHcpPqCSSHpgWZ2afLyzG,Q107201216,1839-12-20,1907-03-28,Q1757,Q34600
i-PSxzUhNbXQgjwkYXdXsr9W,Q107258244,1860-06-12,1904-11-06,Q1757,
i-4SWFcm9V5VnDnxkzpCaPXy,Q107258245,1868-01-18,1904-08-13,Q1010030,Q1004838
i-PQT9K9ugXfybjCdmJX2bbf,Q107258246,1873-09-10,1952-04-28,Q1010550,Q1757
i-7cbszYFhoGcqA6j9sAaTGK,Q107283213,1854-12-31,1933-10-18,Q1009109,
i-25WDyXxu97AE9nCuf58dk9,Q107283215,,,,
i-88mbe5FKDz8YjRfmAVcP1u,Q107283217,1862-10-05,1938-08-31,Q659642,Q1757
i-DAwXJdCpLgLeKVYt7T9rqv,Q107283219,1867-07-22,1951-11-09,,
i-J6f1ZajyjyZvcuocyejwtK,Q107303731,1860-11-25,,,
i-F8bLJJfdbZyEs3H1C5kMAw,Q107323176,1867-03-26,1952-10-24,,
i-Bw6JVg4K4gVgwPuaUH4W9g,Q107323177,1869-01-02,1901-09-01,,
i-4daXyaPb4SkVP2g2ReEmWL,Q107323179,,,,
i-VL6tEmBdFX6K3RRRFJKTbB,Q107323180,,,,
i-SJiwEStodzYuHjM8tq7Dmg,Q107323184,1848-08-23,1905-06-25,,
i-UUyeSq5XfWnP8CiHSxbY85,Q107323185,1867-05-03,1930-07-01,Q986318,Q1757
i-DMkWg2gYcX75t4EbByUoqv,Q107323187,1846-05-20,1903-01-16,Q4765722,Q28721494
i-LDGNo6A9qwe5v3RvKjqA32,Q107337643,1847-11-08,1918-01-01,,
,Q107337647,1863-04-03,1932-11-13,,
i-PymBN8Lia6PetBUJoeuz2t,Q107337649,1850-01-16,1937-06-27,Q2156306,Q38511
i-WTPJdE9dsMppVoEfCh64m2,Q107337650,1855-02-16,1902-06-09,,
i-Ch447cysQKzmWCS8pD5SXN,Q107337677,,,,
i-V4C4SLqoHKpdVigS9jN6JV,Q107337678,,,,
i-BVXDm1b3RxFthPv2nGio2h,Q107337682,1863-06-06,1937-08-09,Q1757,Q1757
i-GoJDCrdgd2qZy1f7rkMH7N,Q107337685,1852-05-07,1899-11-24,Q1757,Q1757
i-5RucDd1MZYJPEREpx2wcm7,Q107337689,,,,
i-XFG5NboAzDmbDVSakg6Foh,Q107337690,1862-04-04,1920-05-26,,
i-TvLg6gRhrHwFWkKK9i4FYA,Q107400151,,,,
i-LgZQWS4zG1x9kqYzpyaYDt,Q107400155,,,,
i-JRuabJufBV6PK6Ww9smaZ3,Q107400157,,,,
i-Gvbqi1rEyeoC3MYzScNFvG,Q107400160,,,,
i-WMa3i1Fida5Xz9rbdPwSCY,Q107400164,1839-00-00,1905-00-00,Q3738330,Q1757
i-4w4SCjpMTsS82yHL1Xu8jJ,Q107405251,,,,
i-DowNYFPp5EFuyJj5pim8KZ,Q107405255,,,,
,Q107405257,1850-04-29,1897-02-29,,
,Q107405259,1852-09-22,1912-10-31,,
i-G7hzwEaQa2dTy17bhDocu2,Q107439749,1863-02-11,1908-02-29,,
i-TYnYVTeZurrqCheXFbt4rb,Q107738924,1853-03-27,1924-05-16,,
,Q107738931,,,,
i-8MwNLaJBXu8nAdT6Gqr8nk,Q107738934,,,,
i-Lyo8fpiixdh58SbJEgfmjR,Q107738938,,,,
i-USB6cv2Fm7N5MmQfNLSvT5,Q107750220,1846-01-24,1910-12-27,,
i-ByV3q8UYJxZUcqKajsXRpC,Q107750236,1827-08-05,1888-11-12,Q1757,Q1757
i-QcNomwuvdVFymGu4tEokDW,Q107750239,,,,
i-NKUVrN6kypayREU1YSXp1x,Q107750242,1856-07-27,1918-04-14,Q10534456,
i-EcTftrF95cFGy5fyqKnWGy,Q107750248,1837-07-19,1890-02-21,Q38511,Q14657
i-FJYWThSR2FXXQsLLsRCnTT,Q107750261,,,,
i-raJP4KVhfRny4UGkxwDu4,Q107750271,1867-08-17,1938-11-09,Q1757,Q1757
i-C1erW2VL4DDDK4tT3v1qWW,Q107750283,,,,
i-688qkpJ11dghzcz2Rj1Pdy,Q107751309,1859-08-01,1918-04-16,Q2770,Q202158
i-EHRMnkSVAPak3672NPWQUt,Q107797659,,,,
i-6fQyo3ybLpsQGfLE4vh9wB,Q107797664,,,,
i-JQBLQvmLyE7C7HqEFYRN2A,Q107797669,,,,
i-G3GyWSwuFaxKNReYYXx1r5,Q107797702,,,,
i-9WxSZn2XaTPYpzCwu6SqF4,Q107797800,1834-09-23,1904-01-24,,
i-SqQK7dWUc7zwppHradamvV,Q107797860,,,,
i-Q21ZTbWmznLGQxXvyNXGvX,Q107798065,1861-10-21,1931-09-09,,
i-8VQqnGNtyopdxzqJosYc5d,Q107860633,1860-01-13,1892-05-07,,
i-NT9DfbhMZGzqHNjgL2hXP8,Q107860636,1860-07-02,1914-09-18,,
i-7Mf1FukvWxDMPMyr22NKEd,Q107860638,1847-12-31,1942-07-07,,
i-5sfdpqYSfApKoQTFVJRDdT,Q107860644,1821-06-05,1906-04-21,,
i-34mfTvfVt9Bdb5T1DmaSyQ,Q107860656,,,,
i-F5fPeiDWjze3RMUqb48JRf,Q107860689,1839-01-24,1883-10-06,Q1757,Q1757
i-KNCVkqasjV7R2ZyH3Yotmf,Q107860706,1846-00-00,1908-00-00,,
i-dSiPKWsKjPbZgZMJNpR3n,Q107918040,,,,
i-VuFXik3an1WSAwvRAZq3C7,Q107918042,1843-11-19,1891-11-14,Q1757,Q202158
,Q107918125,1826-09-29,1905-00-00,Q1757,Q1757
i-SiFian5B3vruST13ZFJvMQ,Q107918176,,,,
i-YEt1xaoG7yy8dMtmmaDBsM,Q107918200,,,,
i-SSc9zSnPAgfhX8h2yDhK5b,Q107918233,,,,
i-Tn9Nab3J9yB7jDsvGXvMxV,Q107918278,1827-07-19,1887-01-02,Q894433,Q202158
i-5F8eYxpSorqm3726pUDx7r,Q107968776,,,,
i-8nqjfZLHyegX2pFxRfwsvf,Q107968777,1860-09-29,1897-04-02,Q1757,Q374619
i-9FZDduUZPKfxMMbkLVwAqa,Q107968778,,,,
i-AYiV7HbSDVG5jNgjNsg7Z8,Q107968779,1838-01-20,1885-07-15,Q787560,Q748513
i-w54hMDMQynKjwXWGH2CGz,Q107968780,1827-05-23,1896-05-28,,
i-7xojrwYzrjfB1sGMS95KXK,Q107968781,1813-11-18,1879-11-28,,Q656
i-JqpXh8xNJT9XiVtd4V9P5F,Q107968784,,,,
i-SoWgEmbVTmdPn2HvTMFCF,Q107968786,1849-09-05,1925-11-13,Q207891,Q1754
i-9BsvhCCbJoxB6QVVgThqkj,Q107968788,1857-01-18,1902-08-10,Q1757,Q585
,Q107978466,1843-00-00,1884-00-00,,
i-LZXLoYezcMtCGAhcNkmmmM,Q107978468,1842-12-15,1877-08-23,Q656,Q369720
i-QSofAA7uWWcxZqxLFXBh9g,Q107978472,,,,
i-Sqa5GC1t2uBEPmCRzkYfks,Q107978474,1836-10-04,1910-12-17,Q38511,Q193367
i-ME6jgSLdkwbzPDF9maty1N,Q107978476,,,,
,Q107978479,,,,
i-Co9zWb9dbmqdAqR9Ai1MMM,Q107978487,1823-12-11,,Q853628,
i-2Ji5aehRfDbxVmrRpEzJLv,Q107978489,1845-03-13,1915-03-02,Q1757,Q16553
,Q107978493,1873-01-15,1916-12-14,Q656,Q650654
i-JKVAucqD9tvQTcqDpsb4wn,Q107978496,,,,
i-ADfVS7eRk52CEC91t8k4DD,Q107994309,,,,
i-YC9dT5MWGq8kuvyWVcgdax,Q107994310,1859-07-12,1892-11-04,,
i-V6a5sMYUGVR1EQbk7LuVBj,Q107994311,1858-11-30,1901-11-12,Q1757,Q1009622
i-7tpmaTpqfQz64F9tV4rJwK,Q107994312,1861-06-02,1929-12-25,Q1757,Q1757
i-L2dfSVdC9KhQSTQd28TwV2,Q107994313,1837-03-22,1891-03-28,Q613701,
i-466ra1n3Tbh4r8eTuNGkPY,Q108003408,,,,
i-73c2jZTBUrw8zLaqiXUvcc,Q108003411,,,,
i-Kus6bVi2TaGnJ2PW3eiN7H,Q108003416,1825-06-02,1886-03-30,Q1757,
i-FxU6UzwNGq6us5QcQFzcHh,Q108003418,,,,
i-F9jojaLUQpfPMBudiTYBw,Q108003420,1834-01-05,1892-08-05,Q1757,Q1015618
i-KJ7UGZkiLr2SVvK6VAmww7,Q108003424,1839-01-30,1910-03-30,Q180233,Q7024
,Q108003430,1848-09-04,1918-03-30,Q38511,Q1757
,Q108029576,,,,
,Q108029578,1834-06-20,1894-06-11,Q134675,
,Q108029581,,,,
i-MFBL7XnrdB4HHfQL2ffF6i,Q108043642,,,,
i-HaR8EnfKL5psLJsjZDeZ8o,Q108043645,,,,
,Q108043647,1835-01-01,1877-10-06,,
,Q108043649,,,,
i-GMRQkmLRCx39JoBJgBC7j4,Q108043655,1844-01-30,1875-04-12,Q38511,Q220
i-MTVnejidR78VGkqvg6x5Qp,Q108043658,,,,
i-Ai2Vxnnt6x7heSv8ZxsABW,Q108043660,1829-06-08,1911-12-14,,
i-QkiuvQensCpwWyAWks6NUq,Q108056302,1834-07-18,1902-05-19,Q1013639,Q11859204
i-BEFpWcMG6eSPfMjZfo6dq4,Q108056305,,,,
i-DLrya1y4fvPTxo19ycSwui,Q108056307,1831-06-04,1871-02-03,Q425790,Q3177103
i-b3i8w9R8L3RFku1ZCrxgn,Q108067054,1838-01-17,1875-05-28,Q1757,Q1757
i-LzdgEat3rhCADgx5cR1LSS,Q108067057,1806-11-09,1870-08-20,Q190583,
i-S4GmUj8rHy9f5UtwUyzeuT,Q108067058,,,,
i-PGPnV8fzHG46P1xAtDeX6J,Q108067061,1811-01-01,1899-06-18,Q11900341,Q11900341
i-LEp8fNXd1AnZzt4ZAiZeos,Q108067063,,,,
i-WSyB6pTTNa91z1Kf4EmD6X,Q108067071,,,,
i-CHi1dmNTtAJXTkRBi7jcFv,Q108067073,1830-10-24,1901-01-18,,
i-E78gPFT49CGaUAXe7cfk88,Q108067079,1858-07-11,1933-07-27,,
i-GVmiogSqRJqrVWCPcrDgDe,Q108067084,,,,
i-NNUNTXzUgmd3vM5ymCgTek,Q108067086,,,,
i-5eHaLb2EGdmTb7vsazDFDy,Q108082048,1801-05-12,1865-02-23,,
i-Hsg38DD9aZavnt2BE6R92w,Q108082107,,,,
i-Tnx7FYE9hZfG2QfvLnTU8p,Q108082117,,,,
i-EhL4uM3sUHy8VUCoYi78as,Q108082124,1819-06-08,1883-01-08,Q939276,Q214773
i-YYiFaxFNLAJM5W3icpS97q,Q108122282,1813-10-14,1874-06-23,Q38511,Q2298076
i-GVT7x8Nt5F7JZsu1Dte2fk,Q108122284,,,,
i-DXP9WxpJAbmvBWP4QoWY25,Q108122287,1840-11-20,1876-08-03,Q1757,
i-8c2MfRHZBR9TdrUpFoRdqL,Q108122292,,,,
i-VktczYTWMxgfGa6SKm38YK,Q108122296,1796-04-19,1864-05-03,Q25724,Q1757
i-DDgKtyukp5C3sUFLMZ19u8,Q108122298,,,,
i-3JveTGquCFAK9y99eTAdvd,Q108122302,1825-03-26,1897-11-30,,
i-Fiig8BDMNpZQK8Za9ST51D,Q108122304,1827-12-10,1878-05-31,Q614088,Q162279
i-H9suhRqqUHcPS6rkKze2ao,Q108122307,1836-09-29,1890-11-14,Q783205,
i-Eh11pSQN15vwedriURK4FD,Q108122309,1803-09-15,1879-02-02,Q1852283,Q1407166
i-AufWqe4gwH5wra4K3X99qW,Q108146071,,,,
i-EBLg4rQKzZ3b6Eg9w5vKHX,Q108146073,1825-06-24,1897-11-29,Q853628,Q117089133
i-Mv8LxUWcA6ScC4mGxxYUCF,Q109774866,,,,
i-AgcEUG25XRCYwbKjGUqhAY,Q109826711,,,,
i-8MTQrw9VruuDfFMpCcRgfk,Q109826718,1849-06-23,1910-04-08,,
i-L1KJ3WtZLgoZjfPp7unfjv,Q109826726,,,,
,Q110322241,1859-09-16,1923-09-13,Q656,Q11894695
i-WDz4vEw2eWZxfr4fnr3ev8,Q110322261,,,,
i-E5oLMwDAgUiAxgDEhx1LcY,Q110322268,1861-11-05,1938-05-23,,
i-7RZX2rBfyVw8kirWSuwLb2,Q110322284,,,,
i-Jb1piYueDy1c7zSurU9JhS,Q110322285,1862-09-08,1942-05-21,,
,Q110322286,1858-06-08,1939-03-17,,
,Q110322639,1859-04-11,1915-04-24,,
,Q110322641,1851-06-24,,,
,Q110322642,1847-12-05,1902-11-01,Q636607,Q1757
i-NcxEYLNAvK4g34toLZ9Xmy,Q110322644,1861-08-05,,,
,Q110437866,,,,
i-CRi4mjW1YHACfcQN5mhvhT,Q11289035,1831-05-21,1903-10-10,Q748513,Q1757
,Q113394084,,,,
,Q11849787,1856-01-29,1934-06-10,Q38511,Q1757
,Q11849791,1821-11-02,1876-11-16,Q996656,Q996656
i-LuXf1BCe2pSWk9pv4PMhNL,Q11850401,1856-04-02,1921-11-17,Q965172,Q1757
i-MsAZiKUoJpJxkiXUKdN7nN,Q11850593,1856-05-17,1913-01-26,,
i-C7gacFwYKBuChyxT82r3YD,Q11850599,1844-06-24,1894-05-01,Q47048,Q659642
i-Q1N8PN7b15c7kKuCCwqBkf,Q11850636,1785-01-15,1859-01-28,Q926232,Q1757
i-QsddKiAiTQrxhHXVtrHq6U,Q11850688,1823-01-01,,,
,Q11850768,1808-01-07,1881-04-03,Q2387342,Q193367
i-PNuNCbEDkNbdhUFXgRbJsz,Q11850785,1821-05-20,1894-04-27,Q11893682,Q1757
i-Uj41pyUbRiSWZy1yUqFnWq,Q11850796,1871-01-08,1927-12-24,,
i-AeYQdyFLwTn8ciBYDRNroB,Q11850819,1824-06-19,1873-09-16,Q193180,Q179706
i-W8Db684k5G37wqhA7J42ay,Q11851311,1848-08-16,1911-08-12,Q162279,Q1757
i-2M9Q96JhxJvPjW2FZPFTCY,Q11851328,1832-03-11,1889-01-25,Q3432469,Q3432469
i-CM2N1ripkWqmSaCMrmMPMn,Q11851990,1822-06-16,1893-12-04,Q1009136,Q984858
i-QmDvF6akeQRHNrBxFgwyU3,Q11852102,1810-01-01,1877-01-01,Q608752,Q186237
,Q11852170,1869-12-04,1918-02-01,Q1017108,Q1757
i-WCzaY3RxHpZPCCrEhQE6FZ,Q11852260,1842-07-19,1932-05-01,Q672478,Q985461
i-F9qTUwqs1ymrnF4gMnMsBr,Q11852778,1847-09-12,1907-10-10,Q202158,Q40840
i-G84CpMDMjw6dbrVWopd4X7,Q11852900,1863-11-29,1931-05-09,Q125080,Q180233
i-761jFp8QFs1K22nsTyPrT4,Q11853353,1839-09-16,1912-08-02,Q6020,Q1757
i-GAtn7bERdoirMx4xRthNqz,Q11853366,1826-08-25,1894-05-26,Q38511,Q1571103
,Q11853369,1812-01-01,1887-01-01,,
i-32w487iUhzdyQvB8GvE88D,Q11853708,1860-11-20,1926-09-26,Q177888,Q208287
,Q11853711,1775-07-02,1856-03-19,,
i-YWG2zoJCnSjSfHuEoabeBo,Q11853724,1845-00-00,1930-00-00,,
i-2QuMhjdBvRwN4UjQH2UEkH,Q11853728,1814-12-10,1885-08-28,Q1754,Q829842
i-6CvfviQxrE8gzQpx2tTXw9,Q11854130,1809-10-28,1875-01-16,Q984931,Q1757
i-DxNP7TqQrEfxpsG7AMg3V2,Q11854141,1808-09-29,1877-06-25,Q3387461,Q656
i-6SJ36VSykGCui6DgBkXMAq,Q11854144,1840-03-07,1912-09-30,Q656,Q1757
i-WEteKry32GJE2GnMiyXxih,Q11854976,1848-08-04,1918-07-16,,
i-Mn3ZFywZU8ZfJcVx8DUemL,Q11855007,1778-08-18,1852-03-22,Q47048,Q47048
i-9fpoHmFM6CjhEHuaVzbMqT,Q11855015,1835-02-01,1914-10-09,Q14657,Q1757
i-FcbLaSzYMyza1vG8PnY8hk,Q11855085,1856-12-26,1945-02-12,Q735563,Q425790
i-RBMv4NKJqVbMmhQsYSdbLb,Q11855498,1836-09-19,1908-09-07,Q1010030,Q597156
i-NpQ4pik31NjbjFQK1eTY2D,Q11856443,1834-03-23,1900-11-17,Q1569280,Q40840
i-J1rpecNsAtKm6tYwewGWk,Q11856576,1832-07-04,1904-10-23,Q3738330,Q3738330
i-4SZHDeG2hZDajPY4oRm8bV,Q11856603,1845-03-06,1921-02-13,Q1757,
i-D1FsfDBmNqCrFh66jtDHKq,Q11856605,1859-03-23,1931-03-11,Q1009109,Q193367
i-Pwjr6vGBf5sGMw2BtNjBMH,Q11856627,1830-01-01,1912-11-28,Q400342,Q180233
i-At9a8ncvtGPg92S7PgB8fA,Q11856628,1836-12-26,1917-03-29,Q3045373,Q1757
i-7uhhayYnnRhw5eHnoRhghn,Q11857435,1854-12-11,1906-04-07,Q207295,Q4892
i-EJMdBVXoPwci3WftmbWBr1,Q11857805,1856-01-06,1920-03-07,Q38511,Q1757
i-3PE5fKCuiGvgujS7hty5ea,Q11858125,1867-01-26,1937-07-20,Q25748,Q1757
i-Vzv6jbLwXadCgi56dVyMEE,Q11858192,1877-08-25,1962-04-28,Q3433047,
i-Ni6TkJz5gHK9gkCs1fQnPw,Q11858309,1818-00-00,1871-00-00,,
i-WqCwSrRYdPbFEUgRi8a3PH,Q11858407,1869-05-18,1940-05-04,Q656988,Q1757
i-XnKoEQBc4zdFKSgpu8qY14,Q11858491,1871-07-10,1950-06-07,Q369576,Q1757
i-9NPbqrVhnEWt9rc4ue6aY7,Q11858495,1751-08-19,1809-06-25,Q1018408,Q38511
i-Ca2QuiRDT4tckhMQkbSfi1,Q11858511,1857-09-17,1905-05-01,,
i-RyyZbpWVhzYMm59x53dQgk,Q11858519,1877-11-02,1939-09-29,Q1757,Q1757
i-FYjmCyuWucvpTGy2QzWpoP,Q11859009,1851-11-02,1937-06-20,Q125080,Q14657
i-Pcaa9EgdyNW1ATcp1he7Tu,Q11859185,1833-02-23,1930-05-20,Q1886842,
i-fA2djVh863LMVCqsSn8im,Q11859493,1845-06-12,1910-04-10,,
i-893yjQTkC3raezZozvP5nd,Q11859929,1848-05-23,1909-01-27,Q1757,Q369576
,Q11859965,1813-00-00,1880-00-00,,
i-7V9fMve5YNDUZciwzHQxXy,Q11859971,1818-09-28,1871-03-21,,
i-FfVRGMNn5KRqwAWb2KstnH,Q11859977,1819-05-22,1889-09-26,Q1017108,Q38511
i-G6WXvp4m8PJWEz8kHykewM,Q11860035,1838-08-08,1927-12-07,Q367780,
i-RxDaXQCkTN5K77BYobYMRs,Q11860037,1840-01-12,1921-07-27,Q593942,
i-5g8WJnGMjg684X2dzwMr2J,Q11860045,1843-12-01,1929-04-07,Q1757,Q1757
i-6uGv5Py1DwPoEDrATVCYHQ,Q11860046,1836-00-00,1904-00-00,,
i-PgAMU6BqG36U1C18dfRoTQ,Q11860085,1845-04-23,1928-06-08,Q3738330,Q1010030
,Q11860222,1855-01-01,1917-04-02,Q1009136,Q193367
,Q11860258,1813-02-01,1886-03-31,,
i-QEfPLQGwwVw7e6SHKhBgS7,Q11860381,1814-01-29,1889-12-08,Q647849,Q193367
i-3v3gbSH7mHSvBT2N9qxHtX,Q11860382,1825-04-23,1901-11-25,,
i-XVwe7aSZ67FF9bsR45srHv,Q11860393,1865-06-19,1917-08-05,Q38511,Q503862
,Q11860772,1828-04-13,1889-05-13,Q425790,Q38511
,Q11860780,1854-06-10,1939-12-11,Q738472,Q999868
i-RhBRSkx9yQCaJTuJXtgxWb,Q11860782,1821-12-22,1906-09-26,Q165285,Q38511
i-SkK4TRBZDox3b1jvm2qT2t,Q11860791,1841-07-25,1915-06-11,,
,Q11860795,1815-03-25,1884-03-24,Q935858,Q38511
i-4dMDRGTmPntuwcs7LN9WhR,Q11860798,1868-02-13,1924-12-31,Q181854,Q1757
i-SbX61wokaS67ghtHrcjkgQ,Q11860812,1821-01-31,1911-10-25,Q748513,Q1757
i-T7obg2BNJjQHgCfqJQDHo3,Q11860814,1832-00-00,1915-00-00,Q1757,Q1757
i-BCmnuEz5aJnzUHzf4jVQdx,Q11860820,1823-08-12,1905-06-11,Q6157,Q2371138
i-ChuomtmkLkdJ7EejCZL8M7,Q11861473,1828-12-19,1903-10-22,Q374324,Q374324
i-AovpAdtzwGCCHia2yCxBFW,Q11861477,1769-08-09,1820-04-04,,
i-9ke1vqyxGLfkocb4LBaBab,Q11861838,1829-01-01,1879-08-14,Q11889415,Q1757
i-RpxSvxG4amN4EMcdgkbpKE,Q11862304,1813-05-22,1899-04-28,Q1002499,Q1757
i-KXaaRpC72pNJUchqW1VYda,Q11862333,1854-08-20,1905-11-18,Q162279,Q38511
i-JEDCGCYNPMtpoaP1QDkcud,Q11862340,1762-11-30,1836-03-13,,
,Q11862406,1854-00-00,1934-00-00,Q2770,Q1757
i-R7XPbPqdwJug3bA6LutgV3,Q11863727,1849-06-04,1930-10-02,Q1544769,Q1004838
i-9TS8gGDDuE6YKRByELCps3,Q11864420,1840-04-02,1917-12-06,,
i-7nQwnFEu5Yk3kSApPefrFA,Q11865396,1855-02-02,1937-06-06,,
i-2W4vYEoJYZJJk2NotrpeYd,Q11865418,1838-11-15,1885-12-28,,
i-Hc9XMkGEjEESuFdWzXy4JT,Q11865436,1809-04-27,1881-01-04,Q214054,Q47048
i-HXHqd4QRn3AfHgeruW7D3w,Q11865437,1849-11-21,1935-01-11,Q780914,Q1017136
,Q11865507,1825-01-01,,,
i-65PsEP61dd8KH7gyeVHWxs,Q11865654,1818-06-26,1885-11-05,,
i-C2YSDtx3p1JrB819QRiS7w,Q11866580,1832-11-11,1907-04-25,Q367780,Q1757
i-PwYmt66Muuq6LCAKqgJ6bg,Q11866656,1788-00-00,1883-00-00,,
,Q11866688,1842-02-17,1893-05-20,,
i-TCwLfpuQKKUCxLk6FY1oaA,Q11866699,1846-01-01,1922-05-21,Q1025715,Q1757
i-PUGEJH9kXtM6B1imKCMoex,Q11866713,1846-00-00,1915-00-00,,
i-3QoJE2nk2uzndLypf2qBy4,Q11866741,1840-04-01,1916-04-12,Q1017129,Q1757
i-Dz5hAwJyDWqRCY5HYongt,Q11866759,1870-05-02,1954-01-08,Q597156,Q1757
i-NhJsA3ABbAMLYTMuFqgSpb,Q11867558,1860-09-17,1936-12-25,,
i-VUMq2T9TJQkqeXhFKWWYC2,Q11867560,1856-01-01,1920-03-10,Q6016,Q1757
i-7r77TsZ9KwmhJExgnCC3ao,Q11867648,1843-03-25,1911-04-26,Q1013639,
i-FNPPwEod1e3taFV6aqGkL,Q11868157,1851-05-11,1919-04-29,Q781249,Q38511
i-4uYMuK2CS64Vd4VXcM41TY,Q11868577,1837-05-02,1917-11-19,Q683512,Q374324
i-NopaF9v8qja8LhSbbnnb2M,Q11869433,1844-12-25,1919-07-08,,
i-2VUbjQp4iwPVbhLEqfvijy,Q11870138,1866-01-05,1911-04-13,Q1641638,Q935858
i-7zrSCjdsCXYncQRKdZRTxq,Q11870160,1839-09-18,1897-02-08,Q37013,Q735133
,Q11872025,1760-09-04,1825-10-04,Q25286,Q1754
i-DoEwtusnqteK8Q8mNd1ztC,Q11872368,1853-03-25,1936-12-19,Q207891,Q1757
,Q11873034,1769-08-27,1841-01-01,Q38511,Q38511
i-yz5WqRw8dv6YYSDpDNaKH,Q11873702,1847-03-00,1918-06-11,Q965172,Q374324
i-7opW91xqgWY1nubmyDoMYU,Q11873704,1862-05-17,1921-04-23,,
i-UVK5tE8K7bZTUBx3RcNPr9,Q11876241,1836-01-01,1919-00-00,Q1757,Q1757
i-Wmc4io5AhKpixJuNytdtVe,Q11881306,1857-05-07,1917-09-28,Q2635095,Q534072
i-QXBKraZHyPiE9z35xJ7hrQ,Q11881564,1817-00-00,1900-00-00,,
i-F6idYyLQmoLSLW2mo8tU2b,Q11881716,1859-04-08,1923-01-07,Q502175,Q593942
i-DJayEMtESDA9vaivmbihCb,Q11881761,1862-12-09,1931-11-21,,
i-HAkXw2e7ETu7AUjeewEWfr,Q11884211,1861-01-10,1916-05-16,Q1641649,Q1757
i-8KUwA5NWBtL5TRcnFSuPTv,Q11885598,1858-01-05,1937-10-26,Q125080,Q1757
i-SdgbXNAKksp7Y4D1ExsyJV,Q11885863,1872-10-25,1947-00-00,Q1757,Q1757
i-5x5MsqkbUXuBNqHADgKPVE,Q11885871,1864-06-22,1935-07-03,Q6023,Q6023
i-5HpoQg2YEKJzerzk9nBsRS,Q11885957,1864-04-01,1935-10-26,,
i-CtQQMeujQ2FqS3AuwoqMbU,Q11886018,1758-06-20,1825-05-17,Q26221,Q26221
i-EtfZRTD4CYaExbGTg6UBjx,Q11887132,1866-07-29,1946-10-05,Q3433316,Q1850632
i-Wm7PMNz5UBwoc7LvenHUrr,Q11887818,1817-02-02,1880-02-29,Q748533,Q748533
,Q11887819,1695-00-00,1750-00-00,,Q11895403
i-CxC5n56mokAqSKPwqL2VNN,Q11890649,1862-08-04,1916-12-16,,
,Q11891043,1802-06-07,1875-03-21,Q38511,Q1757
i-NtosEyycMypJu45DLSKt8a,Q11891143,1863-09-17,1930-11-08,Q374324,Q374324
,Q11892298,1810-07-25,1874-10-31,Q1025745,Q1757
,Q11892303,1833-02-14,1900-04-27,Q1017104,Q1757
i-2wujEHH64hvykeQfmZCyz8,Q11893228,1857-12-02,1898-06-10,,
i-JLhdLsZs2MNDSATAo2JvYL,Q11894421,1813-07-23,1892-11-26,Q636459,
i-AZnkerqXAUAGLvKWER21jf,Q11897371,1863-01-01,,,
i-NRTTLGWR9xV953dyx3Cmix,Q11898647,1849-01-01,,,
i-SQJ5Monvd2cwvwoh9Q8GtZ,Q11899560,1853-01-28,1886-10-01,,
i-7qwG4w9itd5BWSXBibBhxa,Q11899787,1878-09-11,1936-03-12,,
i-KVU77rhWXo9aDLh2ZiPF6L,Q11902249,1869-11-05,1925-08-13,Q134620,Q1511769
i-CVDaphfMZ6gK7wkELrJyYe,Q11902413,1876-10-12,1950-01-10,Q1757,Q125080
i-5UZXZE7AgBvtFPnfZi5mE1,Q11902414,1851-10-06,1933-03-23,Q1757,Q683512
i-FfS48taDhdyhLbaL7izam6,Q11902416,1816-01-23,1890-03-30,Q656,Q1721
i-7F4xdWsmn5h2gsuep9xE2v,Q11903167,1834-12-03,1908-12-17,Q1025703,Q1641571
,Q119790486,,,,
,Q120177852,,,,
,Q120177931,,,,
i-uJPhM5gzTCASn1ihrkLtX,Q12252252,1868-05-30,1921-08-19,Q47048,Q192155
,Q123232477,1582-00-00,1633-00-00,,
i-4X7F9gkd9knr8n7ZKuTEt9,Q127688,1806-05-12,1881-07-04,Q1754,Q116033340
,Q130753710,,,,
i-PX1FwcYEjVrTLmnqUwwqS9,Q13586011,1860-04-10,1936-12-29,Q3434037,Q1757
,Q152306,1867-06-04,1951-01-27,Q1141721,Q807
i-LworoXnhdkkqSH2e65xuXx,Q15528987,1795-02-14,1884-05-20,Q912952,Q162279
,Q15733148,1823-06-24,1887-08-02,Q3366550,Q1009622
i-2iqk4FNw5j22mweLdquaqQ,Q15977177,1853-04-09,1921-05-19,Q755702,Q47048
i-GT6FgM35BjNdFMXCWWyyuA,Q16158900,1862-10-28,1929-12-26,Q984930,Q47048
i-MZfMSqHz9EQfVMc733DtHZ,Q16160914,1775-01-01,1843-01-01,Q193367,Q732159
i-FXge12HBsdn8k5HAufzWpc,Q16161750,1856-04-26,1916-02-11,Q125080,Q1757
i-drx3oHYwjhh9pfERSJ75V,Q16166765,1839-01-01,1924-01-11,Q38511,Q491603
i-567gVPjPfpWGN2AoJtRfBW,Q16168683,1863-01-30,1940-04-11,,
i-TYyoxCt17RVmpDAFKWJW3u,Q1661801,1814-06-11,1893-01-18,Q787560,Q1757
i-MZsPVQ9dMC8ZHTgrVyD83w,Q16737287,1801-04-21,1886-05-17,,
i-SqM5eM5mRQL5Ezs1SSYeE,Q1703242,1845-12-03,1917-06-13,Q14657,Q1757
i-4aGZ3L3M9xF4shrVymXs23,Q17165851,1801-01-28,1863-12-07,Q25412,Q1757
i-Tuzd3ffhjuy1CAvyKR6n28,Q17380063,1839-02-03,1888-10-21,,
,Q17380138,1867-12-01,1935-05-31,Q830009,Q990573
i-4yVsDwH7PWREgHakxAnZUW,Q17380142,1849-07-04,1927-07-28,Q748513,Q1757
,Q17380231,1626-05-30,1674-07-29,Q1001783,
,Q17380286,1731-07-14,1792-03-03,,Q1017127
i-2ELCNXniPoUbrhGohCTZVH,Q17380288,1853-05-15,1936-05-28,Q40840,Q1754
i-5WuVXuwKbML14xudb51yD9,Q17380292,1825-01-01,1877-01-01,,
i-8JRHeBzG9FhLBAfHWFdMKQ,Q17380300,1830-00-00,1900-00-00,Q1757,Q125080
i-WVXdqsXffbuVYsgyHLau3U,Q17380332,1836-02-12,1890-00-00,,
i-Fqvx5ooU2nKu7WppxfCNor,Q17380340,1878-06-05,1961-10-20,Q190583,Q1641672
,Q17380371,1854-01-09,1918-10-23,,
i-HmF96RYdQTCuQ9kU2oPUsj,Q17380374,1869-01-10,1925-12-30,Q656,Q1757
i-EYJT4XUYCifxuQgXm8q9GN,Q17380378,1868-00-00,1940-00-00,Q984931,
,Q17380412,1836-11-18,1920-08-27,,
i-HhpcZwrh13UfQgSjC4pfMf,Q17380426,1839-12-20,1902-03-01,Q1757,Q656
i-HRxMK8De5zRSBaXaaruAMN,Q17380470,1866-11-28,1928-11-11,Q993003,
,Q17380503,1862-05-23,1941-08-11,Q992303,
i-4vvviq517v7pCxu8qKbktJ,Q17380646,1820-04-16,1903-12-16,Q656988,Q656988
i-4jWtzjmGyp5knhYQSbBe7D,Q17380688,1865-05-08,1930-01-08,Q939701,
i-4EsxkwwngyfaYkKgEVEGwM,Q17380724,1865-02-04,1928-06-20,Q38511,Q748513
,Q17380726,1797-06-04,1871-04-18,Q11896798,Q180233
,Q17380745,1858-10-07,1940-02-04,Q987094,Q987094
i-MT4FXbmfE3E8zXeKT2YLpS,Q17381093,1859-01-06,1919-05-16,Q14657,Q1757
i-DdvHcgdBbdRimFMB8LiyD9,Q17381212,1847-07-30,1900-03-28,,
i-2TJ9oUcw4dzh1P1QpjGfP7,Q17381619,1826-01-01,1882-10-07,,
i-NphcP16j5qu5ntda7ML8DP,Q17381716,1752-05-16,1814-01-27,Q6306067,Q6306067
i-2wsSQtqSdS2J6cPYxSWnfE,Q17381721,1847-06-06,1923-09-30,,
i-DmWg6kaxRcVGDxey3HZmMC,Q17381729,1863-05-23,1921-12-22,,
i-VprBVce4soGLYgngLSjo1p,Q17381816,1865-05-16,1957-09-12,Q984858,Q999242
i-G4Kxx8in9vUPtEQxcVFHyA,Q17381860,1778-02-21,1851-01-26,Q748092,Q38511
i-YMJd2SaD9XHRrshNNdMA7Y,Q17381871,1868-06-08,1936-05-26,Q1757,Q1757
i-DvsnxJr6R8m8r5wknzUSGc,Q17381872,1836-08-14,1926-04-25,Q47034,Q1757
i-A3iNU74qwgCMgUUvCNEK5W,Q17382045,1859-05-05,1933-04-22,Q986318,Q986318
i-14317JnQPTgWq1zhQNz5cf,Q17382097,1870-04-14,1934-07-20,Q1580271,Q180233
i-JwZs6TyeLcz34Vcak5vDpF,Q17382216,1851-00-00,1939-00-00,Q40840,Q1757
i-5QyT7ZCgVopTZskW7iy7sW,Q17382239,1865-05-31,1915-04-16,Q1020004,Q1757
i-XPsFtNapCWqxkfZ1X9V1o7,Q17382245,1838-05-03,1915-01-08,Q1017104,Q165285
,Q17382272,1820-00-00,1876-00-00,Q636459,Q38511
i-Qnp6pqgLniPF2sFKE6V5wi,Q17382325,1834-05-15,1904-04-13,,
i-KBRhFpxQ7JaxtdN7vnuj2r,Q17382357,1864-12-23,1956-03-03,Q125080,Q125080
i-24MJDgsqqgCgQM9j64vDZY,Q17382406,1856-01-01,1939-12-19,Q744704,Q134620
i-Lh2ZkUZd9AHu99nWtfbihe,Q17382504,1842-09-05,1916-08-09,Q38511,Q1757
i-9DtdC6x5pi2pfrUoXBHv3k,Q17382509,1859-10-09,1916-05-29,,
i-EjTKe45emsM1M3iEM1jsbD,Q17382618,1752-11-18,1811-01-23,Q1641596,Q1005082
i-KsLWXt96o6G3c9qu9e3nSH,Q17382649,1845-01-25,1907-12-02,,
,Q17382704,1851-01-03,1927-11-07,Q1001932,Q690454
i-PYQaaQwp6fww67Sfuv5pS2,Q17382782,1762-02-22,1822-12-20,,
,Q17382816,1857-01-28,1940-06-06,Q1757,
i-2kQwUtoHSwnYeLTXmLck8r,Q17382829,1864-10-17,1919-06-29,Q986322,Q636607
,Q17382848,1828-01-24,1898-04-04,,
i-3dVVhxTjBDNPtjwMKrwZ4S,Q17382895,1861-05-01,1942-01-25,Q732159,Q1641615
,Q17382923,1762-11-30,1816-12-02,,
i-J2CszrE3gkUiAQ8Qt52mWd,Q17382937,1856-12-20,1931-02-28,Q38511,
i-5wge6QMG7pAdkdDzz7CEBh,Q17382941,1859-03-03,1918-04-27,Q246563,Q14657
i-9h6okN8c4Eaw2Pw3PKzSBY,Q17382981,1854-06-26,1926-03-13,Q1757,Q1757
,Q17383027,1699-09-27,1771-05-26,Q207891,Q985461
i-4tBRiwxoFnwzLd3TCQ26cB,Q17383064,1825-04-24,1877-01-13,,
i-41d4zMw4hn2GPrzvCT2NuU,Q17383149,1855-00-00,1926-00-00,Q1009619,Q1757
i-XXg2bmhEiXiYrETYEK6PnU,Q17383171,1823-05-15,1885-02-24,,
i-6suuzHSQU6bgefM53wxoHs,Q17383294,1835-01-01,1903-01-01,Q742854,Q742854
i-Y6h5zrKenZWNZ9m3mhTxdv,Q17383338,1858-07-03,1944-12-10,Q807905,Q1757
i-LTLtGArV54n8xN9SzsYhCh,Q17383421,1741-00-00,1824-00-00,,
i-Vquuv2Q1nBy3xPM3DXsFHJ,Q17383568,1842-08-28,1909-02-10,Q14657,Q190583
i-JZswQyxJgdrC7mcS7qxnaV,Q17383608,1850-12-31,1935-12-05,Q748533,Q1001174
,Q17383657,,,,
i-6uBc5itfkvswdCxwfNnXyC,Q17383673,1863-09-15,1948-02-17,Q990569,Q1757
i-SUa2EAYaUVdKXx1Hip3kos,Q17383702,1850-12-31,1919-02-16,Q367780,Q208287
i-WjuDQ8j1vsSw67QvPoaiQn,Q17383717,1859-07-03,1926-02-05,Q38511,Q1017129
i-DeNANhJFvif9NVw93xfYiN,Q17383787,1872-12-11,1944-12-18,Q127623,Q1757
i-XCD42yBHNtQaD6vrHPaNvi,Q17383802,1810-07-31,1893-05-08,Q990553,Q134620
i-KBFgvwgJvVUJQsXSYrfogH,Q17383863,1855-10-02,1928-10-20,Q1757,Q1757
i-TtTfn6AZ2VRQkxNw2hsBsT,Q17383866,1849-01-01,1920-01-01,Q47048,Q47048
i-2XhKnDrvwR1osJ5ryzubot,Q17383887,1820-10-18,1888-02-14,Q174126,Q425790
i-6JMZzaoy2STkFfwYc6v1gJ,Q17383987,1853-03-06,1928-01-03,Q305440,Q38511
i-VZBCP48WcB68XodCJB2hkH,Q17383994,1874-10-26,1939-05-06,Q986318,Q1757
i-3UZR8F4MDTpxope8ME8oS9,Q17384194,1848-00-00,1936-00-00,Q134620,Q1757
,Q17384290,1823-01-26,1898-05-11,,
i-8Nqw1ci2HJgHqGKyao4gz6,Q17384313,1859-10-06,1941-03-15,,
,Q17384438,1798-04-03,1865-08-27,Q1754,Q202158
i-Quofg7cvFSNhUVrVFqCsCJ,Q17384649,1853-03-18,1913-04-17,Q1641672,Q1757
i-4GpKxxaDYPL8zTYnJ5qrTa,Q17384817,1861-07-22,1949-08-01,Q984858,Q134620
i-W9WfZerRzSkwj8v7EYcDVd,Q17384840,1863-01-25,1945-02-15,Q14657,Q1757
i-ETQzEcgbBi4s4RJ7ZnfAwr,Q17384883,1860-12-27,1927-05-15,Q735563,Q1757
i-G57bpc4f6Fu1svLLXDpNcx,Q17384892,1863-06-01,1930-06-02,Q614088,Q748092
i-95kqLStAkf79wjFbzwvEWA,Q17384963,1857-06-18,1919-07-10,Q1757,Q1757
i-ThLyS2PmaP8M3K7ALK22pq,Q1785182,1868-07-27,1922-08-02,Q14657,Q1757
,Q1814297,1759-12-14,1837-01-15,Q992613,Q38511
,Q18632475,1833-03-01,1918-06-12,Q1757,Q70
i-H5j7JEfNpcffScykfd1hcQ,Q18633458,1864-07-26,1937-03-27,Q196397,
i-Hsgr383t4iizpwWFP77NxX,Q18688429,1845-01-01,1889-10-09,,
i-JpZo7AviDFXB9nUQMjepfA,Q18688521,1843-01-01,1901-01-01,,
i-SzVBBvxt1aGJ6jks8D2Q5W,Q18814960,1878-05-28,1938-08-16,Q162279,Q1748
i-3hQah5EqNFdwtunyrvFwuo,Q19703284,1848-02-27,1898-09-15,Q180233,Q180233
i-PsebhHbMPp7TojDsoDt1hW,Q1974329,1848-03-28,1921-06-28,Q1757,Q1757
i-dUJ9Gu38LQ6ZmTrMYYQ6m,Q2011821,1851-10-13,1917-10-27,Q2387988,Q1757
i-WjNrP4V2Q7sQnyWHLYvkVn,Q20251351,1850-08-15,1930-02-10,Q999868,Q1407166
i-NDu3XB3xk3uT4c2LFvLbZz,Q20251380,1847-11-23,1909-09-13,Q14657,Q1000119
i-PyyELpiiVyvdj4dMGXBMfd,Q20251422,1867-10-25,1950-01-04,Q1757,
i-7sNfEShKSv93FkVwjokJFc,Q20252423,1872-10-26,1932-06-09,Q781249,Q781249
i-2GtDchQB42K4xYbTq87cVq,Q20252786,1862-01-03,1915-08-14,Q180233,Q180233
i-WDzfUFdb8g6zrgyW2rE1KR,Q20253194,1813-12-06,1878-02-19,,
i-FTpJmcFyji4ABCWHY7yDso,Q20254188,1865-09-08,1937-05-08,Q125080,Q125080
i-XkEFWENCgSbRNRHVF5Yyyb,Q20254281,1866-08-31,1926-01-27,Q1734675,Q1734675
i-QtRE4wiVPvYZD95obdru7G,Q20255349,1826-01-01,1896-10-24,Q38511,Q180233
i-E449mBU6gv4eXJJwuYXFvG,Q20255738,1865-12-12,1941-04-15,Q853628,Q40840
i-EYejvEUqeCVaatuY2xfRCa,Q20379163,1849-01-01,,,
i-54BETv5DN8FvfS7nZGfZiw,Q203799,1861-05-13,1939-12-16,Q984858,Q1757
i-YaJc7TK6KSJr3uwv6p5AgR,Q2041075,1861-06-27,1916-01-28,Q656,Q1757
,Q20645281,,,,
i-FXUQh967xLRCogeTYmdrCW,Q20736650,1843-05-09,1906-08-06,Q748533,Q1025745
i-JLX8xK6Rhi1zuYvtz9WxNx,Q20736663,1845-06-15,1897-01-27,,
i-CGNfHCSmfYZ4tNvJeVzTTV,Q20736664,1842-01-01,1906-01-08,,Q1757
i-59t1pDS3froDd22WYonNXi,Q20736666,1804-01-01,1884-08-03,,
i-S3GuL4uWXYcmpjmQUj9PCt,Q20736682,1852-04-29,1919-10-02,Q984927,
i-Y2mbsnjJ1pEgjBPzSdDZn,Q20736700,1767-01-01,1843-08-03,Q38511,
i-WGFFutszVVq2r6eHmqYcyB,Q20736756,1807-04-04,1869-12-01,,
i-Aw4gJLPj64MCzSUx8SpjWN,Q20736803,1864-01-01,,,
i-NwG25Q1tZQAtUqrP7VkCNr,Q20736826,1828-05-30,1873-03-17,Q38511,Q1757
i-8n3nuTnzCqgxrCTWwYq1yu,Q20736830,1819-06-14,1895-03-01,Q125080,
,Q20800316,,,,
i-DpU7gVJYPRauQkC2oTYNZa,Q20900777,1854-09-22,1934-04-16,Q193180,Q3432693
i-51zRZGqytYdTUQd2T7oRuC,Q209439,1861-12-15,1944-02-29,Q606021,Q18346687
,Q209441,1873-04-10,1940-12-19,Q985458,Q1044613
,Q20962119,1819-00-00,1910-00-00,Q748533,Q1757
,Q21484496,1848-01-01,1902-05-28,Q15839066,Q16105
i-C9Liy8FfDtnT7havRNLi11,Q2151937,1769-07-22,1843-08-22,,
i-49wxrLYQpVUaP1HQGn1g3p,Q2152676,1868-01-01,1939-06-02,Q3432834,Q38511
i-AqV62fLqiqwcHy4Bm1fTdb,Q21558186,1820-01-01,1892-01-01,Q45114,Q1757
i-CpsZQHqcUJ8sJsVExPYDCJ,Q21558202,1768-01-01,1827-01-01,Q1679567,Q1679567
i-44XqmFJXMAvDCvwFoaKM3f,Q2253590,1846-07-26,1919-02-23,Q369720,Q1641649
i-GvRx6Whoyo7iPDLJ6uwURb,Q2271104,1838-10-28,1916-04-08,Q3432786,Q1757
i-Wo1jXQwtCLaoqebdZA4xi6,Q22976890,1805-00-00,1882-00-00,Q18662101,Q1757
i-VJd1sRkEvmJaYFDuVLDdQx,Q23039685,1856-01-01,1896-05-24,,
i-QYn16ak5qeRq4d9Vrw4qd4,Q23039688,1839-01-01,1914-01-01,Q1013639,Q1013639
,Q23039707,1817-06-16,1898-04-10,,Q40840
,Q23039732,1831-01-01,1903-07-04,Q1757,Q1757
i-BrZ1PXPwfSSdCK1yGsSzYn,Q23039748,1820-11-17,1870-06-07,Q1757,Q117022211
i-5wGgfoitFJgsHxGLJqKGy6,Q23040453,1841-01-01,1892-01-01,Q622592,Q125080
i-XwfoiidAgTCtgCj7Rif9di,Q23040650,1861-02-21,1932-02-27,Q214054,Q1757
i-LENzLHnC9MzYZ4becot1Yi,Q23040901,1849-03-19,1919-01-25,Q984858,
i-9hHPWbbtgznfxec4dGcfyM,Q23698908,1857-01-01,1927-05-26,Q1020004,Q1757
i-95QdUoEJ7M1gg4Cy6d3QMx,Q23698923,1850-03-14,1909-11-15,Q1757,Q47034
i-CyA98HnR3uENykk8myABmW,Q23698991,1853-08-09,1908-03-25,Q14657,Q1757
,Q23731503,1728-01-01,,,
i-VyRQHiuU325bocyuNaMNwp,Q23755546,1847-01-01,1905-03-27,Q659642,Q125080
i-6DuVyuC7kS7QorVNngNDKr,Q23761409,1807-07-25,1866-09-19,Q47048,
i-R6esB2VMiCeF9f4oaXQg24,Q23761422,1827-01-01,,,
,Q23769558,1676-01-01,1740-06-27,,Q47048
,Q23785269,1751-03-04,1799-04-15,Q24440679,Q1754
,Q23798909,1700-00-00,1689-02-12,,Q47048
,Q23798941,1660-01-01,1715-00-00,,Q21169
i-EkbZcKC1cxicmSNQdsofep,Q23870436,1832-04-07,1906-03-12,,
i-Wsd1nrWEpNDoxuvqvTmVJb,Q23989312,1838-05-14,1920-04-12,Q1641649,Q1641649
i-Fw8FPwmDv3ESpXNhmXoZYU,Q24018868,1831-03-31,1890-02-11,Q1004838,Q1004838
i-8hwWSt9hLLAoqdEmjNSi6k,Q2484386,1866-04-27,1941-11-26,Q14657,Q1757
i-YJNjrPygwHeDZiSj5b39fG,Q24845401,1860-04-18,1908-08-31,Q1757,Q1757
i-6a435wsx4cWSjxtKhsztTp,Q2548588,1740-08-16,1819-10-13,Q193367,Q656
i-PakNJPLNiG83PD1Hqsszw6,Q2580737,1828-05-05,1892-12-29,Q38511,Q1757
i-8WEAdEX6W6PSz4dVAB2q1x,Q2580753,1846-01-10,1902-02-09,Q1641672,Q1757
i-LhNeaJMK2rPRdMfEm4W2yR,Q2605536,1853-05-07,1933-05-23,Q1013639,Q1757
i-TR13JsM23E7ipXqPtPdrJn,Q26244660,1829-09-24,,Q984856,
i-FGXsDXPGYxh7QuVwHKESrf,Q26244676,1852-10-31,1941-10-28,Q247128,Q1757
i-ENeMx6XG6uxkKZ5MuVZMcF,Q26244677,1853-05-24,1926-07-21,,
i-VzA3Y3NQhrZkNndvb42d9,Q26270041,1875-10-03,1935-04-27,Q3366550,Q1757
i-NHKgqZ5VCJGJQMeRSrTD6B,Q26270051,1868-09-09,1936-01-21,,
i-BM1QN3ZJ5FqkktH9JwVhGK,Q2668824,1839-11-24,1914-01-26,Q367780,Q1757
,Q26711443,1691-08-28,1762-06-13,Q1017136,Q3438210
i-G7pBqgMojRr9AymmEtQzEN,Q2679655,1770-08-07,1831-04-11,,
i-P46k6zjdqv1UvTq7vDZKhg,Q27069016,1736-01-01,1815-01-01,,
,Q27074971,1812-01-01,1899-10-31,Q369720,Q1005049
i-3v2ZSphddKdKS1nPB6bQgG,Q27588825,1861-01-01,1935-03-23,,
i-EQvj9fL5osnqMNoPpVA6wE,Q2782482,1842-07-05,1925-01-21,Q14657,Q14657
i-EHtdX5jCKmh1XzVaChg5t7,Q2782527,1801-10-01,1879-08-04,Q14657,Q14657
i-1764P2Vnu3yRnSonnYBdyo,Q2782990,1864-10-14,1942-01-16,Q14657,Q1757
,Q28028846,1858-01-01,,,
i-Ay8y6qphUDYbXoFXQgQvgE,Q28028856,1843-04-19,1910-11-02,Q367780,Q1757
i-KT9fa2ehNHWytc91mC68Ag,Q28055991,1865-03-01,1937-01-21,,
i-LntY6DwLWnbrXMVX8nJS29,Q28055994,1850-01-01,,,
i-GoAtGw3V5JQjMdAfdcsfof,Q28356840,1859-01-01,1931-09-03,Q748064,Q1734675
i-HgqPynBUu2U3dYH95SV9vJ,Q28357018,1850-01-01,1927-06-03,Q18661577,Q28721494
i-P68mLaom1qo4nAwfyux1WP,Q28357030,1815-01-01,1901-01-15,,Q1000113
i-GB2XZda45FyKVanRwMkJ38,Q28720778,1803-01-17,,,
,Q2874754,1637-01-01,1710-05-17,Q43549106,Q1754
i-Gu51hjRVWb7M565rBVU8jz,Q29021099,1799-09-06,1885-03-21,,
,Q29418972,1863-01-01,,,
i-CN9ba2YkypvRWcT57zJXWv,Q29419475,1850-01-01,,,
i-S4N4b2keBxeCJJKy8Ryks3,Q30174332,1870-09-00,1931-12-29,Q748092,Q1757
i-CsR6q8gQ8FuLGMLHgCXMP3,Q30174487,1847-01-01,1925-01-01,Q180233,
i-3ocbkCaKGJxUE9PNm413LR,Q30216290,1764-00-00,1838-00-00,Q193367,Q3432834
,Q30223957,,,,
,Q3072579,1808-01-14,1867-03-14,,
i-EyCwcgnc6m1fa5U2bKaFXx,Q3101847,1834-09-19,1918-07-05,Q14657,Q3177384
i-73dFa8UGNCPz6EYcxu2835,Q3136761,1826-10-11,1896-12-13,Q38511,Q38511
i-L5ZARSz8GnJB3juLAWJzKY,Q3193368,1859-09-18,1943-05-25,Q4765722,Q11861078
i-HrCdohmsxB2j5RtBj33hSU,Q3195304,1878-09-19,1947-05-06,Q656,Q985616
i-VDpx7vFjSL3NsTqo3roC5x,Q3210023,1802-09-21,1882-06-08,Q1754,Q1757
i-La7UQC3cRq7vS9HSMAPZiz,Q333202,1864-11-05,1944-07-31,Q202158,Q38511
i-Vc7wHXXgr84Kd9xt5RJJfQ,Q3364215,1854-02-13,1922-01-12,Q6023,Q1757
i-2hD21qWp9K67tPki4xh6zX,Q3375523,1851-07-16,1938-00-00,Q4765722,Q4765722
i-TPLLng6ovQtEFTALxn8PZa,Q3375788,1826-10-09,1909-01-17,Q986322,Q1757
i-L9kZxLhWCuQyLqDdMjfmwo,Q3375796,1851-10-08,1917-09-15,Q1757,Q1005082
i-8TL8oDdwcv5Rfdi8UttB5v,Q3450203,1841-09-10,1919-10-28,Q6020,Q1757
,Q3476875,1850-03-08,1925-07-12,Q15839066,Q1757
i-MPFwM3Xim9Zw7dhhTecn4W,Q34877449,1868-03-12,1926-10-12,Q125080,Q1757
i-49ShqpNVqE9Mj1PyubtqSe,Q3515784,1860-06-10,1943-01-04,Q1757,
i-Wz72rDtteZJjjXbMTzBAUr,Q356644,1854-07-21,1905-08-18,Q18660018,Q117022211
i-AbBzS623kguAxboqvMi468,Q37140464,1810-12-17,1889-05-14,Q1757,Q1757
,Q3771268,1830-12-10,1903-11-13,Q125080,Q1757
i-DoMTUzhCgrTNgKPPvWAefR,Q3784302,1881-08-21,1942-02-19,Q38511,
i-NxYVE3KzeNrGHSJrekxTNq,Q391176,1867-10-11,1939-08-11,Q614088,Q210987
i-5Jviq3qghZ9LsVGzeKvrnJ,Q400223,1811-06-15,1893-02-03,,
i-7Fgy1eMvbaMXrGoDJTECv5,Q4063673,1828-10-26,1896-01-23,Q14657,Q1757
i-WgDPTcF2uez6JDVfYnxVob,Q4064426,1832-12-12,1887-10-28,Q656,Q1012561
,Q4084004,1798-09-18,1884-02-19,Q125080,Q38511
,Q4103286,1630-01-01,1709-04-19,Q214777,Q214777
i-RRrbfpAgX7PwDQKMpoJV2G,Q4104162,1867-10-06,1935-04-12,Q1757,Q208287
i-URXcmK1gDqhAUAqzy1YSPi,Q4115633,1831-08-14,1909-01-01,Q1757,Q68160
i-HfV2z1pgrdiYTpNNDCAW2e,Q4118893,1860-06-13,1931-11-30,Q37013,Q180233
i-7r2DHZ8fkniPeRQbBRGNbv,Q4119026,1860-05-18,1927-10-14,Q939701,Q1757
i-7suAnQ1yk1z5uZ9tjGZ7cu,Q4129860,1848-07-01,1915-05-03,Q2660157,Q1757
i-E4eK7REWL1iRG4jFor7gae,Q4200624,1866-06-09,1937-01-25,Q502175,Q1757
,Q4200866,1812-01-16,1884-10-11,Q367780,Q656
i-W97admngEZmB9PfMzhcTXo,Q4235999,1843-06-05,1906-06-25,,
,Q4236005,1807-05-29,1880-11-25,Q3366495,Q158445
i-HtHJenXjZuoKxjoyEuKrvm,Q4241668,1798-11-26,1893-04-02,Q1754,Q1757
i-3D2uY3oEe1uqnw7DGCGVHP,Q4241669,1800-10-06,1883-02-21,Q1754,Q1757
,Q42901672,1698-01-01,1758-12-03,Q14657,Q1757
i-DnEdGep1q7buLQVxHwoV7o,Q42901717,1814-01-01,,,
,Q42901722,1806-01-01,,,
i-4qgpm6mYvkV4M6nEVsNkfh,Q42904200,1862-01-01,,,
i-JAJQRTmdwNUqKSNrqbGWKb,Q42904345,1823-01-01,1886-12-30,Q1757,Q1757
i-GeYLFa2rDbdF171XpfngZK,Q4307524,1795-01-20,1865-07-26,Q202158,Q369720
i-drdyfse5Wuqe9KFa6pgaB,Q4320594,1860-07-14,1919-10-06,Q70,Q14657
i-54SfkVromhfR9VDTNCqXJe,Q4332512,1822-07-26,1900-08-28,Q196397,Q14657
,Q4350748,1810-09-24,1877-06-28,Q999062,Q193367
i-TpRRxpwrPivaPab2rTZrGQ,Q4350756,1821-05-17,1895-03-28,Q1757,Q1757
i-S2JvqMtVriHzJCtaWZ97W7,Q4351768,1816-04-24,1893-03-30,,
i-R8cSAzux46z13Kz116RqYq,Q4354047,,,,
,Q4354960,1795-01-01,1869-01-01,Q606021,Q748092
i-98bUS6KbiDMJMtzt7fuK1Z,Q4355133,1837-09-27,1909-09-11,Q180233,Q1757
i-Tyx5Yj2Vx6u9mvdwtU9AKF,Q4355143,1862-06-29,1919-07-12,Q214773,Q1757
i-C9KYhraNLJSN4TypRVTUUr,Q4355145,1852-11-15,1933-09-14,Q47048,Q1757
i-WHeNLun3hZkxgSCF9XBKKL,Q4355148,1851-08-20,1920-12-05,,
i-EofqyGpvHy8k9NzSeJtd6F,Q4355896,1839-07-30,1899-09-26,Q1542740,Q1757
,Q4356483,1827-11-13,1908-03-03,Q1010034,Q1757
,Q4356638,1825-11-05,1892-03-12,Q1641588,
,Q4356747,1863-01-01,1941-01-01,Q1757,
i-7WDqJ36fmBcNsdEcPvvoFQ,Q4357064,1872-01-19,1955-06-01,Q38511,Q1757
i-UgmPdquSGiPwy7BoLCfB14,Q4357096,1879-11-22,1950-04-02,Q1757,Q38511
,Q4357135,1835-11-24,1882-11-05,Q47048,Q1757
i-9oAGbXKxe5dgbbLMbJ63tk,Q4357216,1870-03-21,1935-12-10,Q193367,
i-F93JWBjLggDZB1c6SHCsfb,Q4357279,1863-03-17,1911-10-02,Q38511,Q38511
i-3c3mMnWvqzrTpJhtECSCRN,Q4357663,1876-10-06,1945-01-01,Q183464,Q90
i-GsTBuxn4gzdp2YPxq2CF9t,Q4357869,1826-07-07,1896-08-28,Q1757,Q1757
i-Ef7n2WRKmjh7HiBPqvKhX5,Q440166,1868-06-30,1934-10-25,Q6167,Q38511
i-FdRfUaAkk5CYpd9Du8pbGa,Q4405514,1845-05-12,1906-07-20,Q1757,Q1757
i-QvmSKDnRAtXr4Y5xFUdyFL,Q4412255,1844-08-10,1911-09-16,Q1757,Q1757
i-SXNWTjE9HN5oyuWqsYxf5Y,Q4413049,1877-03-10,1951-07-26,Q1757,
i-7WN4oA9QrB6HTtmiqA8Wao,Q4491017,1861-11-23,1931-12-06,Q202158,Q1748
i-X2qn6TAe9gTfibhdeaJgEc,Q4491023,1812-01-12,1874-06-10,,
i-At8UeWaVLSrVHh5pXGXtHY,Q4520142,1802-11-13,1880-01-03,Q180233,Q656
i-D2acnqebDyDVJURxAjB9gQ,Q4527584,1863-01-20,1937-12-06,Q202158,Q14657
i-TCQs5DXsZFoCfJSdbFZHQZ,Q4527625,1806-01-01,1887-03-10,,
,Q4533143,1828-04-20,1883-02-10,Q14657,Q649
i-EUNd7pvigVDq2k1buBvxf9,Q495652,1821-09-10,1893-03-20,Q18660742,Q18660742
i-2PT41UyWuKo4xm1qXeaPnb,Q5040254,1800-10-28,1868-07-19,Q1641623,Q1754
i-KDkAw6MJH2W79wd7auFFmc,Q51136666,1831-00-00,1871-00-00,Q14657,Q2999
i-DJWGoTpJ6wbx8LwyyourdQ,Q518896,1834-01-31,1910-08-28,Q3434093,Q1757
i-474HvpA1ND4LbhnYkvxiwU,Q5220195,1842-10-11,1910-01-29,Q47048,Q1757
,Q5391954,1672-07-18,1726-10-29,Q125080,Q38511
,Q5392288,1871-03-27,1932-05-19,Q656988,Q340
,Q5392407,1819-04-26,1872-06-23,Q781249,Q1757
i-3AtCF9sv6EHtjCstTrjHpC,Q5392428,1830-03-04,1895-05-22,Q1757,Q586
i-7FxWCGCiKk7Yh2rkLEFLWs,Q5397177,1775-10-20,1832-05-11,Q3432834,Q125080
i-Dyoum1uqVHJc4aBfw4FSSa,Q5399732,1862-10-11,1939-11-01,Q656,Q1757
i-PsuoFALePn9dpFRG2m5nm8,Q5401177,1874-04-26,1959-10-26,Q1757,Q193367
i-VUPS4htBc7spKyCvDEph4z,Q5403873,1849-09-07,1922-01-05,Q571384,Q162279
i-JPKMUNXGToiyyGFt7J2Knp,Q5404771,1841-01-01,1931-01-01,,
i-5eNgUi2sAeHaoks6DnibL3,Q5405068,1815-05-11,1873-08-26,Q1580271,Q735563
i-EEDumsMkgt1qv2LRDpuUid,Q5405266,1806-00-00,1870-00-00,,
i-JtwzCWzfXqxrEiL7KTkrfY,Q5405284,1856-10-14,1925-10-26,Q647849,Q1757
i-MEoY3ZYgtDsM2D23r4yfXX,Q5405855,1849-05-19,1937-10-31,Q1757,Q1757
i-E842CxwFnJfAsu59UCBbji,Q5407154,1853-01-01,,,
i-CoMYVcvAbrFUkcyuiLmjQG,Q5408404,1841-00-00,1892-00-00,,
i-Xy6WTVyN3GTMYt6Friycp2,Q5413257,1843-05-26,1922-09-26,Q125080,Q1757
i-RZrdQe9EF8epc2oUiYctkq,Q5438635,1846-12-22,1906-06-07,Q1010030,Q1010030
i-MFtm1KTTmksUypGZFKkvkP,Q5438851,1871-03-05,1920-12-17,Q14657,
,Q5442325,1857-06-21,1920-07-04,,
i-Pvw9EBwj6b461Z2NzQEMrw,Q5473885,1846-03-26,1924-01-16,Q38511,Q38511
,Q5476985,1865-03-18,1915-07-06,Q730954,Q3427889
,Q5478552,1858-04-22,1942-07-06,Q543800,Q1757
i-LszJ9La6sjSXEUGEBJttyo,Q5478877,1874-11-15,1957-06-25,Q38511,Q38511
i-AJ842ydXS7vgqvEHKBzHhk,Q5478917,1874-06-22,1932-03-11,Q1757,Q1757
i-YRUSTMTKkQzsZr3qcQikQb,Q5479157,1870-09-14,1930-10-06,Q1757,Q1757
i-EebNEN3Fjuqo1eK2rRRv3X,Q54834023,1862-09-22,1934-11-21,Q14657,Q1757
i-BS1rKVRVpWVyF8aZNiP25T,Q5484401,1822-10-07,1907-03-10,Q47048,Q1757
i-3ruKQDiwNgNwV4WyQ1b7yv,Q5485561,1808-10-01,1865-11-09,Q180233,Q915420
,Q5486641,1810-03-30,1878-02-27,Q259636,Q985461
i-BZ8i7NmzmpP3su9DMKv4YP,Q5492252,1795-06-17,1866-09-30,Q259636,Q1025745
i-Rp2PztPk5dnCsvQTKH2P2F,Q5492646,1864-02-11,1953-07-27,Q1025715,Q1757
,Q5492740,1823-10-23,1895-02-23,Q992240,Q1757
i-BtyTqDgYHyDR8B3iubyn6A,Q5493382,1856-08-05,1934-05-16,Q162279,Q1757
i-GEJW1X9fTb76RGrRQT1Xr5,Q5494244,1869-11-13,1930-11-30,Q748533,Q1757
i-6LsjDJLouE7qk6Fkq8dG5i,Q5494968,1833-01-13,1904-07-21,Q193367,Q193367
i-KuRhzNsx46gnkh5bRQzgZF,Q5499534,1845-09-30,1916-01-26,,
i-7SQ3hodNG3Z6hKJE5kVA7k,Q55229314,1860-06-30,1928-01-01,Q1757,
i-SSeEffZt43Kvtrd9Cx5n3r,Q553859,1853-02-28,1923-02-12,Q1757,Q1757
i-QskzHhWrhp8unnoSpbaboW,Q55395708,1850-01-01,1928-00-00,Q656,Q1757
i-SKPZwEKXE7hX71KKJrTCDN,Q55395767,1869-07-15,1925-07-20,Q783205,Q1757
i-Csh2t8e4vQFJ5jd4fGxQUH,Q55395966,1867-10-10,1938-05-24,Q491603,Q1757
i-8XNxnftYHEi8sGEojxrwPD,Q5546475,1864-03-01,1919-03-13,Q47048,Q1757
i-SBWbVTV2f7vdAPCNzHq9rq,Q5547802,1743-12-16,1818-08-08,Q614088,Q193367
i-4c9Asm14jsJHGA4VeKgxVc,Q5559267,1850-02-10,1925-12-17,Q1571103,Q1571103
i-M1GkpKKam2WhRvDxjE48Yx,Q5560067,1818-07-09,1894-04-13,Q491603,Q1757
i-UEYzaBGkjvQa4ih72x4yeC,Q5563655,1870-03-09,1946-03-18,Q664599,Q1679567
i-6cWDpivCCHx8nsC26q3ZfQ,Q5568264,1823-06-19,1890-11-21,Q38511,Q1757
i-N2PwTvXjXUdT9dRHeMawYq,Q5572052,1829-11-21,1903-01-05,Q125080,
i-S1pw6piuuiCbir7ePXdqY4,Q5578552,1746-12-03,1816-01-01,Q125080,Q781249
,Q5580871,1854-04-15,1934-05-25,Q10534456,Q193367
,Q5581664,1869-11-26,1945-04-05,Q1757,Q1754
i-NZKAm3ErTL9hjBC4SPLuqU,Q5581958,1862-10-14,1928-03-31,Q127623,Q1757
i-Tqp3j9qYioq4RaiA7DM5ac,Q5581962,1862-10-09,1951-12-19,Q986322,Q1757
i-HMYu9fE5ywoYGF6TqvESdP,Q5581971,1858-07-12,1932-03-05,Q1757,Q1757
i-GL42zd2qVjzLjjZ4FhqajZ,Q5581985,1795-01-01,1873-01-01,Q38511,Q1757
i-VbQi5D8Ho9a1gwVtHWXrrt,Q5582751,1815-08-29,1878-10-29,Q193367,Q1757
,Q5588635,1821-05-18,1888-09-03,Q367780,Q3353433
i-3NzetkZgoRr8VV7zjFi3ik,Q5603759,1731-08-12,1814-01-04,Q372075,Q748533
i-Eoh6go1r2gZUEHoWkD2wZf,Q5603762,1867-12-18,1960-03-09,Q787560,Q1757
i-9dg76NYKpBg8v4pLegJS4u,Q56061835,1876-11-07,1935-12-18,Q38511,Q38511
i-mqFQ18ES1erLNMqHvDjc5,Q5608838,1833-00-00,1896-00-00,Q1757,Q1757
i-HfEbbpVpEUS7EMymsy7tc6,Q5609964,1820-12-03,1900-01-21,Q1025745,Q3353433
,Q5613560,1672-05-22,1750-12-13,Q1754,Q1754
i-LNeAt3ynhMRqUa1ahgphLr,Q5614505,1765-03-31,1814-07-07,Q1641649,Q1025745
i-JS46V6rNtkSEGJw4cigY71,Q5614831,1838-02-20,1900-12-28,Q999878,Q220
i-EWnS8D5oELrZTGgrDxKuax,Q5618707,1750-07-15,1820-11-04,Q10624313,Q1757
i-EmqNER47i1Nu1rJadKyiQw,Q5625521,1835-01-04,1894-06-24,,
,Q56399134,1823-02-14,1874-08-07,Q1757,Q47034
i-W6Nd2mXWGmeP1J6mr9WBfx,Q56403348,1814-01-01,,,
i-LYpQPnAEvBHwxddcikgnNW,Q56403428,1804-01-01,1893-07-09,Q990578,Q993003
,Q56403554,1813-01-01,1881-06-27,Q2156306,Q1010030
,Q56403559,1816-01-01,1882-01-01,,
i-S8BUZ6vnbJpzzmYXeu7wqs,Q56403648,1867-01-28,1936-03-07,,
i-D1GPM5fGkX12cAZ2QV4vzv,Q56521046,1831-04-03,1912-01-01,Q207295,Q193367
i-4c3gEuiKHjvByF6d2r7pSQ,Q56856392,1758-11-23,1829-01-27,Q3738330,Q1754
,Q56879979,1712-11-02,1772-11-11,Q21169,Q207891
i-3nP8YuTqeTAw5agRhk1szM,Q5711432,1840-01-01,1904-01-01,Q781249,
i-jgr1jkvdMBMBw64HgftTg,Q5719551,1815-03-20,1895-07-22,Q2028417,Q2991812
i-PLyPRr4UAy58WNh8KVMjYT,Q5720008,1863-04-20,1931-04-24,Q1757,Q1757
i-Xf4P3uUdXEXzZV8Cv8qecp,Q5720020,1870-09-18,1949-02-05,Q1757,Q1757
i-BtkiybKfkP1KVCMNqew6TJ,Q5720633,1797-11-20,1870-05-24,Q2389263,Q608803
i-EgiNvPcaifKheMGDbyyqWE,Q5737055,1817-06-01,1891-02-02,Q1000113,Q1757
,Q5742752,1821-03-19,1878-05-24,Q38511,Q69354
,Q5754980,1804-01-03,1871-07-12,Q503862,Q47034
,Q5768295,1815-04-26,1892-01-16,Q369720,Q965172
i-XAhPHpjCL41PGZ85XdBSmS,Q5772178,1852-01-17,1927-03-10,Q367780,Q1757
i-FJzRBuP188MmWa7nk6o4Vb,Q5772190,1754-12-25,1818-01-27,Q38511,Q656
i-8QYakWUV2VeaBeSr6opb8f,Q5773011,1859-04-12,1929-12-19,Q14657,Q1757
i-BdcCax9AbjJYKF3SaEwTau,Q5773020,1861-04-27,1928-01-07,Q1757,Q1757
i-CA11FK6DFAdcRD28ckK5f7,Q5780994,1792-05-05,1877-08-15,Q38511,Q783205
i-XiSYQEjNzcBCDTizmuknEB,Q5783235,1856-03-07,1910-01-23,Q993003,Q1757
i-7KxQWYRijD5jxcyYeme3uf,Q5784271,1851-08-02,1924-02-27,Q1754,Q1757
i-841LACBsbRyzoAKcfc9o5p,Q5785113,1819-11-26,1879-00-00,Q125080,Q125080
i-GaVrP4AKzmi3hsgi9BrLwo,Q5792038,1742-09-01,1818-06-20,,
i-N4Kj7XJKByKctvmiVZHuWm,Q5797587,1844-06-03,1921-05-20,Q38511,Q1757
i-NBh89WjkAAKD9CCqxkG37S,Q5797598,1861-01-16,1952-10-08,Q664599,Q1757
i-7ayx42GEfCQ4FXf5XqnXHe,Q5799108,1867-05-23,1948-03-06,,
i-SaCnJmAftzcnG2e8XYGcL9,Q5802420,1846-00-00,1928-12-10,Q47048,Q1757
i-J6zP3X9ccdcPDSdoJRRzLX,Q58072830,1857-12-23,1918-08-29,Q2660157,
i-669G58xkbnpQCsVJmoyWfs,Q58072856,1855-01-01,1919-01-01,Q984927,Q240086
i-Qwef1SgV2CKvjcNDkxWaLb,Q58072956,1838-04-03,1915-12-22,Q162279,Q1757
i-Lch3o2YJ8cMMwJUB46sQcL,Q58073019,1845-01-01,,,
i-5PcgiwA1qrtSSB6nygYn7e,Q58073058,1851-01-01,1922-05-17,Q690454,Q1757
i-6cVKRtrRY14WZnaUYWPh2Z,Q58073128,1867-01-01,1942-07-01,Q3365627,Q162279
i-CBdpqVDCbhmGYHAKYVJWxE,Q58073177,1843-01-01,1922-07-31,Q1724211,Q2387342
i-C9dmrUvwspHpLHXM6o1jJo,Q5807467,1868-10-18,1931-03-13,Q1757,Q1757
i-VeJcY7HKzWYk4AsDj8GPyn,Q5813866,1821-12-21,1883-00-00,Q206601,Q193367
i-QVrcwFYjcxwn93KdWmPBk3,Q5889518,1832-06-14,1884-09-18,Q519763,Q1000117
i-VhermKHM28DnXffrtUcaPR,Q5893891,1871-08-02,1944-05-08,Q1010030,
i-34gigkRr2uXshwGmQ4qktb,Q5908691,1825-05-13,1904-07-19,Q125080,Q1757
i-Uph3GH5rF8JZ5oRFmsKPyJ,Q5918829,1866-03-29,1943-07-24,Q748533,Q606021
i-66ymQwCreeuuTbu7QJYwGA,Q5923749,1832-01-29,1890-03-09,Q990557,Q1757
i-VHc9ZxmKrE7rcDAopm7C9X,Q5923756,1860-08-05,1935-10-13,Q41602,Q1757
i-TqHLa2ybuznPCSfNH3SkF7,Q5930256,1765-03-27,1833-08-16,,
i-KqWScvn4zdPpH9UqTYKQ8U,Q5931795,1859-01-07,1923-01-01,Q1757,Q1757
i-H2tWZRuEZ8bzGbjzhmGuxp,Q5931804,1821-05-05,1909-04-03,Q38511,Q214777
,Q5934833,1852-11-06,1931-06-13,Q656,Q1757
,Q5934839,1857-01-26,1925-06-30,Q132671,Q10466522
i-VPkGALknWhkvyLEqpQP32A,Q5941175,1870-11-05,1948-09-21,Q14657,Q543800
i-EofzZMtc7bHkYrk1DMbcJM,Q5955067,1868-03-30,1944-02-07,Q1757,Q1757
i-TTJ6BfyGcHTAc3wu7ASwci,Q5955329,1838-01-01,1868-05-13,Q1770,Q1010030
i-VjoMm7nnMwaZ8DuJw2CtUT,Q5955385,1862-04-27,1921-06-02,Q1757,Q23482
i-95LiWSVCTALqsRCn79kA23,Q5962207,1855-05-25,1924-05-16,Q614088,Q1757
i-7yK1RckJEeJLB92G95c3Gp,Q5964066,1843-09-25,1909-01-01,Q14657,Q1757
i-CisiTZA8jBe6U9YcQPijf8,Q59656522,1822-03-04,1868-02-26,Q1025740,
i-M3vdGvw9iDEMvMQ8z7ckwG,Q5973556,1800-09-22,1868-08-07,Q1679567,Q1754
i-NDDsvs2KPqUENDma8QUX7J,Q5973883,1834-01-01,1897-04-14,Q193180,Q1757
,Q5975027,1871-05-29,1943-02-06,Q1014239,Q47048
i-MDfAM83g7G9zW98usAVuS1,Q5979967,1873-10-07,1914-11-26,Q2706,Q1757
i-39HLCE9yBTZGgTmRXc8MV4,Q5990895,1817-02-17,1897-12-03,Q1002499,Q1757
i-4yJxJNJJ1BwQYoDiqLucKJ,Q5992268,1834-06-29,1898-08-03,Q193180,Q1757
i-5TSspidDoU2K2pXp226J2p,Q6005343,1830-08-12,1895-03-27,Q196397,Q1757
i-GQv8Naq61LAD3azXZwqehT,Q601146,1871-02-23,1932-12-15,,
,Q6017658,1822-10-05,1889-11-15,Q202158,Q1757
i-3FVZgVd1FfWRDxHRadp7JQ,Q6030815,1792-05-01,1864-10-18,Q1000113,Q193367
,Q6033612,1849-11-26,1919-12-03,Q1757,Q1757
i-JeJUuLsx1ADgfUq4qMkAyZ,Q6040815,1872-02-24,1960-07-18,Q1002499,Q1002499
i-Jx18MvGDAsWpLispqXsDvN,Q60482938,1865-01-01,1954-07-16,,
i-WvyDUpkmCVdzKarM1fgrCN,Q60482959,1846-01-01,,,
i-3mroD8PP6BXregJQa4iQrM,Q60484738,1849-01-26,1912-03-08,Q4765722,Q4765722
,Q6049994,1802-08-17,1879-09-09,Q38511,Q38511
i-RBWCuLg8kwt5DsDhYULC5s,Q6067104,1800-12-20,1867-06-12,Q4892,Q1757
i-Atxa2Kx8Acoj72bWbshGTU,Q6067133,1838-02-28,1919-11-18,Q1757,Q1757
i-Ga4zhpKhZgMrwW6CEFhPKo,Q6068009,1850-03-19,1908-02-18,Q207891,Q1757
,Q6068338,1817-10-23,1898-10-16,Q38511,Q38511
i-QnztxA9UA85K7Pcdod4AWL,Q6068615,1843-01-12,1914-10-17,Q10512441,Q783205
,Q6079654,1823-04-06,1871-07-13,Q1005082,Q24340224
i-WfaPXmrfKy2M88t7q4ZBr6,Q6079717,1848-09-08,1917-10-21,Q996656,Q47048
i-AadCTC2BzQJMamTxWgzfdo,Q6080124,1855-09-13,1931-02-12,Q647849,Q647849
,Q60844768,1818-01-01,1873-03-17,Q38511,Q1757
i-KMybxddpRTDXE79ZmgAnee,Q6097531,1849-11-18,1925-05-07,Q849934,Q1757
i-SyVV264UBZ1JB58yfmkdmz,Q61102653,1849-01-01,,,
i-8vaPG6C2FYVaveHA3TgTDk,Q61102753,1858-01-01,,,
i-NwgjBH8eQNFcHLKVJ2kSzp,Q61103095,1847-11-01,1923-09-14,Q26221,Q26221
i-VrYVhWgWmsDTenThaELYuL,Q61103177,1858-04-08,1933-10-01,Q992275,Q738472
i-TarLwptG7R8SF5pg2iR5pV,Q61103302,1867-01-01,1927-12-07,Q838821,Q1757
i-LcQBzSAGk6cyBWQVg2HXQQ,Q61103306,1851-01-01,1925-08-21,Q176186,Q1641596
i-7x5gXVj79xJqm8cJn4jspv,Q61103320,1853-01-04,1933-05-05,Q672625,Q1009215
i-E4sJZkcvrMxBkmsiZoBAAh,Q61103324,1845-01-01,,,
i-88xomuoxptTm5PMhHSyv7n,Q61103340,1858-01-01,1928-01-21,Q385194,Q965172
,Q61103785,1864-05-22,1939-11-17,Q134620,Q134620
,Q61104449,1650-00-00,,,
i-7pvtgkYBj65JtBKz3rwe8c,Q61104466,1765-01-01,,,
i-D711TKU9YcRjKQmWmQGtnW,Q61104721,1861-12-04,1938-10-21,Q656,Q1757
,Q6140880,1819-12-14,1890-06-24,Q38511,Q1757
i-9dEtecWrB9KpuBkeP6YcXk,Q6158388,1863-05-05,1917-00-00,Q1757,Q1757
i-2a1jEQVQLMgg8WcCkNCz31,Q6163504,1859-03-15,1943-07-23,Q10466256,Q47034
,Q6169564,1847-09-21,1899-05-13,Q1757,Q1757
i-EVfZBUkzrmkjLRX3mG1o3n,Q6173019,1854-12-20,1925-04-16,Q162279,
,Q6173024,1658-12-21,1729-02-05,,Q10728316
i-4RJVSLcF3nMJU7eedc7PSH,Q6175881,1841-06-30,1918-02-01,,
,Q61785001,1834-01-19,1916-02-08,Q1757,Q1757
i-Ev9rwChsySU6VMfbevkpjp,Q6181110,1827-01-20,1903-11-05,,
i-VhqCtxytxwuCQMhjHGTkar,Q6190209,1778-02-22,1853-11-28,Q1757,Q732159
i-TT9wVN7fF9yzm6SxBGQwCu,Q6190771,1806-11-16,1890-10-14,Q180233,Q1757
i-Xe6zkT3ZAe6cviWkF8esyH,Q6190960,1865-01-07,1938-01-01,,
i-8QS8NxWXnYbGNGay7eWUi3,Q61968815,1853-10-11,1923-05-13,Q1757,Q1757
i-VA18phdeUhvnx26XSUNWwS,Q6203891,1747-08-08,1822-01-05,Q18682065,Q1757
,Q6207529,1880-07-27,1941-03-26,Q14657,Q1757
i-NPH1o1xeorDHN3soPCbMv8,Q6210840,1858-12-04,1911-07-20,,
i-G4Mx6CSAhZT1Ty3hcwy1We,Q62128099,1805-01-01,1876-01-01,Q38511,Q2044
,Q6218225,1824-04-27,1895-03-03,Q38511,Q40840
,Q6220501,1854-04-18,1936-05-08,Q162279,Q202158
,Q6224449,1667-01-01,1723-01-19,,
,Q6228650,1847-09-30,1920-03-28,Q158357,Q1757
i-VD9ZzJneAntKWjMSaVZzUN,Q6232470,1821-07-14,1904-01-16,Q3434037,Q915420
i-ABDvGmsKHsoRMRCJLhfgDu,Q6232872,1831-01-11,1917-07-07,,
i-9vkyMVcmbACmYXjiobcPPP,Q6232877,1829-01-16,1903-02-28,Q1757,Q1757
i-8tpmjoLjCwAvg1Z16Ymcr,Q6234867,1822-12-01,1901-09-28,,
i-KaGZSH7hSfwSGkfQgkLx9d,Q6235673,1876-03-21,1954-05-17,Q1757,Q1757
i-WF8BWGJBsroMfDPtmAkEZt,Q62392285,1823-06-06,1896-05-23,,
,Q6242396,1858-02-23,1935-05-06,Q1757,Q1757
i-2v1sP1pTkv6wpgJSg3UXcQ,Q63093240,1822-01-01,1899-10-26,Q985451,Q1757
i-2dJVDxi9P9zCeZYiTSy5zw,Q63275048,1863-09-22,1945-06-07,,
i-QWtmceu5tuL6iNKSbdGPzi,Q63275073,1820-01-01,1900-01-05,Q125080,Q1757
i-T2NvVpCbguQDo4BsdWUvRd,Q63275089,1841-01-01,1903-10-04,Q125080,Q996656
i-EfMifumtJPzU8j2xQd3Y47,Q63432691,1821-01-01,1882-02-11,Q990578,Q1757
i-9HnBCGhbFTEXk76zm9ALQU,Q64027481,1744-05-19,1828-06-22,Q986318,Q986318
,Q6437103,1820-09-09,1880-10-02,Q47048,Q633628
,Q6458144,1854-08-01,1921-11-09,Q1009619,Q3353395
i-5wKk1hTdoAVXButE7JRL3D,Q64952323,1732-08-11,1819-03-29,Q372075,Q1641571
i-MZjGSV6EaQrvUyQv5EbDi,Q65229155,1844-08-14,1905-01-16,Q15339,Q1757
i-MzVQxM4xkNeBUq7eq6vH9k,Q65229159,1800-01-01,1874-01-17,Q196397,Q3366110
i-HnA4L1LyxqEtV2ftM8MCTj,Q65229404,1851-01-01,1929-08-07,Q316211,Q14657
,Q65229900,1748-02-03,1816-05-20,Q112116913,Q65229650
i-7PQtvWecq1Ua58ZFrCtdTC,Q65230522,1821-01-01,,,
i-K2JJZuWLxCRWCMyDuHPCrH,Q6673487,1865-01-01,,,
i-GzpPNMDrZaojKzMHrH7hRL,Q669193,1818-09-27,1869-03-05,Q54769,Q1757
i-Gszfg34rDxE1wvwMWnuEcr,Q692383,1805-06-13,1868-07-05,Q162279,Q1757
i-JFCH6e9PsE1w8HHWkxDkhR,Q69468961,1834-04-04,1868-09-03,Q1641609,Q207891
i-QQ7rzMcvpGv1RunkkD3Hgv,Q704066,1843-02-08,1918-01-03,Q193367,Q1757
i-KEH715U4Y1bzNSfLtCZFuv,Q7094392,1851-07-03,1913-04-23,Q134620,
i-8hkRHnwtDoBWMBMtRn1gNb,Q7107462,1862-03-30,1922-02-06,Q1679567,Q1757
i-GC4iKVSUKy4zqrxEso8fJC,Q7109889,1851-09-02,1936-02-15,Q4765722,
,Q73762303,1623-01-01,1683-04-22,,
i-UeTxv9rgAELGir3fWfG4jh,Q74020569,1815-00-00,1868-00-00,Q664599,
i-4GaPQPN9o2DtPJqk8V2RRe,Q76238419,1835-06-30,1898-04-12,Q1010030,
i-4aPM48yGQ361iaSozbN2rM,Q7781631,1850-03-07,1932-06-16,Q1757,Q1757
i-6rnaskjzpKMmf1BKqf1dSH,Q78033717,1855-07-04,1928-03-07,Q748513,Q1757
i-9JYQQJa8gS6udXTpcpAtpY,Q792420,1828-06-24,1892-12-27,Q939727,Q656
i-NQLXuNv2TZG5tDydaVXrk2,Q81804616,1836-04-11,1896-06-12,Q134675,Q656
i-VSjkKAAk1uTMFyXiJQ65Ef,Q84176620,1801-02-01,1865-06-04,Q1000119,Q1757
i-K5hPwdCSPc1g8TMBGcdSCj,Q85979311,1750-07-16,1818-08-27,Q934386,Q1013639
i-Q1ibeZgVwdgK9awDnvXcF6,Q85979430,1753-04-21,1817-04-09,Q571384,Q571384
i-FjKyUtcoFwK8FSRaLwa4qr,Q85980548,1825-09-11,1891-08-07,Q14657,Q801058
,Q85986322,1705-05-28,1771-12-31,,Q10495587
,Q85986394,1732-01-01,1801-01-26,Q1754,Q193367
i-7gtxYc7PAsEZ3WK26gsMQF,Q85986829,1821-02-01,1880-03-08,,
i-ASEDaBg8bCZ47EA2Ncmhc5,Q85986973,1844-08-09,1899-01-07,Q1852283,Q1757
i-8runLzZr3KN4su8JW8fxK8,Q85987828,1829-03-23,,,Q125080
i-EYL9UZ7jUiPhk9qT9L4Gma,Q85989506,1841-03-13,1899-12-30,Q622592,Q1757
i-ModpSX4t69XxAKF7ekgvVg,Q85990242,1832-07-20,1896-05-31,Q368997,Q1757
i-GPf3EjMoWsMbpy1SvvWd7X,Q85990722,1748-02-02,1817-09-16,Q190583,Q56400317
i-KSwyQA3Qqn4zEnSkGR2MwP,Q85990891,1831-05-11,1904-05-30,Q38511,Q1024673
i-UTTBHu3P6dThF85VUX7WFy,Q85991372,1757-01-01,1832-00-00,,
i-RazorKnY8QnsosmjEpa7Cx,Q85991585,1739-01-01,1817-02-27,,
i-uaf9jg3i5ZVHXz8W9JcaM,Q85992740,1861-09-09,1946-03-20,,
i-CCNrmbC6eeG1mBia8WfLFy,Q85995619,1803-01-01,,,
i-PHhNjXUhesTG1v74LgJRHM,Q85995804,1838-01-29,1892-08-01,Q3433707,Q11883444
i-3Pm2N36ePLqUGq4sbqCd2e,Q85998270,1858-09-03,1887-10-02,Q807904,Q38511
i-NkQqrLFDbfL6PHpgSiTkBZ,Q87711793,1811-06-17,1875-05-23,Q3366495,Q374324
,Q89430343,1724-01-01,1802-01-01,Q1004838,Q1757
i-HjwH6PdtQ6PYxtY2MfXSKE,Q90541026,1851-04-04,1928-12-13,,Q1757
i-F41ncMNAehsDceiFfh8xWG,Q90544803,1847-01-01,,,
i-Ua1DB2ZaQu82Pj2Kg6ibbJ,Q90544912,1817-09-30,1883-03-29,Q38511,Q1757
i-Fd7mqD67aGjCuWx3jSHA1C,Q91313272,1836-01-01,,,
i-Lk27AXaL7fVVebyiYHtGJy,Q91313292,1819-01-01,1890-00-00,,
i-2Y7nE87KujbGcxBqipXQGn,Q91615383,1866-09-06,1947-01-26,Q1013639,Q180233
i-GR25tN5vpHqsQL2THp5BzR,Q921355,1870-02-01,1949-09-12,Q125080,Q1005082
i-M8vPca9XvnkuhF7z5k9Ho4,Q92752043,1824-10-28,1896-05-07,Q1754,Q1757
i-YNSR4DwCvFByG8KLNWZfMu,Q92752286,1815-12-17,1874-04-18,Q1754,Q26221
i-Tsm7XwQqjWpXrCqx4saGXA,Q93261790,1820-08-10,1899-10-07,,
i-MMyFhhMEvCjmcwSBsfMJk1,Q93261828,1820-02-17,1887-02-27,Q656,Q1794747
i-P2TB7uqML45WSXmGGyBpbS,Q93261832,1846-06-26,1922-08-29,,Q1641664
i-WXLLFK1W2bbmPmonvvGKY8,Q9384808,1810-00-00,1883-00-00,,
i-HFSaJChwMy6H3kcVHoj1mX,Q94388182,1814-06-10,1884-01-28,Q2233799,Q656
,Q94958226,1865-06-21,1920-05-13,Q14657,Q1757
i-2ubgZazdN7Hm8TmvgsEs2q,Q96033241,1765-05-14,1825-12-25,Q986409,Q38511
i-3pBxWmein6Pp5EyVZ5sWeC,Q96781741,1847-04-07,1920-01-06,Q214773,Q1886842
,Q96983841,1838-02-16,1894-10-02,Q1754,Q21167
i-AtzZDHHkMR8JK9m5A1frvF,Q97191820,1851-12-05,1929-07-01,Q14657,Q1757
i-CmC4bc6fLeNXZGLuA7s28T,Q97194540,1797-05-30,1873-04-26,Q504676,Q1757
,Q97195683,1837-05-26,1889-05-21,Q1757,
i-MMYT7XLX6YPQ7PudpmVcPj,Q97340754,,,,
i-WSpBHvAdJZSHPeYBmp446w,Q97456190,1868-04-25,1937-02-28,,
i-5CfC1LDFZWPPXweSotWY4z,Q97577422,1852-06-13,1927-01-03,Q653167,Q40840
i-YUNWAdcZxwK6EPoTDU2LM9,Q98021802,1866-12-17,1921-04-28,Q207295,Q38511
i-7jLpb1DTcomASwUADLnGHQ,Q98116426,1837-06-20,1901-04-28,Q1641672,Q490
,Q98116467,,,,
i-65m2FMYgRq819LH5pjixSR,Q983185,1865-01-20,1928-01-08,Q1009619,Q1757
i-J5WH196kdgSnwBG62938mv,Q98414082,1821-07-21,1914-05-20,Q202158,Q202158
i-Q6qBz6peRTuLmwUG9fGTUi,Q98457184,1847-01-30,1923-10-26,Q985337,Q1757
i-VuLqeb3wtSmZj2UyzG5TGX,Q99600914,1824-09-19,1893-11-26,Q367780,Q4252870
