person_id,wiki_id
i-14317JnQPTgWq1zhQNz5cf,Q17382097
i-14fxkLqzdcadwNTzSJwBCv,Q105086426
i-1764P2Vnu3yRnSonnYBdyo,Q2782990
i-17htpZDs17EUXFq4uXyrgb,Q105432284
i-17rHdCAokyZJRHvnBtWfiy,Q105454506
i-182iQaw41tqTySDbhb38Sp,Q105037587
i-232oBiwo9Msdu9iGgYgsy7,Q105771891
i-24MJDgsqqgCgQM9j64vDZY,Q17382406
i-254g857EoqyeksFi9ULpYn,Q105629945
i-25WDyXxu97AE9nCuf58dk9,Q107283215
i-26xiTcnRwiSfZaD1uCoG3H,Q106323601
i-29jAvqcdVSDmnMHm7GL7zd,Q101184315
i-2CJtkh9e4uShfgLaoscF6f,Q101034227
i-2ELCNXniPoUbrhGohCTZVH,Q17380288
i-2GsZ4BooHWCQvrdPTMX1GL,Q102322805
i-2GtDchQB42K4xYbTq87cVq,Q20252786
i-2J1cFCU1ntRSDLK69LyixZ,Q105350990
i-2Ji5aehRfDbxVmrRpEzJLv,Q107978489
i-2JpLXsMwopWLZqb1nASqEs,Q106319506
i-2M9Q96JhxJvPjW2FZPFTCY,Q11851328
i-2N84i2GCAKRZCDmnxUA3sR,Q104549857
i-2Ng5Yiz94qvSG22vZM58eP,Q106323713
i-2Nv6cX45TaPfoUjwp4kCNm,Q105620588
i-2PT41UyWuKo4xm1qXeaPnb,Q5040254
i-2QuMhjdBvRwN4UjQH2UEkH,Q11853728
i-2Ss1PMTbudt7KdQFdTRFcG,Q106811973
i-2TJ9oUcw4dzh1P1QpjGfP7,Q17381619
i-2TmKiLYSqwWZHXSS1TZEeE,Q106766138
i-2VUbjQp4iwPVbhLEqfvijy,Q11870138
i-2VhaeA75HNF4Pr6FXDXgtW,Q100851697
i-2W4vYEoJYZJJk2NotrpeYd,Q11865418
i-2WTpAbUHcxdqr6EZLuThwv,Q104622533
i-2WWyV6tYwf1MCC9zgsfC2t,Q105636276
i-2XhKnDrvwR1osJ5ryzubot,Q17383887
i-2Y28YhcXXa6iFvLQQcnSZa,Q105662969
i-2Y7nE87KujbGcxBqipXQGn,Q91615383
i-2ZVFdKNgodWAvp9mUf7Ku6,Q106811961
i-2a1jEQVQLMgg8WcCkNCz31,Q6163504
i-2aAsQDaQzvviNLiHAqhh6S,Q104143745
i-2ajE7JaFMbUYwaiy96tsv9,Q106766184
i-2dGWMbZNs6GoVNG5okZE2D,Q102322770
i-2dJVDxi9P9zCeZYiTSy5zw,Q63275048
i-2fdqTSk49fKzFFFCPWD78H,Q106323606
i-2g556HzWNUiGYftBbkrC5Z,Q106773917
i-2hD21qWp9K67tPki4xh6zX,Q3375523
i-2iqk4FNw5j22mweLdquaqQ,Q15977177
i-2j5uWs1Zs2SyeviLwx93NE,Q105752133
i-2kQwUtoHSwnYeLTXmLck8r,Q17382829
i-2ktSPbgkPX87zvzbvSM2yv,Q104622018
i-2ovyX7AoGzjWAqK7ZaGgd4,Q105751963
i-2ubgZazdN7Hm8TmvgsEs2q,Q96033241
i-2v1sP1pTkv6wpgJSg3UXcQ,Q63093240
i-2watXZpWpYKRSDFLMhu5JW,Q105663122
i-2wsSQtqSdS2J6cPYxSWnfE,Q17381721
i-2wujEHH64hvykeQfmZCyz8,Q11893228
i-2xbFzmJWLtL3VujRuxuuH6,Q100258348
i-2zbE3PvdvoGkzS28dDgVHx,Q107086199
i-2znFq4zFPRn3Y3XsTtU4CK,Q106240921
i-314YX7oeCU1LCaEEZaEhSZ,Q107069595
i-32w487iUhzdyQvB8GvE88D,Q11853708
i-33ykiPLUFubmKhcMAMuGRr,Q102046761
i-34Prj111JniZxW4PsiFt7f,Q104622014
i-34gigkRr2uXshwGmQ4qktb,Q5908691
i-34mfTvfVt9Bdb5T1DmaSyQ,Q107860656
i-39HLCE9yBTZGgTmRXc8MV4,Q5990895
i-3AAUZNqftJnZPhMYWGsWAy,Q105946629
i-3AtCF9sv6EHtjCstTrjHpC,Q5392428
i-3D2uY3oEe1uqnw7DGCGVHP,Q4241669
i-3DCQUuckGm7CmAsdTRYLPZ,Q101332821
i-3FVZgVd1FfWRDxHRadp7JQ,Q6030815
i-3HAnjNFH5KjSBTNKDd3TXb,Q103839739
i-3JveTGquCFAK9y99eTAdvd,Q108122302
i-3KmZ2JW55We9zqnwrRNCgP,Q104815701
i-3LrbQCv9wyK5t5xguHtg9N,Q104550046
i-3NzetkZgoRr8VV7zjFi3ik,Q5603759
i-3PE5fKCuiGvgujS7hty5ea,Q11858125
i-3Pm2N36ePLqUGq4sbqCd2e,Q85998270
i-3QeX62WfBWmSXZfEa2V8Qq,Q104627343
i-3QoJE2nk2uzndLypf2qBy4,Q11866741
i-3Qx3Kq78Mhk3SQZyWMmLQk,Q105620602
i-3SZWVADXp26LoEUsfMXtuW,Q105751901
i-3UZR8F4MDTpxope8ME8oS9,Q17384194
i-3XKSNQXdti9jfHeuCR5iY4,Q106766187
i-3Zr6LeVrErF9UF7ecwsP1e,Q104815711
i-3bvDg4jwac8mVz3EUo9zy2,Q105629965
i-3c3mMnWvqzrTpJhtECSCRN,Q4357663
i-3dVVhxTjBDNPtjwMKrwZ4S,Q17382895
i-3hQah5EqNFdwtunyrvFwuo,Q19703284
i-3jixTK21y3YVWx7rDjktd1,Q104550059
i-3mroD8PP6BXregJQa4iQrM,Q60484738
i-3nP1SqRS5aPNvyXZiEeovy,Q105454655
i-3nP8YuTqeTAw5agRhk1szM,Q5711432
i-3ocbkCaKGJxUE9PNm413LR,Q30216290
i-3p1Nxw6gWRoVv2rt88vYC5,Q104622008
i-3pBxWmein6Pp5EyVZ5sWeC,Q96781741
i-3qQ2rqBSKFC1Nnf3bj8fKb,Q106239241
i-3ruKQDiwNgNwV4WyQ1b7yv,Q5485561
i-3so22gdMat8n2MaFav5XhX,Q106239269
i-3unhb9g6v2qnZzyU7Qh1Vh,Q104550289
i-3v2ZSphddKdKS1nPB6bQgG,Q27588825
i-3v3gbSH7mHSvBT2N9qxHtX,Q11860382
i-3wbkcRH6vFcWFCrAj2yuYD,Q105702519
i-3yRuVkrxYuHdk4Pt3aDdNL,Q105771901
i-41d4zMw4hn2GPrzvCT2NuU,Q17383149
i-42bbqgxbvyzVXTAmjYWYGz,Q105751977
i-43CbwtzFU9fvE1ZC4NayXe,Q100988071
i-44XqmFJXMAvDCvwFoaKM3f,Q2253590
i-466ra1n3Tbh4r8eTuNGkPY,Q108003408
i-474HvpA1ND4LbhnYkvxiwU,Q5220195
i-48AqtYkQm7rn9USzASaSM8,Q104048299
i-48YM2b9BJr2htyWEZfcwUL,Q106906810
i-48bPgpGt4oMSMDPZWM69y8,Q105636273
i-49NneHoz93DCgq2dzhP6Gn,Q106224054
i-49ShqpNVqE9Mj1PyubtqSe,Q3515784
i-49wxrLYQpVUaP1HQGn1g3p,Q2152676
i-4A9CR2nc4bk6QWfvH7vEuH,Q104549902
i-4AGuGd38hf4KespK8MYj27,Q107006384
i-4BwLroNj7rxcFTDmwY5kn2,Q106323607
i-4CppSWoBCwEztjhtLaZxaR,Q106323487
i-4EfZwZYPcDqVAtpcDCJzjM,Q105432376
i-4EsxkwwngyfaYkKgEVEGwM,Q17380724
i-4GaPQPN9o2DtPJqk8V2RRe,Q76238419
i-4GpKxxaDYPL8zTYnJ5qrTa,Q17384817
i-4JaESVZ7PJrEMEm1tSderF,Q105620551
i-4LUY2WFbrHNXdXqurbMDvB,Q105037566
i-4RJVSLcF3nMJU7eedc7PSH,Q6175881
i-4SBRhbBz611dxdnMCTF7zj,Q105337210
i-4SWFcm9V5VnDnxkzpCaPXy,Q107258245
i-4SZHDeG2hZDajPY4oRm8bV,Q11856603
i-4TRQBc1LrNtRR6LsG2cKFz,Q106319489
i-4VDyKAbfGyk5dYP2hRbCWd,Q106342386
i-4X7F9gkd9knr8n7ZKuTEt9,Q127688
i-4Z2hKQhRddVgP2niaVrbm3,Q101332452
i-4aGZ3L3M9xF4shrVymXs23,Q17165851
i-4aPM48yGQ361iaSozbN2rM,Q7781631
i-4c3gEuiKHjvByF6d2r7pSQ,Q56856392
i-4c9Asm14jsJHGA4VeKgxVc,Q5559267
i-4dMDRGTmPntuwcs7LN9WhR,Q11860798
i-4daXyaPb4SkVP2g2ReEmWL,Q107323179
i-4hJfZcdKGCaVEoCZoUaDQz,Q104602790
i-4jWtzjmGyp5knhYQSbBe7D,Q17380688
i-4kXkdxF3rVbxcCs8VoMdhA,Q106323478
i-4pNngQyqmP5Kg5wWKeSy3V,Q105943514
i-4prFPBEjPh1Dck1Z3hBCHK,Q106319509
i-4qgpm6mYvkV4M6nEVsNkfh,Q42904200
i-4quLjNLFHWHxz6QFw9C8bN,Q104551851
i-4roc5uHbzAkspAR4dugTxs,Q106239274
i-4tBRiwxoFnwzLd3TCQ26cB,Q17383064
i-4uYMuK2CS64Vd4VXcM41TY,Q11868577
i-4vvviq517v7pCxu8qKbktJ,Q17380646
i-4w4SCjpMTsS82yHL1Xu8jJ,Q107405251
i-4wkWiyCXSJJ4U9FizZzLhw,Q104721219
i-4yJxJNJJ1BwQYoDiqLucKJ,Q5992268
i-4yVsDwH7PWREgHakxAnZUW,Q17380142
i-51zRZGqytYdTUQd2T7oRuC,Q209439
i-52UApv4BWXTp4mFaodcLRw,Q104549865
i-54BETv5DN8FvfS7nZGfZiw,Q203799
i-54SfkVromhfR9VDTNCqXJe,Q4332512
i-54pd7JegkLi7AJ9o4YTfQ2,Q104631447
i-54r13ERSDzuTFF59pPjUaH,Q106239210
i-567gVPjPfpWGN2AoJtRfBW,Q16168683
i-57ViD4iqKfXa8LCTZAUoCd,Q102172709
i-58p2yq1prpUmoBHrSj7Haf,Q100997944
i-59t1pDS3froDd22WYonNXi,Q20736666
i-5CfC1LDFZWPPXweSotWY4z,Q97577422
i-5EWQY4MzankacfQX5u2dhf,Q107012252
i-5EwiiZJg4fayJqXsvpUwen,Q105470739
i-5F8eYxpSorqm3726pUDx7r,Q107968776
i-5HQc6CAQGNSATTKMNeimw8,Q104376668
i-5HpoQg2YEKJzerzk9nBsRS,Q11885957
i-5JD6dgJt9dQKHWWoMp7Z8f,Q104815713
i-5Jviq3qghZ9LsVGzeKvrnJ,Q400223
i-5Kur5pRwoDYFaCowM5g3qa,Q106936650
i-5MPjVAbwqdX7wpyfj7xs8w,Q107172256
i-5PcgiwA1qrtSSB6nygYn7e,Q58073058
i-5Q2w5YAnQMjbk4mGw6uPBA,Q105702511
i-5QyT7ZCgVopTZskW7iy7sW,Q17382239
i-5RucDd1MZYJPEREpx2wcm7,Q107337689
i-5TGtkJ2B6PNt9Twh6nvAo7,Q104578164
i-5TSspidDoU2K2pXp226J2p,Q6005343
i-5UZXZE7AgBvtFPnfZi5mE1,Q11902414
i-5UumNNakiL8LoP3LGakghw,Q106932779
i-5WNBVxJAEr72Fm2qc4LFrJ,Q104627607
i-5WuVXuwKbML14xudb51yD9,Q17380292
i-5X1QYE5wSq1vbEbT9M6276,Q104143752
i-5ahKMDRNdvdeMdezNrmgyx,Q100799960
i-5dPrEEkSz1FYJNh3fKxGLP,Q106323662
i-5eHaLb2EGdmTb7vsazDFDy,Q108082048
i-5eNgUi2sAeHaoks6DnibL3,Q5405068
i-5eevwT5GCkMCS1gcqgfZj7,Q104551874
i-5g8WJnGMjg684X2dzwMr2J,Q11860045
i-5jCKzdcZnraicuizSYLqn8,Q104247447
i-5k9g3BpVLuXcY974wBrJ9i,Q106239253
i-5kBUbZcc9W5nSQxVdQJc7R,Q104588847
i-5mY11xX6ZMjUz2PaHbNRcE,Q104995705
i-5mrB9FPRsk5QE1MSMJGM5v,Q100257960
i-5sfdpqYSfApKoQTFVJRDdT,Q107860644
i-5wGgfoitFJgsHxGLJqKGy6,Q23040453
i-5wKk1hTdoAVXButE7JRL3D,Q64952323
i-5wge6QMG7pAdkdDzz7CEBh,Q17382941
i-5x5MsqkbUXuBNqHADgKPVE,Q11885871
i-61Jz1Z6FGtCX4vUxYn1Rwh,Q107201208
i-62zYc11vmzdw6bHmhWj6xv,Q103893624
i-63KqkF6arwqNKP67oDuFkp,Q106240914
i-65PsEP61dd8KH7gyeVHWxs,Q11865654
i-65m2FMYgRq819LH5pjixSR,Q983185
i-669G58xkbnpQCsVJmoyWfs,Q58072856
i-66ymQwCreeuuTbu7QJYwGA,Q5923749
i-688qkpJ11dghzcz2Rj1Pdy,Q107751309
i-69MYJUh7yg3VUNsWse5CGp,Q105337197
i-6C4mGB67MVbR8ENmP4bBSw,Q106967411
i-6CvfviQxrE8gzQpx2tTXw9,Q11854130
i-6D2GsjXreTSdsxx3MhRbND,Q106766158
i-6DQ2gWnq9MWyAb4m57Z2yL,Q100923107
i-6DuVyuC7kS7QorVNngNDKr,Q23761409
i-6FpU4tS1g54mE21oZxEp2a,Q105636267
i-6G9DjpxbMbfYHpZqppkoPx,Q101063791
i-6GNwMk6f9pw7tuuwdRfG1j,Q104084619
i-6JMZzaoy2STkFfwYc6v1gJ,Q17383987
i-6Jfe7SU8pTvVo7bFTk3ybs,Q105432166
i-6JybuhLJX5Qmzhe4hT7PER,Q106239250
i-6LsjDJLouE7qk6Fkq8dG5i,Q5494968
i-6M2yxGPyaMkNbCjQXWFxZC,Q104627340
i-6QaodWBmrEpquzk5z6vnMq,Q106906807
i-6RRNWfsAtFAXWdUseP8L1A,Q100799795
i-6Rx4DzZ1HhADPNH7Dp7Wbj,Q104551801
i-6SJ36VSykGCui6DgBkXMAq,Q11854144
i-6TCZkDoXEcR3Vy4Jn85179,Q106323484
i-6VyAJEjFPGqiGUkstGADAg,Q106705868
i-6a435wsx4cWSjxtKhsztTp,Q2548588
i-6bp2LCwyEMQVzYLoeWF2Bh,Q104995593
i-6cJ9tYpD4rnGXjRHqAXMfk,Q104550089
i-6cVKRtrRY14WZnaUYWPh2Z,Q58073128
i-6cWDpivCCHx8nsC26q3ZfQ,Q5568264
i-6cguaohonQAAXcVFakM5g1,Q104143737
i-6f9w8zr5djLvQDUEsC1Hgm,Q107172244
i-6fQyo3ybLpsQGfLE4vh9wB,Q107797664
i-6hEw8csrknSfpmAmqBBvBK,Q105751967
i-6iTPdkYY4AY8UDvNKyak3d,Q105432338
i-6mPTi6W3Yx2xNN2gsPwhPU,Q106323440
i-6qhz6MNjaSJf4k4yzP7rko,Q106766182
i-6rnaskjzpKMmf1BKqf1dSH,Q78033717
i-6suuzHSQU6bgefM53wxoHs,Q17383294
i-6uBc5itfkvswdCxwfNnXyC,Q17383673
i-6uGv5Py1DwPoEDrATVCYHQ,Q11860046
i-6wcYti4M8dnHXbFDVXC9t9,Q106967426
i-6wx4tZs3L9ZDfftTDUg18n,Q106906821
i-73c2jZTBUrw8zLaqiXUvcc,Q108003411
i-73dFa8UGNCPz6EYcxu2835,Q3136761
i-75hgaLaGFamv4aEJpbukm5,Q104549861
i-75pSkRZ6BxTGmjSBdZULLB,Q104549968
i-761jFp8QFs1K22nsTyPrT4,Q11853353
i-762s2i38qoq51A37VdxZFK,Q101592349
i-7C59zrm2TZmNPtyGrwq2NH,Q104550039
i-7F4xdWsmn5h2gsuep9xE2v,Q11903167
i-7Fgy1eMvbaMXrGoDJTECv5,Q4063673
i-7FxWCGCiKk7Yh2rkLEFLWs,Q5397177
i-7JJadmn45jdfgAdP5VFGAs,Q105064084
i-7KrXmr4tdja7Jebn558nct,Q105337189
i-7KxQWYRijD5jxcyYeme3uf,Q5784271
i-7LoVr293hXMohtVqM8oqWd,Q104551835
i-7MRs7cG8FJFsYgLLz5KXpv,Q104995689
i-7Mf1FukvWxDMPMyr22NKEd,Q107860638
i-7PQtvWecq1Ua58ZFrCtdTC,Q65230522
i-7RZX2rBfyVw8kirWSuwLb2,Q110322284
i-7SPzgxv8ewS5Hc1tGVg42M,Q105943504
i-7SQ3hodNG3Z6hKJE5kVA7k,Q55229314
i-7V9fMve5YNDUZciwzHQxXy,Q11859971
i-7WDqJ36fmBcNsdEcPvvoFQ,Q4357064
i-7WN4oA9QrB6HTtmiqA8Wao,Q4491017
i-7Wbnu64RFrVsQS3wmgmxW5,Q105069803
i-7Zm9aeNVo34bpWApDSSkmX,Q106543049
i-7ayx42GEfCQ4FXf5XqnXHe,Q5799108
i-7bYbzEpoHYojLQLfN2b2aa,Q105620583
i-7cbszYFhoGcqA6j9sAaTGK,Q107283213
i-7gtxYc7PAsEZ3WK26gsMQF,Q85986829
i-7jLpb1DTcomASwUADLnGHQ,Q98116426
i-7nQwnFEu5Yk3kSApPefrFA,Q11865396
i-7okXPeRPnEwup3QASuUY9C,Q105454409
i-7opW91xqgWY1nubmyDoMYU,Q11873704
i-7pPnGhosJBATKgUE3yEKM6,Q101807788
i-7pvtgkYBj65JtBKz3rwe8c,Q61104466
i-7qwG4w9itd5BWSXBibBhxa,Q11899787
i-7r2DHZ8fkniPeRQbBRGNbv,Q4119026
i-7r77TsZ9KwmhJExgnCC3ao,Q11867648
i-7rB9HBMPLd2PwDYtZ2ti9E,Q106323596
i-7sNfEShKSv93FkVwjokJFc,Q20252423
i-7sU3EJAqpGLKEaXLxNtHt4,Q104550073
i-7suAnQ1yk1z5uZ9tjGZ7cu,Q4129860
i-7tpmaTpqfQz64F9tV4rJwK,Q107994312
i-7txY9TGxvA9452DMrBpy15,Q101184294
i-7uMXAQGFUobfV6rguMPypw,Q106224079
i-7uhhayYnnRhw5eHnoRhghn,Q11857435
i-7vAC7C5Kk5aWg5YhiSZpDB,Q102436273
i-7x5gXVj79xJqm8cJn4jspv,Q61103320
i-7xojrwYzrjfB1sGMS95KXK,Q107968781
i-7yK1RckJEeJLB92G95c3Gp,Q5964066
i-7yLhYQui5h64ArrLmA5HiH,Q104627325
i-7zrSCjdsCXYncQRKdZRTxq,Q11870160
i-81mG7n9PvEMxCHFBNzHxss,Q105432236
i-82D95bTd5ouR2R7mb688Ah,Q106319490
i-841LACBsbRyzoAKcfc9o5p,Q5785113
i-88G2sF2D3mAUmxa3DguhUn,Q105337311
i-88mbe5FKDz8YjRfmAVcP1u,Q107283217
i-88xomuoxptTm5PMhHSyv7n,Q61103340
i-893yjQTkC3raezZozvP5nd,Q11859929
i-89jFrq7FjBEeRhr9LtLkMw,Q103893763
i-8Aw9hmkGUr4yviJqVZp1KP,Q104145188
i-8CWDYcThFfzGbqmvH1qv7L,Q105432328
i-8F6yZ5fv4PsFNEJFKjgVJt,Q105953045
i-8GeeAGsycDjjsoq9W6d6Tc,Q101583718
i-8JRHeBzG9FhLBAfHWFdMKQ,Q17380300
i-8KUwA5NWBtL5TRcnFSuPTv,Q11885598
i-8L8ihSMPg33RVce6ZrdeRn,Q104995620
i-8LkpMrYhYHUCw7RiiDKYqY,Q104602800
i-8MTQrw9VruuDfFMpCcRgfk,Q109826718
i-8MwNLaJBXu8nAdT6Gqr8nk,Q107738934
i-8NLUfeFi4f6dm4dhXM28Dc,Q104551840
i-8Nqw1ci2HJgHqGKyao4gz6,Q17384313
i-8QS8NxWXnYbGNGay7eWUi3,Q61968815
i-8QYakWUV2VeaBeSr6opb8f,Q5773011
i-8TL8oDdwcv5Rfdi8UttB5v,Q3450203
i-8VQqnGNtyopdxzqJosYc5d,Q107860633
i-8WEAdEX6W6PSz4dVAB2q1x,Q2580753
i-8X1nwKUPMKMGEhCaJ33P2G,Q105351030
i-8XNxnftYHEi8sGEojxrwPD,Q5546475
i-8YeEziuDQVwm1GvFzc77Wq,Q105337196
i-8c2MfRHZBR9TdrUpFoRdqL,Q108122292
i-8ddXP3QtPr69f6uYhVcJDQ,Q104627331
i-8eQY6NvFD14t75dYaVoyx,Q106323494
i-8f5tRtT5D15j7HTFKPzTBC,Q103841123
i-8fozU89a5VmbroNCoe3k21,Q105064093
i-8gwhDmAZHjAqSM8hKie1jm,Q107054983
i-8hkRHnwtDoBWMBMtRn1gNb,Q7107462
i-8hwWSt9hLLAoqdEmjNSi6k,Q2484386
i-8jPmu3fvHohUUCeSGkkbXB,Q105045042
i-8n3nuTnzCqgxrCTWwYq1yu,Q20736830
i-8nkrbX44tFwdeyta5p3M66,Q106309490
i-8nqjfZLHyegX2pFxRfwsvf,Q107968777
i-8pxfJdQC3EtDNSKhcsyFq3,Q105920766
i-8qsh7pqC4xy1uzUqXqL4u6,Q105701318
i-8runLzZr3KN4su8JW8fxK8,Q85987828
i-8s1muuYkJkCuHXpZxcYW4y,Q104150529
i-8szEC6gYbh13raoQapiDAe,Q102057607
i-8tpmjoLjCwAvg1Z16Ymcr,Q6234867
i-8vaPG6C2FYVaveHA3TgTDk,Q61102753
i-8xyPjYBT2s12KBdJzhtwhs,Q106223970
i-94rK59UA38i4JL2Sug6o3i,Q104602798
i-95LiWSVCTALqsRCn79kA23,Q5962207
i-95QdUoEJ7M1gg4Cy6d3QMx,Q23698923
i-95kqLStAkf79wjFbzwvEWA,Q17384963
i-96BNtQaSvwr9KuTw3K37Pg,Q105943518
i-96gtHNi3JMykzgJTM4Hx9y,Q107069600
i-977pYss6B2QXmArbdaAc9A,Q104007019
i-985PEcYLDmXuyQ4trfxpn,Q105645349
i-98bUS6KbiDMJMtzt7fuK1Z,Q4355133
i-9BsvhCCbJoxB6QVVgThqkj,Q107968788
i-9D2LibJwPUscnAJfeCAzVY,Q100988079
i-9DtdC6x5pi2pfrUoXBHv3k,Q17382509
i-9Dzc4G9y6rKN78zKhtTiwK,Q104551880
i-9EfV4uzcskNg6eMDJmJWxf,Q101214375
i-9FZDduUZPKfxMMbkLVwAqa,Q107968778
i-9HnBCGhbFTEXk76zm9ALQU,Q64027481
i-9JWwhn8FEqrGcWpcwD2uFj,Q104550386
i-9JYQQJa8gS6udXTpcpAtpY,Q792420
i-9MPizvkX1LoAoUhNc7DgND,Q104413208
i-9MiqEpsW88NKxRdhD585EG,Q106705870
i-9NPbqrVhnEWt9rc4ue6aY7,Q11858495
i-9T67JZDMoYXjzwrS37CBea,Q106319482
i-9TQo34sR4SsRuzb8rTTykD,Q105701085
i-9TS8gGDDuE6YKRByELCps3,Q11864420
i-9TfojbbARyc5sts1fzmS22,Q103841120
i-9WxSZn2XaTPYpzCwu6SqF4,Q107797800
i-9YnqBLMGaHBapiMMXa6o2H,Q100800012
i-9aDbyMZb3HGMW7gsFNVDFf,Q105432288
i-9bXKRcbNZcEMCDoY2xG6Cc,Q105337220
i-9dEtecWrB9KpuBkeP6YcXk,Q6158388
i-9dg76NYKpBg8v4pLegJS4u,Q56061835
i-9eGZuCKQEKyP2g7MzLLqxp,Q102436312
i-9fpoHmFM6CjhEHuaVzbMqT,Q11855015
i-9h6okN8c4Eaw2Pw3PKzSBY,Q17382981
i-9hHPWbbtgznfxec4dGcfyM,Q23698908
i-9jtVjCnqH9JnweAna4Vvxn,Q106323719
i-9ke1vqyxGLfkocb4LBaBab,Q11861838
i-9ny5NiSBTsXytTLwVXN882,Q104235956
i-9o6BZDKt1PPEyqAU5GBdFF,Q106239323
i-9oAGbXKxe5dgbbLMbJ63tk,Q4357216
i-9pashV7KkwGfYg8WYhns6X,Q105045048
i-9thAhg8ZLGWJfcGpsVfS2n,Q106323614
i-9vkyMVcmbACmYXjiobcPPP,Q6232877
i-9vuvSe6iaLrwXwh2hAz1V6,Q106239334
i-9xUHPAc9cf8T1C3qtsfCqM,Q101558683
i-9yCuh5VFC9nkwFCb65mpa1,Q104631384
i-A22VbgnxUPudCU4PsdfXhZ,Q105620413
i-A2GaSvBy1gWZzs8Xge9ifx,Q106812042
i-A2fa7zDugMgoGur3miP6wM,Q106239289
i-A3bUhmmU7zXynBpDrUyQCp,Q101558602
i-A3iNU74qwgCMgUUvCNEK5W,Q17382045
i-AB24JHsfZmbjgiaW1jhHpr,Q106989473
i-ABDvGmsKHsoRMRCJLhfgDu,Q6232872
i-ABLF8gmTUdDY82WDDDAPc5,Q104551848
i-ABctK3KggnFuTKUoTXHBqy,Q105069785
i-ADfVS7eRk52CEC91t8k4DD,Q107994309
i-ADo3dxzyboJHdTWQddKbDD,Q104143749
i-AE2jQwCp42q2H3c7Yw4f16,Q106967415
i-AFemGZFFfQwsEoFgxVNfFY,Q102436290
i-AHE3ySk5hTh2HNnKw9VDUz,Q105454297
i-AJ842ydXS7vgqvEHKBzHhk,Q5478917
i-AJPQWcxL1eHvoEv1DVLV5Y,Q106967420
i-AKsnxsoVapWRnsPiZjSj3K,Q104631373
i-AMw8Mgy5XNirhXZx9dDqkZ,Q106919253
i-ASEDaBg8bCZ47EA2Ncmhc5,Q85986973
i-AVxkEH2ndEP8Y9Rxbhajt3,Q104549905
i-AY3QyG2gGZEVpLWyHUrhbG,Q107069605
i-AYi31TTTpecT6X8KWsTfWs,Q105350977
i-AYiV7HbSDVG5jNgjNsg7Z8,Q107968779
i-AYoxgmS8gHJDiYdTBRU1Bm,Q101084746
i-AZnkerqXAUAGLvKWER21jf,Q11897371
i-AZxxB54asACcX6sEP5PAsm,Q102968763
i-AadCTC2BzQJMamTxWgzfdo,Q6080124
i-AbBzS623kguAxboqvMi468,Q37140464
i-AeAKY6FRuKvjWSGR8TKYMW,Q106773926
i-AeYQdyFLwTn8ciBYDRNroB,Q11850819
i-Ag2dXchos5RbVTmHNpsiNd,Q106766175
i-AgCTsSPCdS4oz5dpEzWJuw,Q106811996
i-AgcEUG25XRCYwbKjGUqhAY,Q109826711
i-Ai2Vxnnt6x7heSv8ZxsABW,Q108043660
i-AoDGaMXUxZPU84yZTfL3Xc,Q104376666
i-AovpAdtzwGCCHia2yCxBFW,Q11861477
i-AqNCzZorQgts4d814jQzws,Q106967469
i-AqV62fLqiqwcHy4Bm1fTdb,Q21558186
i-At8UeWaVLSrVHh5pXGXtHY,Q4520142
i-At9a8ncvtGPg92S7PgB8fA,Q11856628
i-Atxa2Kx8Acoj72bWbshGTU,Q6067133
i-AtzZDHHkMR8JK9m5A1frvF,Q97191820
i-AufWqe4gwH5wra4K3X99qW,Q108146071
i-Aw4gJLPj64MCzSUx8SpjWN,Q20736803
i-Ay8y6qphUDYbXoFXQgQvgE,Q28028856
i-B25euU6eTmVWcf2VC3ZBV6,Q100272554
i-BAU3baAe7zojX4UuSwFbCY,Q105454393
i-BAsdkUAfynNL2Jzg6L3dJP,Q102267270
i-BCmnuEz5aJnzUHzf4jVQdx,Q11860820
i-BEFpWcMG6eSPfMjZfo6dq4,Q108056305
i-BErjhp3tUnzeux36oFRArJ,Q105337332
i-BFXGLL5T7vstV6eAeM3pFC,Q104622031
i-BGAeCdEhEejx8yNT2yysq,Q105663079
i-BKn5P8moHXW7NGJY13Xq5b,Q106766166
i-BM1QN3ZJ5FqkktH9JwVhGK,Q2668824
i-BQTtemhRFxri8bkWA15fpW,Q107012263
i-BS1rKVRVpWVyF8aZNiP25T,Q5484401
i-BThsfEh3vpoxkcnJ81XGHZ,Q105064076
i-BVXDm1b3RxFthPv2nGio2h,Q107337682
i-BZ8i7NmzmpP3su9DMKv4YP,Q5492252
i-BZAwKB57hxWAxUW9igVcyV,Q106896031
i-BZcWSDvtNyyk6RFdnt8wYX,Q101759019
i-BatWG7uNejqjtwBH4edeGU,Q104631352
i-BdcCax9AbjJYKF3SaEwTau,Q5773020
i-BeRvKqtBy9SWuixQwoec6u,Q100799794
i-BgDmVff4RSeFszcVttKU7T,Q101592511
i-BgRe1Jf11YU2kCDyNdfQZu,Q107201195
i-BiLJE3xxrrRCyZeZCQjHcJ,Q105337273
i-BjxmQY1CzA2Wn37fiD1ULi,Q105702517
i-BkfYGrQhuNkoLkYwAJNYb4,Q104172922
i-BoCjzxB1HqWMKLwoKMFc5u,Q107018373
i-BomaSmZdrkS9SfScDXqfPA,Q105037569
i-BrKJnQtih3hhFEfYd26FMg,Q101034212
i-BrZ1PXPwfSSdCK1yGsSzYn,Q23039748
i-BtKC4BiMQJZbVVYnLQwpf7,Q106323602
i-BtSnmoZRRAQCGZifMmfTuu,Q104383009
i-BtkiybKfkP1KVCMNqew6TJ,Q5720633
i-BtyTqDgYHyDR8B3iubyn6A,Q5493382
i-Bw6JVg4K4gVgwPuaUH4W9g,Q107323177
i-ByV3q8UYJxZUcqKajsXRpC,Q107750236
i-BzrNqqibkf4bK5hsMA9r4e,Q105943516
i-C1erW2VL4DDDK4tT3v1qWW,Q107750283
i-C2YSDtx3p1JrB819QRiS7w,Q11866580
i-C3DvrWyQ2EcBDMiprvuVyR,Q106272565
i-C4a3WTXNcs3RVBdmWXkxK,Q105337228
i-C5N8HQPmJLpinDQjyVTdbJ,Q105048330
i-C6EPxSGo8zoNw6eBd9AeNi,Q106812017
i-C7gacFwYKBuChyxT82r3YD,Q11850599
i-C9KYhraNLJSN4TypRVTUUr,Q4355145
i-C9Liy8FfDtnT7havRNLi11,Q2151937
i-C9dmrUvwspHpLHXM6o1jJo,Q5807467
i-CA11FK6DFAdcRD28ckK5f7,Q5780994
i-CAhqDoBcsxJ76kroHgGKnE,Q104143746
i-CBdpqVDCbhmGYHAKYVJWxE,Q58073177
i-CCNrmbC6eeG1mBia8WfLFy,Q85995619
i-CEVumXnsAM6JuerGsXPqM1,Q104550304
i-CFL7Y68fc6XBuSEp4v5zKb,Q105943510
i-CGNfHCSmfYZ4tNvJeVzTTV,Q20736664
i-CHNGvNVciPveECbeViCjMo,Q104550011
i-CHi1dmNTtAJXTkRBi7jcFv,Q108067073
i-CM2N1ripkWqmSaCMrmMPMn,Q11851990
i-CN9ba2YkypvRWcT57zJXWv,Q29419475
i-CRi4mjW1YHACfcQN5mhvhT,Q11289035
i-CUH1897dUXkF8BmavDD7AX,Q106323496
i-CVDaphfMZ6gK7wkELrJyYe,Q11902413
i-Ca2QuiRDT4tckhMQkbSfi1,Q11858511
i-Cc5prx5Y6fGy4RZqhPRyiV,Q105645284
i-CfP1eF37sJ1qKcMK6SnTzr,Q105756265
i-Ch447cysQKzmWCS8pD5SXN,Q107337677
i-ChuomtmkLkdJ7EejCZL8M7,Q11861473
i-CisiTZA8jBe6U9YcQPijf8,Q59656522
i-CmC4bc6fLeNXZGLuA7s28T,Q97194540
i-Co9zWb9dbmqdAqR9Ai1MMM,Q107978487
i-CoMYVcvAbrFUkcyuiLmjQG,Q5408404
i-Coo61MAWDWCSEhiPZdqNyd,Q106945193
i-CpsZQHqcUJ8sJsVExPYDCJ,Q21558202
i-CsR6q8gQ8FuLGMLHgCXMP3,Q30174487
i-Csh2t8e4vQFJ5jd4fGxQUH,Q55395966
i-CtQQMeujQ2FqS3AuwoqMbU,Q11886018
i-Cv9BDDHsNUPXghUwXRjrTE,Q105432181
i-CxC5n56mokAqSKPwqL2VNN,Q11890649
i-CyA98HnR3uENykk8myABmW,Q23698991
i-D1FsfDBmNqCrFh66jtDHKq,Q11856605
i-D1GPM5fGkX12cAZ2QV4vzv,Q56521046
i-D2acnqebDyDVJURxAjB9gQ,Q4527584
i-D2g5wWQiqw9p79PhuHGzim,Q101084740
i-D4E6gAdmGpe5X5b1EYPpiK,Q104550277
i-D6Mi4GWWJsTvqGyurVJi26,Q100323030
i-D711TKU9YcRjKQmWmQGtnW,Q61104721
i-DAswt6RRgwU6zpSfVftUAi,Q105432279
i-DAwXJdCpLgLeKVYt7T9rqv,Q107283219
i-DDHcpPqCSSHpgWZ2afLyzG,Q107201216
i-DDgKtyukp5C3sUFLMZ19u8,Q108122298
i-DFYQrVEmnc2KccuuDpq1ib,Q102057592
i-DGGHbV8Jc5iYsn2a5HmaYT,Q102076980
i-DJWGoTpJ6wbx8LwyyourdQ,Q518896
i-DJayEMtESDA9vaivmbihCb,Q11881761
i-DLrya1y4fvPTxo19ycSwui,Q108056307
i-DMkWg2gYcX75t4EbByUoqv,Q107323187
i-DSET3vjnWX2zKq1Tg2WY8p,Q106323724
i-DSe7Sukmush1y9amrLd4oZ,Q105045041
i-DSjrPP1Ub5W9gAqYsTTrAh,Q100784211
i-DTCBRT9AaMKs7eLkCRmGkS,Q106766161
i-DXP9WxpJAbmvBWP4QoWY25,Q108122287
i-DZJtkrPfWZvk4Ap77q2uxp,Q106989480
i-DdvHcgdBbdRimFMB8LiyD9,Q17381212
i-DeNANhJFvif9NVw93xfYiN,Q17383787
i-DfoBXxWtHB1dPk3VFvEfhi,Q106239204
i-DhkpMWMtWKDEBsxXhj35hc,Q105751964
i-DiMeNaDKYnSXKLwHBuNkPP,Q105454580
i-DiRtoFeWwZgawSF374ZTgV,Q101334101
i-DmWg6kaxRcVGDxey3HZmMC,Q17381729
i-DnEdGep1q7buLQVxHwoV7o,Q42901717
i-DoEwtusnqteK8Q8mNd1ztC,Q11872368
i-DoMTUzhCgrTNgKPPvWAefR,Q3784302
i-DohHxxmYQkejcHDFzK8Xi2,Q105771905
i-DojZ8qEG6LjbJsjZJ6xe4k,Q102436300
i-DowNYFPp5EFuyJj5pim8KZ,Q107405255
i-DpU7gVJYPRauQkC2oTYNZa,Q20900777
i-DsNvcZ4WKjqtgZgVHcTx2o,Q105756272
i-DtHXRURSTfEvE52xc9jSoZ,Q105086423
i-DvsnxJr6R8m8r5wknzUSGc,Q17381872
i-DxNP7TqQrEfxpsG7AMg3V2,Q11854141
i-DyCDPVnVqVgNVuzhR7c5yC,Q105708653
i-Dyoum1uqVHJc4aBfw4FSSa,Q5399732
i-Dz5hAwJyDWqRCY5HYongt,Q11866759
i-Dzo2xTpgSK2hWn5XcoQy3,Q101807585
i-E3msfxTo8TZ2VyeUTvXSUg,Q106342382
i-E449mBU6gv4eXJJwuYXFvG,Q20255738
i-E4eK7REWL1iRG4jFor7gae,Q4200624
i-E4sJZkcvrMxBkmsiZoBAAh,Q61103324
i-E5oLMwDAgUiAxgDEhx1LcY,Q110322268
i-E78eJvBU44BnbTEwUNPTah,Q105432265
i-E78gPFT49CGaUAXe7cfk88,Q108067079
i-E842CxwFnJfAsu59UCBbji,Q5407154
i-E8o2CUgc6j8zTErDbaEDQk,Q104549831
i-EBLg4rQKzZ3b6Eg9w5vKHX,Q108146073
i-EBe5dMDhz6j26QDyaC28kC,Q107018411
i-ECLdY41T941BqZijUjxQun,Q105771897
i-EEDumsMkgt1qv2LRDpuUid,Q5405266
i-EHRMnkSVAPak3672NPWQUt,Q107797659
i-EHtdX5jCKmh1XzVaChg5t7,Q2782527
i-EJMdBVXoPwci3WftmbWBr1,Q11857805
i-ENMjRvMTmj4y4ZKemGmPRi,Q105064090
i-ENeMx6XG6uxkKZ5MuVZMcF,Q26244677
i-EPiSDHWvRjVpP9ZBHuoPLi,Q102046760
i-EQvj9fL5osnqMNoPpVA6wE,Q2782482
i-ER5P4AeGQU1UhNg4KSuGfA,Q105701087
i-ES944pFdPUxvHzos99jxZJ,Q106323444
i-ETQzEcgbBi4s4RJ7ZnfAwr,Q17384883
i-EUNd7pvigVDq2k1buBvxf9,Q495652
i-EVfZBUkzrmkjLRX3mG1o3n,Q6173019
i-EWF5w6W7mNczUrPXBtTG1i,Q104084588
i-EWnS8D5oELrZTGgrDxKuax,Q5618707
i-EYJT4XUYCifxuQgXm8q9GN,Q17380378
i-EYL9UZ7jUiPhk9qT9L4Gma,Q85989506
i-EYejvEUqeCVaatuY2xfRCa,Q20379163
i-EcTftrF95cFGy5fyqKnWGy,Q107750248
i-EdWPU8jZb97Q5NntadXUgh,Q104549953
i-EeTFbyDUFF9QtjjBFNtDQF,Q105701492
i-EebNEN3Fjuqo1eK2rRRv3X,Q54834023
i-Ef7n2WRKmjh7HiBPqvKhX5,Q440166
i-EfMifumtJPzU8j2xQd3Y47,Q63432691
i-EgiNvPcaifKheMGDbyyqWE,Q5737055
i-Eh11pSQN15vwedriURK4FD,Q108122309
i-EhL4uM3sUHy8VUCoYi78as,Q108082124
i-EjTKe45emsM1M3iEM1jsbD,Q17382618
i-EkbZcKC1cxicmSNQdsofep,Q23870436
i-EkuqrxiDLYkN7w8kVEcEKx,Q106319501
i-EmUBxcMYc8BmU1uL3QdD4q,Q101423239
i-EmqNER47i1Nu1rJadKyiQw,Q5625521
i-EofqyGpvHy8k9NzSeJtd6F,Q4355896
i-EofzZMtc7bHkYrk1DMbcJM,Q5955067
i-Eoh6go1r2gZUEHoWkD2wZf,Q5603762
i-EqxJvEcFn3pmNPchjvzb9a,Q106224091
i-EqzRL2mm1ffjLRp6RzH1bh,Q101243566
i-Er4VowqzqJZ3N91FX97xSr,Q104176927
i-ErefsCL6f7Lvk9iUbkZtPZ,Q105943506
i-EtfZRTD4CYaExbGTg6UBjx,Q11887132
i-EubGaC45XvL4c18F6U6mCD,Q102355437
i-EucvstvmVvA33AJNrw2FH5,Q106481508
i-EuoJ16TMvdtrax3gfPLFLG,Q105432156
i-Ev9rwChsySU6VMfbevkpjp,Q6181110
i-EyCwcgnc6m1fa5U2bKaFXx,Q3101847
i-F1sBJexePgLzems1trqV2A,Q106919282
i-F2TqnhZABMnKRLA6m3Wt9s,Q106967408
i-F2za3adppYaQeFqUUwomi1,Q104602792
i-F3aUsRbXiCkZyhMHWkHLbZ,Q105629755
i-F41ncMNAehsDceiFfh8xWG,Q90544803
i-F5fPeiDWjze3RMUqb48JRf,Q107860689
i-F6idYyLQmoLSLW2mo8tU2b,Q11881716
i-F8bLJJfdbZyEs3H1C5kMAw,Q107323176
i-F93JWBjLggDZB1c6SHCsfb,Q4357279
i-F9Uan6uDi3gGTXa1Gcn5Aj,Q104176923
i-F9jojaLUQpfPMBudiTYBw,Q108003420
i-F9qTUwqs1ymrnF4gMnMsBr,Q11852778
i-FAdnQV2mavJ2UwNm5JjbBX,Q104246707
i-FDszLxa7n18J7pGWoaPo61,Q106766167
i-FGXsDXPGYxh7QuVwHKESrf,Q26244676
i-FGZtsFCfw113CzEnLXSp3t,Q105702528
i-FJYWThSR2FXXQsLLsRCnTT,Q107750261
i-FJzRBuP188MmWa7nk6o4Vb,Q5772190
i-FLU4GzhfjqaiKp3BXLwdWL,Q105432371
i-FNPPwEod1e3taFV6aqGkL,Q11868157
i-FQGo7QA6JPdubg7BeeeYGF,Q106323625
i-FRTXNM8bWSfv4EVgWqYu9h,Q103893813
i-FRViuuMu59HXvcduvR4JJb,Q104627328
i-FTpJmcFyji4ABCWHY7yDso,Q20254188
i-FUnhftNVyCFbh9ftx4agbz,Q105756020
i-FXUQh967xLRCogeTYmdrCW,Q20736650
i-FXge12HBsdn8k5HAufzWpc,Q16161750
i-FYbSvFu4rVek9C99uESHpF,Q100272570
i-FYjmCyuWucvpTGy2QzWpoP,Q11859009
i-FaKMEEfi3TMUuBz9Mb4reR,Q104551827
i-Fbfm1HbZePHYVTAZTJf59L,Q104995579
i-FcbLaSzYMyza1vG8PnY8hk,Q11855085
i-FcnE7JqpsivtwiXQm29xQS,Q107012257
i-Fd7mqD67aGjCuWx3jSHA1C,Q91313272
i-FdRfUaAkk5CYpd9Du8pbGa,Q4405514
i-FeaexDXFvKCbfhp6jTXNbe,Q104765569
i-FfS48taDhdyhLbaL7izam6,Q11902416
i-FfVRGMNn5KRqwAWb2KstnH,Q11859977
i-Fhpw6o7Qy1YaRxYQmNUM8W,Q105663134
i-Figg8qYJUVdtKgrJaCVJ3y,Q106323603
i-FiibtiyGJPryBr7nBGLj5b,Q106319511
i-Fiig8BDMNpZQK8Za9ST51D,Q108122304
i-FjKyUtcoFwK8FSRaLwa4qr,Q85980548
i-FnbEx9QPcybRj3CQyvdiaM,Q106906800
i-Fnc3xqQ6Yw1weZo5vTRsDX,Q105629998
i-Fqvx5ooU2nKu7WppxfCNor,Q17380340
i-Fw8FPwmDv3ESpXNhmXoZYU,Q24018868
i-FxU6UzwNGq6us5QcQFzcHh,Q108003418
i-G3GyWSwuFaxKNReYYXx1r5,Q107797702
i-G4Kxx8in9vUPtEQxcVFHyA,Q17381860
i-G4Mx6CSAhZT1Ty3hcwy1We,Q62128099
i-G4NdDEqVRioq48p7EQbaeR,Q107012251
i-G4QdecQ6MsXD7WEhcFNK5v,Q106967477
i-G57bpc4f6Fu1svLLXDpNcx,Q17384892
i-G6WXvp4m8PJWEz8kHykewM,Q11860035
i-G6iwQxbYxHRYyueS8LfTsP,Q100898575
i-G7hzwEaQa2dTy17bhDocu2,Q107439749
i-G7pBqgMojRr9AymmEtQzEN,Q2679655
i-G84CpMDMjw6dbrVWopd4X7,Q11852900
i-G8yreya82bfWU9dcq1F8hx,Q106812047
i-GAtn7bERdoirMx4xRthNqz,Q11853366
i-GB2XZda45FyKVanRwMkJ38,Q28720778
i-GC4iKVSUKy4zqrxEso8fJC,Q7109889
i-GEJW1X9fTb76RGrRQT1Xr5,Q5494244
i-GGBAD7iX8fRMidLfwkuf4H,Q102436260
i-GL42zd2qVjzLjjZ4FhqajZ,Q5581985
i-GMQsuhSAwWd986Q51uYDSu,Q105620569
i-GMRQkmLRCx39JoBJgBC7j4,Q108043655
i-GMfCWWEUuVeJEHKYgMeo6H,Q106811980
i-GPf3EjMoWsMbpy1SvvWd7X,Q85990722
i-GQv8Naq61LAD3azXZwqehT,Q601146
i-GR25tN5vpHqsQL2THp5BzR,Q921355
i-GT6FgM35BjNdFMXCWWyyuA,Q16158900
i-GVT7x8Nt5F7JZsu1Dte2fk,Q108122284
i-GVmiogSqRJqrVWCPcrDgDe,Q108067084
i-GWGMuHZpB7JtXsedCoRVmg,Q106481509
i-GWf6xVqXjhgG51RMmFS2pe,Q104663900
i-GZK5EtQ9raxhJ5fcGEcbgj,Q105751952
i-GZgKPbnkv98wL3MUuWBgcT,Q104378293
i-Ga4zhpKhZgMrwW6CEFhPKo,Q6068009
i-GaNJg5yyoLLZFLXLT5DqzS,Q105756267
i-GaVrP4AKzmi3hsgi9BrLwo,Q5792038
i-GeYLFa2rDbdF171XpfngZK,Q4307524
i-GoAtGw3V5JQjMdAfdcsfof,Q28356840
i-GoJDCrdgd2qZy1f7rkMH7N,Q107337685
i-GoQD4F6MiFcS9Vsdx3gqMW,Q102667808
i-GqbRjbz9VGGWeqAzt5MnHd,Q106766146
i-Gs6f3qia8y8TrjE6nzWpMi,Q107006388
i-GsTBuxn4gzdp2YPxq2CF9t,Q4357869
i-GsoLcP1UNjtUTBtjxzkkTU,Q105351022
i-Gszfg34rDxE1wvwMWnuEcr,Q692383
i-GtHU82sNyMBmYF9LF32Xqb,Q105069786
i-Gu51hjRVWb7M565rBVU8jz,Q29021099
i-GvRx6Whoyo7iPDLJ6uwURb,Q2271104
i-Gvbqi1rEyeoC3MYzScNFvG,Q107400160
i-GzpPNMDrZaojKzMHrH7hRL,Q669193
i-H2tWZRuEZ8bzGbjzhmGuxp,Q5931804
i-H5j7JEfNpcffScykfd1hcQ,Q18633458
i-H8yQTopN8aD4jQGED8XKHZ,Q104621945
i-H9cZ6VmKS5CfdGexv8Ug5L,Q105751916
i-H9suhRqqUHcPS6rkKze2ao,Q108122307
i-HAkXw2e7ETu7AUjeewEWfr,Q11884211
i-HCsDZ4jw1CfzTFHQ59MHas,Q105454349
i-HCzKggNUcwH4QKEnXcArFk,Q106323629
i-HDS4uGheZUgKFGSypVuhj7,Q106811986
i-HFSaJChwMy6H3kcVHoj1mX,Q94388182
i-HGkvq3faHKCS2q8w4Fwvdd,Q105045039
i-HHaCYxvtqi5749rN5jgDix,Q103505754
i-HL3yrDjwhm33a2RNeSZtne,Q106323495
i-HMYu9fE5ywoYGF6TqvESdP,Q5581971
i-HRxMK8De5zRSBaXaaruAMN,Q17380470
i-HUvuQRnpDN1nYgahrKQD5D,Q101084745
i-HWyWGu6Fv6nhg9UH8FNaf3,Q106613408
i-HXHqd4QRn3AfHgeruW7D3w,Q11865437
i-HaR8EnfKL5psLJsjZDeZ8o,Q108043645
i-HbssPjwFZEsothhGDbLv7,Q101069591
i-Hc9XMkGEjEESuFdWzXy4JT,Q11865436
i-HfEbbpVpEUS7EMymsy7tc6,Q5609964
i-HfV2z1pgrdiYTpNNDCAW2e,Q4118893
i-HfWfActQe9KZ2kYVzhw5Bm,Q105086430
i-Hfckxq71YhMkaNT4Y6ZYF7,Q102203709
i-HgEbezgGdxazEcJNm1Kus4,Q102182354
i-HgqPynBUu2U3dYH95SV9vJ,Q28357018
i-HhpcZwrh13UfQgSjC4pfMf,Q17380426
i-HjfmDsS4k6Zju4rc3Q8bpb,Q100852046
i-HjwH6PdtQ6PYxtY2MfXSKE,Q90541026
i-HmF96RYdQTCuQ9kU2oPUsj,Q17380374
i-HnA4L1LyxqEtV2ftM8MCTj,Q65229404
i-HnTvUq9KxeheQ7d8MXETyv,Q107086202
i-HrCdohmsxB2j5RtBj33hSU,Q3195304
i-HrQR6nbHQayyFAXaYKpTtt,Q102322869
i-Hsg38DD9aZavnt2BE6R92w,Q108082107
i-Hsgr383t4iizpwWFP77NxX,Q18688429
i-HtHJenXjZuoKxjoyEuKrvm,Q4241668
i-HthP1vw6jGWu3H5SEMkYN1,Q106323516
i-Hu2e8ZPjtEELuyw3zphhJJ,Q106323645
i-Hv6XAG6mPv5vY2zxYJf3BD,Q105771893
i-J1rpecNsAtKm6tYwewGWk,Q11856576
i-J2CszrE3gkUiAQ8Qt52mWd,Q17382937
i-J2oB12cTydw9DLfUm3uYBN,Q106239197
i-J3fSiozzccqG1AT1cQ8Aae,Q105645218
i-J4VesWHSy7vjipBi6XD4Hw,Q106239312
i-J5WH196kdgSnwBG62938mv,Q98414082
i-J6f1ZajyjyZvcuocyejwtK,Q107303731
i-J6zP3X9ccdcPDSdoJRRzLX,Q58072830
i-J8B16Dk9GrSwVz9Qn7hcF8,Q106272576
i-J8C9bmCMAhFzRdviTnCDsy,Q105629703
i-J9QVP868kjoy9GpwvRxM2v,Q107172252
i-JAJQRTmdwNUqKSNrqbGWKb,Q42904345
i-JB2EsLBcC9n5Td2DE3r77T,Q105645248
i-JEDCGCYNPMtpoaP1QDkcud,Q11862340
i-JFCH6e9PsE1w8HHWkxDkhR,Q69468961
i-JFFd4ZuB8jwp2b9revhQqt,Q106239258
i-JJwVm2LBGhA6k7954SE3XD,Q105337243
i-JKVAucqD9tvQTcqDpsb4wn,Q107978496
i-JLC3dWijsXJedeNJ5t2xMn,Q105751957
i-JLVEWZVW7vdzY5LFjxXNt5,Q106319464
i-JLX8xK6Rhi1zuYvtz9WxNx,Q20736663
i-JLhdLsZs2MNDSATAo2JvYL,Q11894421
i-JPKMUNXGToiyyGFt7J2Knp,Q5404771
i-JPgqwrJYXYk9RJAGN3E3U7,Q105771899
i-JQBLQvmLyE7C7HqEFYRN2A,Q107797669
i-JRT7uq362xVDYXbB8aKrMc,Q101558567
i-JRuabJufBV6PK6Ww9smaZ3,Q107400157
i-JS46V6rNtkSEGJw4cigY71,Q5614831
i-JV9GcFpgHeXSPNGcRYrcPP,Q105432305
i-JXJu1gWaQyBLga9dujyF2Y,Q106817475
i-JYV4L97nkaAD1tqh4XNee,Q102172605
i-JZaNWk9mXgapfbJ3qZXW6E,Q105645203
i-JZswQyxJgdrC7mcS7qxnaV,Q17383608
i-Jb1piYueDy1c7zSurU9JhS,Q110322285
i-Jb74Z384UveFVagrdpb7Gu,Q106812053
i-JeJUuLsx1ADgfUq4qMkAyZ,Q6040815
i-Jg8vmt5AqUzNo3Zv1vSBBi,Q104551793
i-JhDuntY2zU3AnBWPkuoxUr,Q104622523
i-JkSp1eWyNE5yJ7KqvQ1bNE,Q106224074
i-JouMnc29yqszZkV4fw6wdz,Q105771903
i-JpZo7AviDFXB9nUQMjepfA,Q18688521
i-Jpuf6uwWSfZ9YPNHDMSrMt,Q104143753
i-JqpXh8xNJT9XiVtd4V9P5F,Q107968784
i-Jr2SFQgBkXgyjAF3xM224e,Q101413585
i-Jr5yhF57YXXUeEBRX4X7ry,Q105636269
i-JtwzCWzfXqxrEiL7KTkrfY,Q5405284
i-Jw2DmFYzCwcZKdAPeUKz7t,Q106613391
i-JwTjoz93HVQHyRNS5qpK9c,Q106239295
i-JwZs6TyeLcz34Vcak5vDpF,Q17382216
i-Jx18MvGDAsWpLispqXsDvN,Q60482938
i-JzQyA5cExy8sPWRDBUypL9,Q104383016
i-K2JJZuWLxCRWCMyDuHPCrH,Q6673487
i-K5hPwdCSPc1g8TMBGcdSCj,Q85979311
i-KBFgvwgJvVUJQsXSYrfogH,Q17383863
i-KBRhFpxQ7JaxtdN7vnuj2r,Q17382357
i-KBYPaBJocZ9gbzQEGT2Xyq,Q105620539
i-KBo1wGumzvige3fKvvL6Ad,Q105086436
i-KCCsfGqPw6fxcvH1WdRibJ,Q106319465
i-KCWHHiMpyLd9LgBgzksu28,Q106812004
i-KDkAw6MJH2W79wd7auFFmc,Q51136666
i-KEH715U4Y1bzNSfLtCZFuv,Q7094392
i-KGaDYg8SvhTQwWAdJXsgTo,Q105951055
i-KHiayBK11WrtpMd7gYcFdd,Q100964971
i-KJ7UGZkiLr2SVvK6VAmww7,Q108003424
i-KJqM4wnygHX4r49KxPJzSp,Q105620414
i-KLfq6uJD2dXER75p7KmAih,Q104995643
i-KMybxddpRTDXE79ZmgAnee,Q6097531
i-KNCVkqasjV7R2ZyH3Yotmf,Q107860706
i-KQxKFWq81XxtmGUs1mvL4r,Q106342362
i-KS7S4UcDzhQZZapbE1UVxh,Q105701078
i-KSodbRwY6NwA3H7C4ZjcDU,Q101583769
i-KSwyQA3Qqn4zEnSkGR2MwP,Q85990891
i-KT9fa2ehNHWytc91mC68Ag,Q28055991
i-KVU77rhWXo9aDLh2ZiPF6L,Q11902249
i-KVhhqWgv5athrCNYRVhUH5,Q106323486
i-KX5eghvP7SMb85LhbRmnGV,Q107172255
i-KXaaRpC72pNJUchqW1VYda,Q11862333
i-KZXidz1Yd5JGAVXfe6RfyA,Q105454545
i-KaGZSH7hSfwSGkfQgkLx9d,Q6235673
i-Kb8kygLcTxaqvRSfa3xqV4,Q106945190
i-Kcb1kFVpQpDq61XMj9K7iG,Q105337292
i-Kd8zusWUpTsYTGb1YUR4He,Q106323650
i-KfXYoPpMWP1s6ooNkxKCr5,Q105955066
i-KqWScvn4zdPpH9UqTYKQ8U,Q5931795
i-KsLWXt96o6G3c9qu9e3nSH,Q17382649
i-Ksviw3T6GsJxfgx6Ggd119,Q106705866
i-KuQLHkqt3cejKTyvvNYzpK,Q105620577
i-KuRhzNsx46gnkh5bRQzgZF,Q5499534
i-KuoWWMCGcGasD8NaD69C4c,Q106766179
i-Kus6bVi2TaGnJ2PW3eiN7H,Q108003416
i-KvF36mMpu9ZuCa6R3AoUy7,Q101243567
i-KvfDtT3CDx7CE8XmxRCDRi,Q106323474
i-KxTPNsdvaDSQXea4wDGU8f,Q102172744
i-L1KJ3WtZLgoZjfPp7unfjv,Q109826726
i-L2BLKXDd3w8s4qqNPwAExg,Q105629732
i-L2dfSVdC9KhQSTQd28TwV2,Q107994313
i-L5ZARSz8GnJB3juLAWJzKY,Q3193368
i-L98MJsiU1VuK4KecAX584L,Q104721221
i-L9kZxLhWCuQyLqDdMjfmwo,Q3375796
i-LA35x1Y7XM3uhT1r9Nc2oy,Q105751921
i-LBgUfgHuPnnZdDar6ZUzhW,Q106773908
i-LCk7nVEL2LauAF4kV4yAdD,Q106323610
i-LDGNo6A9qwe5v3RvKjqA32,Q107337643
i-LEMEoacBNp84qL8VqhrH4x,Q104596836
i-LENzLHnC9MzYZ4becot1Yi,Q23040901
i-LEp8fNXd1AnZzt4ZAiZeos,Q108067063
i-LMEScfuydVjqcwbYGSxdsR,Q104551807
i-LNeAt3ynhMRqUa1ahgphLr,Q5614505
i-LPSNw3P3JYfMofPLqXC3FU,Q105946641
i-LTLtGArV54n8xN9SzsYhCh,Q17383421
i-LXEKkbJV1hNyAnsc347hp7,Q106817448
i-LXeKqcnhWJRPyVB2hLU94o,Q104995605
i-LYpQPnAEvBHwxddcikgnNW,Q56403428
i-LZXLoYezcMtCGAhcNkmmmM,Q107978468
i-La7UQC3cRq7vS9HSMAPZiz,Q333202
i-LauGkBXyoLDjzoszXZ721Q,Q105629779
i-LcQBzSAGk6cyBWQVg2HXQQ,Q61103306
i-LccoceJBCqoQP5iE7k45vu,Q104246766
i-Lch3o2YJ8cMMwJUB46sQcL,Q58073019
i-Lejo7aaUSkc6PuVVEFSNg9,Q107054990
i-LfjijKcu6wrjy8uVqHyVJp,Q106239181
i-LgZQWS4zG1x9kqYzpyaYDt,Q107400155
i-Lh2ZkUZd9AHu99nWtfbihe,Q17382504
i-LhNeaJMK2rPRdMfEm4W2yR,Q2605536
i-Lk27AXaL7fVVebyiYHtGJy,Q91313292
i-LmMgV7SdqVNZjRdPMKRJ7T,Q106239201
i-LnkkcfDXzRGTPBMLXcE91Q,Q104627334
i-LntY6DwLWnbrXMVX8nJS29,Q28055994
i-Lr5AdF1qhHs7ZqC317dwPC,Q105337241
i-LsH6GcJdCwFLL56qN5DzDX,Q104188739
i-LszJ9La6sjSXEUGEBJttyo,Q5478877
i-LszmzSyrMUQRmpWjdTrzZk,Q105620614
i-LuXf1BCe2pSWk9pv4PMhNL,Q11850401
i-LvcfwaY7wAS1Kma1uB6ek3,Q106766144
i-LworoXnhdkkqSH2e65xuXx,Q15528987
i-LxagQossAJBCsTviBZ67Ld,Q105946638
i-Lyo8fpiixdh58SbJEgfmjR,Q107738938
i-LzdgEat3rhCADgx5cR1LSS,Q108067057
i-M1GkpKKam2WhRvDxjE48Yx,Q5560067
i-M1dRDrHkNpb4p39e5pVUGD,Q106766173
i-M2RVvJD7jgP4UzUVxXoUL5,Q106766155
i-M3vdGvw9iDEMvMQ8z7ckwG,Q5973556
i-M8GjBiWjFex38AaKPzEaZj,Q102667659
i-M8vPca9XvnkuhF7z5k9Ho4,Q92752043
i-M9GEjZeNs7B27BfEGmJYSN,Q105751906
i-MBAhp3QGsu4xyQ6tjvHiC7,Q100784624
i-MDfAM83g7G9zW98usAVuS1,Q5979967
i-ME6jgSLdkwbzPDF9maty1N,Q107978476
i-MEoY3ZYgtDsM2D23r4yfXX,Q5405855
i-MFBL7XnrdB4HHfQL2ffF6i,Q108043642
i-MFtm1KTTmksUypGZFKkvkP,Q5438851
i-MMYT7XLX6YPQ7PudpmVcPj,Q97340754
i-MMyFhhMEvCjmcwSBsfMJk1,Q93261828
i-MNNdb5hx4FpNXw9RbRm64,Q104549842
i-MNyNttGEs2xVMSxNfSviJD,Q106323467
i-MP8tCuyCgGu6j7iyfmn1Hs,Q105470731
i-MPFwM3Xim9Zw7dhhTecn4W,Q34877449
i-MQLhdYxVRGzFNC1bGzR64p,Q107054972
i-MT4FXbmfE3E8zXeKT2YLpS,Q17381093
i-MTVnejidR78VGkqvg6x5Qp,Q108043658
i-MXYA6mu4YEKfDVYKu42SUN,Q106239316
i-MZfMSqHz9EQfVMc733DtHZ,Q16160914
i-MZjGSV6EaQrvUyQv5EbDi,Q65229155
i-MZsPVQ9dMC8ZHTgrVyD83w,Q16737287
i-MZzLK6ceKqS79rLo8ueo9E,Q106241039
i-MbQvVcF8hxDj9Gh7nNodQi,Q105620615
i-Mdt7zZSbuqudjxnT1UcWMu,Q106323445
i-Mn3ZFywZU8ZfJcVx8DUemL,Q11855007
i-ModpSX4t69XxAKF7ekgvVg,Q85990242
i-MogwxPPyotmdVHPokgUn5V,Q105751971
i-MpSvLbSBufpP72uqPvupgE,Q104550153
i-MpYr5qap95o2iCMfyBRiYr,Q106323609
i-MsAZiKUoJpJxkiXUKdN7nN,Q11850593
i-MujcqCg7h5ho8MapFbhqsZ,Q106967413
i-Mv8LxUWcA6ScC4mGxxYUCF,Q109774866
i-Mv9xYt1oFBbC68U2iqevMq,Q105069794
i-Mx8rT8cEuAAhv39T79k9Lo,Q105751922
i-Mz9aBz5SdW9X6Q9PVDD5SJ,Q106223936
i-MzVQxM4xkNeBUq7eq6vH9k,Q65229159
i-N2PwTvXjXUdT9dRHeMawYq,Q5572052
i-N2Z97XeDoEhoXqMP1Yb91f,Q105751892
i-N4Kj7XJKByKctvmiVZHuWm,Q5797587
i-NAH7vpemmxvbjxdoZq9z1P,Q104549898
i-NAuZTui4bievWP5oqZC398,Q105432396
i-NBh89WjkAAKD9CCqxkG37S,Q5797598
i-NBjMz9hr6symL5rEHweJfZ,Q106812011
i-NCkfpUwoqABjXwqK5aXbJ7,Q105454264
i-NDDsvs2KPqUENDma8QUX7J,Q5973883
i-NDu3XB3xk3uT4c2LFvLbZz,Q20251380
i-NHKgqZ5VCJGJQMeRSrTD6B,Q26270051
i-NKUVrN6kypayREU1YSXp1x,Q107750242
i-NKaswFdK23mmSjbg8MMacH,Q105620591
i-NNUNTXzUgmd3vM5ymCgTek,Q108067086
i-NPH1o1xeorDHN3soPCbMv8,Q6210840
i-NQLXuNv2TZG5tDydaVXrk2,Q81804616
i-NRTTLGWR9xV953dyx3Cmix,Q11898647
i-NT9DfbhMZGzqHNjgL2hXP8,Q107860636
i-NUC4AmXjZ5KaMtPNfqBxhQ,Q106240876
i-NUWvTeBf7cVPTJBMAB6Ecj,Q104550266
i-NUn9oiVKe8AEJreEd28SPr,Q107172250
i-NVSSVqMqZbW5m9b6RM76L8,Q105337342
i-NVyXtQG4ngA5GXmvPaY9YJ,Q106323615
i-NWfTGCDhbu3vNXABaUGgJX,Q106906815
i-NXVEJeG8exDqKdqBDPeqwV,Q104588882
i-NZKAm3ErTL9hjBC4SPLuqU,Q5581958
i-NbLP2Nt1pfin8JxryLMYRd,Q105751890
i-NbSptXiZKGLtChSMzVsm4n,Q104899489
i-NcxEYLNAvK4g34toLZ9Xmy,Q110322644
i-Nh9zLKZnLGy4jBe4znCjG3,Q104235951
i-NhJsA3ABbAMLYTMuFqgSpb,Q11867558
i-Ni6TkJz5gHK9gkCs1fQnPw,Q11858309
i-Ni7ZXhkyXJkTLKyP27EfJg,Q106309495
i-NkQqrLFDbfL6PHpgSiTkBZ,Q87711793
i-NopaF9v8qja8LhSbbnnb2M,Q11869433
i-NpQ4pik31NjbjFQK1eTY2D,Q11856443
i-NphcP16j5qu5ntda7ML8DP,Q17381716
i-NqCyztYxbvpx95V4SwQ6nX,Q106936698
i-NsHXM2LemEn2bjvkhHbwra,Q102355451
i-NtosEyycMypJu45DLSKt8a,Q11891143
i-NwG25Q1tZQAtUqrP7VkCNr,Q20736826
i-NwgjBH8eQNFcHLKVJ2kSzp,Q61103095
i-NxYVE3KzeNrGHSJrekxTNq,Q391176
i-P1yFwRyuDa5Fsq2kN6tcBh,Q106323488
i-P2TB7uqML45WSXmGGyBpbS,Q93261832
i-P46k6zjdqv1UvTq7vDZKhg,Q27069016
i-P5da9MFNVQpRhU72ekmUz2,Q102291355
i-P5yxBbcUYC7ESsTCmTiwPG,Q106323663
i-P68mLaom1qo4nAwfyux1WP,Q28357030
i-P8ZyisnHJoEetVdab3w2LR,Q106239220
i-PGPnV8fzHG46P1xAtDeX6J,Q108067061
i-PHhNjXUhesTG1v74LgJRHM,Q85995804
i-PJNZ42wbWSKxA8Fx3hejJx,Q106319475
i-PJieNR5tUWvJeBkxF7Dr9F,Q106272574
i-PLyPRr4UAy58WNh8KVMjYT,Q5720008
i-PNmHnqPyRhVYDfz1Hy5FYA,Q106989471
i-PNuNCbEDkNbdhUFXgRbJsz,Q11850785
i-PQT9K9ugXfybjCdmJX2bbf,Q107258246
i-PSxzUhNbXQgjwkYXdXsr9W,Q107258244
i-PUGEJH9kXtM6B1imKCMoex,Q11866713
i-PVaivFSAuPU2ijJgx7Qfen,Q106272578
i-PX1FwcYEjVrTLmnqUwwqS9,Q13586011
i-PYQaaQwp6fww67Sfuv5pS2,Q17382782
i-PYWvB334yLWEhtwkxgXUPF,Q105432364
i-PakNJPLNiG83PD1Hqsszw6,Q2580737
i-Pcaa9EgdyNW1ATcp1he7Tu,Q11859185
i-PekxKWsZ4bgFrbFj9LrEem,Q106967475
i-PfNDvdPUw3V2yuQ3zFXWwn,Q106223979
i-PgAMU6BqG36U1C18dfRoTQ,Q11860085
i-PgP4VQLBSWeqNWkwt4rYeN,Q105756269
i-Pn84JtGdutpdSwxbgQUoER,Q105454605
i-Po86c6SzZBrRp2cXNt7vbS,Q105337195
i-PsebhHbMPp7TojDsoDt1hW,Q1974329
i-PsuoFALePn9dpFRG2m5nm8,Q5401177
i-PtuyxaDFzQJ2vXUDYSKW5C,Q103337992
i-Pvw9EBwj6b461Z2NzQEMrw,Q5473885
i-PwYmt66Muuq6LCAKqgJ6bg,Q11866656
i-Pwjr6vGBf5sGMw2BtNjBMH,Q11856627
i-Px3G8v88wqcrbZDDAeY4bn,Q104172923
i-PxM4zoed54FM2xN5phWky8,Q101184260
i-PymBN8Lia6PetBUJoeuz2t,Q107337649
i-PyyELpiiVyvdj4dMGXBMfd,Q20251422
i-PzVQ4YLaWeM7pNS6Ys5uUd,Q106967418
i-Q1N8PN7b15c7kKuCCwqBkf,Q11850636
i-Q1ibeZgVwdgK9awDnvXcF6,Q85979430
i-Q21ZTbWmznLGQxXvyNXGvX,Q107798065
i-Q5EydXH8qjLRMePzsPkUGU,Q106323718
i-Q6qBz6peRTuLmwUG9fGTUi,Q98457184
i-Q95QFncTZFNWLCngcWrEbX,Q107172247
i-QBzR9quZuLUvCqxCppFswG,Q105756258
i-QC5Cyy3W7sCFLULXRbi4Rm,Q100784583
i-QCMogBudzNTMKFVRyUTu7u,Q106309501
i-QEY8yLYiTTD8YcFBZFzwF5,Q106323598
i-QEfPLQGwwVw7e6SHKhBgS7,Q11860381
i-QFtRtd5gpiAbTC23qvFAwg,Q102322728
i-QGPtDAH1rAzUX1zyuF6Zjh,Q105077447
i-QHeFmPFqTzUKYegijGeky4,Q104413212
i-QJ1ZkTV7SwMpxh2ZB1Guar,Q106239284
i-QMgGCwPHvJ4CXVz7N7KJek,Q101009349
i-QNhMBum6ExbBrKvo7ygXjB,Q102046756
i-QP5DJLaZH6HrKA2LVXwim9,Q104588874
i-QPoFfjW9PNsnWHP2wwCzA3,Q107086197
i-QQ7rzMcvpGv1RunkkD3Hgv,Q704066
i-QQY41pDJEC5sc6i2RxR4Hf,Q105077448
i-QSofAA7uWWcxZqxLFXBh9g,Q107978472
i-QVrcwFYjcxwn93KdWmPBk3,Q5889518
i-QWKeMQ8ikAFs3HUhpwcTcY,Q104550083
i-QWtmceu5tuL6iNKSbdGPzi,Q63275073
i-QXBKraZHyPiE9z35xJ7hrQ,Q11881564
i-QYn16ak5qeRq4d9Vrw4qd4,Q23039688
i-QYxULRmLP8R5DCtgrjvZn8,Q104602796
i-QaTCTm7zbJdPwtSKAQ6xKM,Q105337338
i-QcNomwuvdVFymGu4tEokDW,Q107750239
i-QhncDJ9GjFzajpogRjMHPM,Q105629715
i-QkiuvQensCpwWyAWks6NUq,Q108056302
i-QmDvF6akeQRHNrBxFgwyU3,Q11852102
i-Qnp6pqgLniPF2sFKE6V5wi,Q17382325
i-QnztxA9UA85K7Pcdod4AWL,Q6068615
i-QqBB3xoTfxVdjYr5NQonYt,Q106967467
i-QsddKiAiTQrxhHXVtrHq6U,Q11850688
i-QskzHhWrhp8unnoSpbaboW,Q55395708
i-QtRE4wiVPvYZD95obdru7G,Q20255349
i-Quofg7cvFSNhUVrVFqCsCJ,Q17384649
i-QvZND5bsUMbLd5okrAcPB4,Q106323634
i-QvmSKDnRAtXr4Y5xFUdyFL,Q4412255
i-QwYQDZHC3TqUfTjTHbxuTf,Q101423242
i-QwcTLbpo4YVwryjr1GArpy,Q104145191
i-Qwef1SgV2CKvjcNDkxWaLb,Q58072956
i-QyPgAFSeFwkAKAaSYDLYCy,Q106812031
i-R28UTns33JCA99kCLanPzS,Q105069788
i-R6esB2VMiCeF9f4oaXQg24,Q23761422
i-R7XPbPqdwJug3bA6LutgV3,Q11863727
i-R8cSAzux46z13Kz116RqYq,Q4354047
i-R8pmgSjrtL5RNu17k6YJJ8,Q100784884
i-R9GysjTqcGUJdiX7U42BXP,Q106323479
i-R9jTBuaffAFW9tqnohzFxo,Q104348769
i-RAMm5EB5hewafqayKtSYFU,Q105645260
i-RBMv4NKJqVbMmhQsYSdbLb,Q11855498
i-RBWCuLg8kwt5DsDhYULC5s,Q6067104
i-RE9ioS2PcNCNiD9EFU1fDJ,Q100781243
i-RHqygXe6TkBr9hHcesVUv4,Q105751918
i-RLs3KN5zMfehHXGTrj8v3o,Q106323640
i-RN2xBfcNHm4QFV3THjTHgy,Q105037590
i-RRrbfpAgX7PwDQKMpoJV2G,Q4104162
i-RSUNuRBeN9QEuyvaqF6vTD,Q105454333
i-RT3U6VrgfFvTbEBaT1WU4Q,Q106241049
i-RUbcSSRCcGyP1SMHNcHDBY,Q105701209
i-RUeFTJDk4Bcmi5Q2QfrMYL,Q104602803
i-RYRLCW2s7dknqNzUos9PeB,Q101332637
i-RZrdQe9EF8epc2oUiYctkq,Q5438635
i-Ra6DZsbiF1Qi4QsVYUsB4f,Q106773949
i-RazorKnY8QnsosmjEpa7Cx,Q85991585
i-Rby9gqrGcd7k1U8tGWeVco,Q101069594
i-RcSCmpxriPBQokni59zaX1,Q102182397
i-Re4PUqw3hSF2gYzFAbLco4,Q105454450
i-RhBRSkx9yQCaJTuJXtgxWb,Q11860782
i-Rj2c8ipnAPEZ4wgVvsAFh2,Q106817325
i-Rp2PztPk5dnCsvQTKH2P2F,Q5492646
i-RpVDw6iitmizfBXkZBCRJA,Q105454524
i-RpxSvxG4amN4EMcdgkbpKE,Q11862304
i-RqAPAC7S2CX7e35kDsECyi,Q106223951
i-RqnKaG4Hk193aoEnE7oY7w,Q104899495
i-RtZYJRUio7AUd7ime4k5jZ,Q105337225
i-RuWjhvcLonqckZ5vuFTfDf,Q105069783
i-Rvm4fcZPK4D2qhoK2MNv7C,Q104631391
i-RxDaXQCkTN5K77BYobYMRs,Q11860037
i-RyyZbpWVhzYMm59x53dQgk,Q11858519
i-S154YmFsimHxrDU4mVt7UQ,Q101583701
i-S1pw6piuuiCbir7ePXdqY4,Q5578552
i-S2JvqMtVriHzJCtaWZ97W7,Q4351768
i-S3BEuv7Bn8ayM26jYrr83J,Q105045044
i-S3GuL4uWXYcmpjmQUj9PCt,Q20736682
i-S4GmUj8rHy9f5UtwUyzeuT,Q108067058
i-S4N4b2keBxeCJJKy8Ryks3,Q30174332
i-S7HnBrDttPGxM4jsJ8CmK4,Q104550197
i-S8BUZ6vnbJpzzmYXeu7wqs,Q56403648
i-SBWbVTV2f7vdAPCNzHq9rq,Q5547802
i-SCDfHvQhfbb3ozrfTxB2Ni,Q105432334
i-SDx8XWaQ1pBA9gKiPinHpP,Q106241016
i-SGZvu2gmDdnsbFXvehPV56,Q106773933
i-SHv8JmjxjKq8nKf5WMXEG1,Q104235976
i-SJiwEStodzYuHjM8tq7Dmg,Q107323184
i-SKPZwEKXE7hX71KKJrTCDN,Q55395767
i-SQJ5Monvd2cwvwoh9Q8GtZ,Q11899560
i-SSc9zSnPAgfhX8h2yDhK5b,Q107918233
i-SSeEffZt43Kvtrd9Cx5n3r,Q553859
i-STAnaSXq3Wzd8jSfHgfAs6,Q105662930
i-SU2n35iQoWZU6ahNBi2tN9,Q104143750
i-SUa2EAYaUVdKXx1Hip3kos,Q17383702
i-SVUC6CZ6K8PYcHFwEQ5T2T,Q105337245
i-SWcAb2S58766GiVqcK2yWq,Q106239238
i-SXNWTjE9HN5oyuWqsYxf5Y,Q4413049
i-SZ16bZKoDB96Toq5hKxNqX,Q106367951
i-SaCnJmAftzcnG2e8XYGcL9,Q5802420
i-SbX61wokaS67ghtHrcjkgQ,Q11860812
i-SbofGedkQmSvXcY3kuYV13,Q105751943
i-SdgbXNAKksp7Y4D1ExsyJV,Q11885863
i-SfCwsq5Qek5Vh2jkQ6X17W,Q104550228
i-Sfn4EsStf31pPRaBmW4Hw5,Q100780792
i-Sgc98ZDEzcXD8Ee87B26PF,Q105946628
i-ShSqKxsKjsrqLxqcDTQ4vS,Q104551815
i-SiFian5B3vruST13ZFJvMQ,Q107918176
i-SkK4TRBZDox3b1jvm2qT2t,Q11860791
i-SoWgEmbVTmdPn2HvTMFCF,Q107968786
i-SofurPRw3EL6yyFJXakZd3,Q104007046
i-SqM5eM5mRQL5Ezs1SSYeE,Q1703242
i-SqQK7dWUc7zwppHradamvV,Q107797860
i-Sqa5GC1t2uBEPmCRzkYfks,Q107978474
i-SrGiafTSdSwpad4RB612Eg,Q106319466
i-SruNgxePrM2C8QjDrT3xNt,Q106323624
i-SvyiLaCvhwTTq33XMRDDFu,Q107018413
i-SyVV264UBZ1JB58yfmkdmz,Q61102653
i-SzVBBvxt1aGJ6jks8D2Q5W,Q18814960
i-SzqzswQ1RPMaaeiMYjG5Ca,Q104721229
i-SzsXtoTJnMbV9EcXuXLoAy,Q106967465
i-T1yiXmDGyDLcG1pnW8cW3f,Q100870519
i-T2NvVpCbguQDo4BsdWUvRd,Q63275089
i-T6iwtdGymhfhiK1c7VMUXe,Q105636268
i-T7obg2BNJjQHgCfqJQDHo3,Q11860814
i-TCQs5DXsZFoCfJSdbFZHQZ,Q4527625
i-TCwLfpuQKKUCxLk6FY1oaA,Q11866699
i-TDFeRLpapo8KPRobArnpEf,Q104721230
i-TDorJwip9wZw86wKUvrc6g,Q104995649
i-TGqE1UqnA73NvW2YYgmMf3,Q105454314
i-THAVuE4axrjJyKgs83WVGV,Q104721213
i-TPLLng6ovQtEFTALxn8PZa,Q3375788
i-TR13JsM23E7ipXqPtPdrJn,Q26244660
i-TRJUkgdtqj8YafcHWiunC8,Q105069780
i-TT9wVN7fF9yzm6SxBGQwCu,Q6190771
i-TTJ6BfyGcHTAc3wu7ASwci,Q5955329
i-TUXNt96MoMXQnU5GkAysCA,Q104383018
i-TYnYVTeZurrqCheXFbt4rb,Q107738924
i-TYyoxCt17RVmpDAFKWJW3u,Q1661801
i-TZBstz6GvAASyzwu3ZCkyU,Q105432186
i-TarLwptG7R8SF5pg2iR5pV,Q61103302
i-TenXkjdHcqi3QqXg8Aj7co,Q104150518
i-ThLyS2PmaP8M3K7ALK22pq,Q1785182
i-Tn9Nab3J9yB7jDsvGXvMxV,Q107918278
i-Tnx7FYE9hZfG2QfvLnTU8p,Q108082117
i-TpRRxpwrPivaPab2rTZrGQ,Q4350756
i-TqHLa2ybuznPCSfNH3SkF7,Q5930256
i-Tqp3j9qYioq4RaiA7DM5ac,Q5581962
i-Trxigum19383HjWaEM7WN1,Q106319470
i-Tsm7XwQqjWpXrCqx4saGXA,Q93261790
i-TtTfn6AZ2VRQkxNw2hsBsT,Q17383866
i-Tuzd3ffhjuy1CAvyKR6n28,Q17380063
i-TvLg6gRhrHwFWkKK9i4FYA,Q107400151
i-TvcxBipQbXEpB8ZmhBPP9x,Q101111233
i-TwPvj87UckWE35KtsCMaGf,Q104588856
i-TxHTtFi8LDbM7cE3BQoWbp,Q106323599
i-Tyx5Yj2Vx6u9mvdwtU9AKF,Q4355143
i-U5VP3ZVVSyQZXzf9UspkVr,Q105351041
i-U9xigf5EBj1snqzJ6rP55x,Q106967472
i-UBSoYX91VzS6A6UZDp8vNf,Q105432172
i-UCUeNRpau2VHAPSPtoTzs4,Q103505600
i-UEYzaBGkjvQa4ih72x4yeC,Q5563655
i-UExNr1vRKnTpzE5pqzv3ir,Q104845164
i-UGnMF187bsPNnrbM6fZK27,Q106224047
i-UMDgoutWEYApG28pbuoncb,Q105337286
i-URXcmK1gDqhAUAqzy1YSPi,Q4115633
i-USB6cv2Fm7N5MmQfNLSvT5,Q107750220
i-UTTBHu3P6dThF85VUX7WFy,Q85991372
i-UUyeSq5XfWnP8CiHSxbY85,Q107323185
i-UVK5tE8K7bZTUBx3RcNPr9,Q11876241
i-UWUL9KSiGnCtXiXG4xP4QR,Q106309485
i-Ua1DB2ZaQu82Pj2Kg6ibbJ,Q90544912
i-Ucum7yRc9FUd2VVaAbvHaa,Q105645318
i-UeCsY7Z8EWg5JUKatauFUi,Q105953037
i-UeTxv9rgAELGir3fWfG4jh,Q74020569
i-UgmPdquSGiPwy7BoLCfB14,Q4357096
i-Uj41pyUbRiSWZy1yUqFnWq,Q11850796
i-Uph3GH5rF8JZ5oRFmsKPyJ,Q5918829
i-UunQBxgJCJ91ySCNSRMCtw,Q106367950
i-Uyib3B44zp4jbpLeobRbVt,Q105751914
i-V24KRbvVLtC2BtTHC8wN7v,Q104235965
i-V2gvXzy4yVR37t4spVqk1w,Q104551857
i-V4C4SLqoHKpdVigS9jN6JV,Q107337678
i-V6a5sMYUGVR1EQbk7LuVBj,Q107994311
i-V6v31r5joHKS4WkUQfSh1v,Q104715289
i-V83jHaR3m6wSP1r1K3RJJ5,Q104172920
i-VA18phdeUhvnx26XSUNWwS,Q6203891
i-VCpCJj71NdM9emY6TEMzXG,Q106766171
i-VD9ZzJneAntKWjMSaVZzUN,Q6232470
i-VDpx7vFjSL3NsTqo3roC5x,Q3210023
i-VERhf75LTeyuyLzkXYFc3J,Q106323628
i-VFEu1HLKJix9SRhuJxAViZ,Q107069611
i-VHc9ZxmKrE7rcDAopm7C9X,Q5923756
i-VJd1sRkEvmJaYFDuVLDdQx,Q23039685
i-VKbGtZyZXWpUPkoMXnexMm,Q105636275
i-VL6tEmBdFX6K3RRRFJKTbB,Q107323180
i-VN2FCbotgRvTpDEDEy7Djt,Q101333226
i-VPZ98NQpXxvA33auBBTxBC,Q101333744
i-VPkGALknWhkvyLEqpQP32A,Q5941175
i-VRBKtqgHmrBZBsBfH5E1d7,Q104550354
i-VSjkKAAk1uTMFyXiJQ65Ef,Q84176620
i-VT8ViKQJT6VrXwypXJkshs,Q101503195
i-VTKTKJy5YhuQPiyvf9Mvh3,Q105432357
i-VUMq2T9TJQkqeXhFKWWYC2,Q11867560
i-VUPS4htBc7spKyCvDEph4z,Q5403873
i-VZBCP48WcB68XodCJB2hkH,Q17383994
i-VbQi5D8Ho9a1gwVtHWXrrt,Q5582751
i-VbijbarJj8Cbtn5pJgYV5x,Q104188766
i-Vc7wHXXgr84Kd9xt5RJJfQ,Q3364215
i-VdydETaWU2BpZVHpNTDKnE,Q106323608
i-VeJcY7HKzWYk4AsDj8GPyn,Q5813866
i-VethMAkStv2TxN6zR2A8eZ,Q105037599
i-VgXbiJ1DeKP1NgamtWyuHV,Q105708660
i-Vh1dqy2xKpjHzkQPmypXH2,Q105064081
i-VhermKHM28DnXffrtUcaPR,Q5893891
i-VhqCtxytxwuCQMhjHGTkar,Q6190209
i-VjoMm7nnMwaZ8DuJw2CtUT,Q5955385
i-VktczYTWMxgfGa6SKm38YK,Q108122296
i-VkuiHGgLJdSKNMjCERptXT,Q106319495
i-VnH4zjf69L3FmLnnG2A94f,Q101332184
i-VprBVce4soGLYgngLSjo1p,Q17381816
i-Vquuv2Q1nBy3xPM3DXsFHJ,Q17383568
i-VrYVhWgWmsDTenThaELYuL,Q61103177
i-VuFXik3an1WSAwvRAZq3C7,Q107918042
i-VuLqeb3wtSmZj2UyzG5TGX,Q99600914
i-VufcVdAFzHbWaez389tPVQ,Q105620544
i-VwHReWhJrcC7zhFiznhRg5,Q105751954
i-VwibmpSUHRf18jjByiX717,Q104007062
i-VyRQHiuU325bocyuNaMNwp,Q23755546
i-VzA3Y3NQhrZkNndvb42d9,Q26270041
i-VzdTpoMPYaepy5MGETH3Sz,Q103893884
i-Vzv6jbLwXadCgi56dVyMEE,Q11858192
i-W2pfNtUzJWuFavRakcdU7X,Q106967421
i-W6Nd2mXWGmeP1J6mr9WBfx,Q56403348
i-W6pUWxkMs3AK6Keb3vy9Bi,Q104588904
i-W8Db684k5G37wqhA7J42ay,Q11851311
i-W97admngEZmB9PfMzhcTXo,Q4235999
i-W9WfZerRzSkwj8v7EYcDVd,Q17384840
i-WCzaY3RxHpZPCCrEhQE6FZ,Q11852260
i-WDz4vEw2eWZxfr4fnr3ev8,Q110322261
i-WDzfUFdb8g6zrgyW2rE1KR,Q20253194
i-WEZivZLhRSkR9TTeHZq7E2,Q105620424
i-WEteKry32GJE2GnMiyXxih,Q11854976
i-WF8BWGJBsroMfDPtmAkEZt,Q62392285
i-WGFFutszVVq2r6eHmqYcyB,Q20736756
i-WGy8Gw4oVSFx1b6GQHaCUq,Q104145197
i-WHeNLun3hZkxgSCF9XBKKL,Q4355148
i-WKYZS9w7YwXk2iBPTNxqW8,Q105337216
i-WMa3i1Fida5Xz9rbdPwSCY,Q107400164
i-WSpBHvAdJZSHPeYBmp446w,Q97456190
i-WSyB6pTTNa91z1Kf4EmD6X,Q108067071
i-WTPJdE9dsMppVoEfCh64m2,Q107337650
i-WU1bZzJFp2hYGt3zanqwPH,Q104550447
i-WVKwwkZcuPEpz3Brz94buW,Q105086443
i-WVXdqsXffbuVYsgyHLau3U,Q17380332
i-WXLLFK1W2bbmPmonvvGKY8,Q9384808
i-WZrjaFeP6M4ENU12xLztDg,Q103505506
i-WaH1WaJMCBdN1Bjkr3fv3n,Q107054977
i-Wc94mfKvFCXNZujj6r2PaP,Q105956704
i-Wcky67Qf2rGc89qYWAKwSZ,Q105337240
i-WdzgZrDyFkeshj849nXyrU,Q107172253
i-WfUQPfBkC1vMdzuPBj75qe,Q106989489
i-WfaPXmrfKy2M88t7q4ZBr6,Q6079717
i-Wfy38pQM86JQxSkMjXDHU1,Q101038653
i-WgDPTcF2uez6JDVfYnxVob,Q4064426
i-WjNrP4V2Q7sQnyWHLYvkVn,Q20251351
i-Wjj5ppkYCuFJumysgbMA3b,Q105432176
i-WjuDQ8j1vsSw67QvPoaiQn,Q17383717
i-Wk2CGMXF9NZnSdq26M5ZN9,Q106773940
i-Wm7PMNz5UBwoc7LvenHUrr,Q11887818
i-Wmc4io5AhKpixJuNytdtVe,Q11881306
i-Wo1jXQwtCLaoqebdZA4xi6,Q22976890
i-WqCwSrRYdPbFEUgRi8a3PH,Q11858407
i-Wsd1nrWEpNDoxuvqvTmVJb,Q23989312
i-WtiFTQjstvy78fAdBcCLFT,Q104145194
i-WvyDUpkmCVdzKarM1fgrCN,Q60482959
i-WxkgwPxqMpjFtfmAZTrx6L,Q104381600
i-WyWDwtFVYiUTfBNGyKxSTL,Q105432343
i-Wz72rDtteZJjjXbMTzBAUr,Q356644
i-X1nJ4shXTnndLogA9D39Dh,Q105337256
i-X2qn6TAe9gTfibhdeaJgEc,Q4491023
i-X34Zne89V23zWXu6gQymw6,Q102436283
i-X34gja94d5HVzrAjCKC3Ve,Q104172926
i-X5W1rrN1xx2w7oSS9xukaA,Q106323476
i-X9BEgeY2cHDN4Ry1iBZd3W,Q104550322
i-X9eEjh4Va2BNBd1gCaYmjx,Q104348657
i-XAhPHpjCL41PGZ85XdBSmS,Q5772178
i-XBaXvYuZryRzUve3CsdBVd,Q106919251
i-XCD42yBHNtQaD6vrHPaNvi,Q17383802
i-XECbcSYaNcvb5x7iyCcZ7N,Q104815685
i-XFG5NboAzDmbDVSakg6Foh,Q107337690
i-XFSBcMLXvFzb27PDUYFm4d,Q106896046
i-XGPXP8D7JvJUuYaL7474G4,Q104995553
i-XGkmxbZJdVrXVST7BkBm6v,Q107172249
i-XKTuoFdsf9eemAkMBbdAd2,Q105620575
i-XMfzYUgiZP2sqpyvq3GsZR,Q101214405
i-XPsFtNapCWqxkfZ1X9V1o7,Q17382245
i-XSfL81tGKVdgNb1sbowcRU,Q106989504
i-XTNab9aPye5VciPF4orRsR,Q104920129
i-XTm7WfMb8Qz55wD74N5o4P,Q100701345
i-XVwe7aSZ67FF9bsR45srHv,Q11860393
i-XWhq9o5CBki3q9KV9bMo8M,Q105432260
i-XWr1NDzxxKPzbsdMfzX9ey,Q105663208
i-XXg2bmhEiXiYrETYEK6PnU,Q17383171
i-XY2Wg46nSUfV1fKXgzWdbZ,Q105701091
i-XZZYBmXAzVMnL5wScZ93RP,Q106490275
i-XdrX5sz6KhUNL37CYm7mKb,Q103893927
i-Xe1qZotGWfXG5fzCsN14YH,Q104007039
i-Xe6zkT3ZAe6cviWkF8esyH,Q6190960
i-Xf4P3uUdXEXzZV8Cv8qecp,Q5720020
i-XfE5nFNMTw34PVMQsqSvFb,Q100802472
i-Xh6wcQRwoXZhyJtJuX4okd,Q105432270
i-XhpQXjgjbWqp6yVdMAGi9S,Q105663020
i-XiSYQEjNzcBCDTizmuknEB,Q5783235
i-XiVVgVb5iaBAvUJZsKjy2J,Q106223967
i-Xj65dQxSdAb1LuPttC4ShV,Q106766188
i-Xji3XqSCAwVoU2h1aq8XxK,Q105756260
i-XkEFWENCgSbRNRHVF5Yyyb,Q20254281
i-XnKoEQBc4zdFKSgpu8qY14,Q11858491
i-XqM7pnUo7aV7Yxy3ZM6vyP,Q102172680
i-Xt4UNfzoEXAEeMRiq8woYr,Q101759185
i-XwfoiidAgTCtgCj7Rif9di,Q23040650
i-XwurehdUZDZDpgpsfFXQzw,Q105756262
i-XxHWSADutiFLgftWhSc25j,Q104631398
i-Xy6WTVyN3GTMYt6Friycp2,Q5413257
i-XypnSwDxdz4tfuaeSVg3Yy,Q104995671
i-Y2mbsnjJ1pEgjBPzSdDZn,Q20736700
i-Y2voexX2oJ7ccgMez4RrAE,Q104631461
i-Y6h5zrKenZWNZ9m3mhTxdv,Q17383338
i-YBDQhZHegxy7S5wNs9ya1e,Q106932799
i-YC9dT5MWGq8kuvyWVcgdax,Q107994310
i-YD9Lp1sCoNudYqyQbWotVS,Q104631415
i-YEt1xaoG7yy8dMtmmaDBsM,Q107918200
i-YJNjrPygwHeDZiSj5b39fG,Q24845401
i-YKh2D6esz3YFMqvWKxgbLV,Q105350970
i-YLK9ngJ3Hy7jbZ3cQDQ5eC,Q106323510
i-YMJd2SaD9XHRrshNNdMA7Y,Q17381871
i-YNSR4DwCvFByG8KLNWZfMu,Q92752286
i-YPUGzhWUpP3GBkQwRddPq3,Q104551775
i-YRUSTMTKkQzsZr3qcQikQb,Q5479157
i-YSBTPHzqKxPNqhdGFhMQLx,Q104550164
i-YTYRaFHeP9T1FCPA23wN1v,Q104383015
i-YUNWAdcZxwK6EPoTDU2LM9,Q98021802
i-YVQKzLah672iDR8XteMqnh,Q107054992
i-YWG2zoJCnSjSfHuEoabeBo,Q11853724
i-YYiFaxFNLAJM5W3icpS97q,Q108122282
i-YaBxVxSb356iXmkaP5o367,Q106342366
i-YaJc7TK6KSJr3uwv6p5AgR,Q2041075
i-YcDQHoEjWC4ZXi8YaWLrWD,Q107054987
i-ZnoS9yNyJZCCCXuCn8DK7,Q104845206
i-b3i8w9R8L3RFku1ZCrxgn,Q108067054
i-dSiPKWsKjPbZgZMJNpR3n,Q107918040
i-dUJ9Gu38LQ6ZmTrMYYQ6m,Q2011821
i-drdyfse5Wuqe9KFa6pgaB,Q4320594
i-drx3oHYwjhh9pfERSJ75V,Q16166765
i-fA2djVh863LMVCqsSn8im,Q11859493
i-fkH59Hy1xPdkBodmom78M,Q105337186
i-iS8LzzYMsoqMTRxq4iVRK,Q106240907
i-izFXuH12VisPQyZuARAE6,Q105751898
i-jgr1jkvdMBMBw64HgftTg,Q5719551
i-mDkXzDtc1sbficmtdJof2,Q104845228
i-mqFQ18ES1erLNMqHvDjc5,Q5608838
i-n6a7VyEhiNLSYpPQaXePD,Q105701075
i-raJP4KVhfRny4UGkxwDu4,Q107750271
i-rhHTJ52pXmZ9omCrcdBeB,Q105702526
i-rmZHPkqip2GdUg6wv32Cw,Q106879323
i-rtS2zvMx1CcSvtyFjApXZ,Q105337207
i-tGWEqay9jMPreNU8uYRU4,Q106323442
i-uJPhM5gzTCASn1ihrkLtX,Q12252252
i-uXjb9J171HfAGASs8vqS9,Q105752135
i-uaf9jg3i5ZVHXz8W9JcaM,Q85992740
i-um2SN8BNPktTMYG2CHe7B,Q104211818
i-vbgi84LNv1zVdZk7F59Mn,Q104550141
i-w54hMDMQynKjwXWGH2CGz,Q107968780
i-wPTdRzX77zcPiX3pjEpko,Q105951049
i-yGjMXojJJYe9shNXsrD3N,Q102666560
i-yz5WqRw8dv6YYSDpDNaKH,Q11873702
i-z1aA2KyhTnRjDaaHVeKnN,Q104551788
